rank,name,uid,changesets,map_changes,countries,nodes.create,nodes.modify,nodes.delete,ways.create,ways.modify,ways.delete,relations.create,relations.modify,relations.delete,poi.create,poi.modify,building.create,building.modify,highway.create,highway.modify,waterway.create,waterway.modify,amenity.create,amenity.modify,tags_create,tags_modify,hashtags
1,Narindra Fidintsoa,7041772,17,14312,Senegal,12161,619,101,1316,112,3,0,0,0,9,4,665,0,627,97,14,5,0,0,"{""building"": 665, ""highway"": 627, ""waterway"": 14, ""natural"": 10, ""intermittent"": 8, ""place"": 7, ""surface"": 7, ""ford"": 3, ""wetland"": 3, ""layer"": 3, ""tunnel"": 2, ""source"": 2, ""bridge"": 1}","{""highway"": 97, ""surface"": 35, ""source"": 19, ""landuse"": 9, ""intermittent"": 5, ""waterway"": 5, ""lanes"": 4, ""oneway"": 4, ""ford"": 2, ""place"": 1, ""crossing"": 1}","#hotosm-project-14163,#opfistula,#tostan"
2,Anisa IRM-ED,8072049,16,13489,Indonesia,8200,2425,900,1569,233,162,0,0,0,0,0,1567,220,2,12,0,1,0,0,"{""building"": 1567, ""highway"": 2}","{""building"": 220, ""building:roof"": 29, ""building:walls"": 29, ""building:structure"": 28, ""building:type"": 22, ""highway"": 12, ""source"": 12, ""building:use"": 9, ""building:levels"": 7, ""name"": 3, ""waterway"": 1}","#hotosm-project-13478,#padangcity,#GLAMMapping,#POI,#WMID"
3,UPegasus,3442717,11,13215,South Africa,6173,630,4743,952,40,677,0,0,0,18,23,942,7,25,55,0,0,0,0,"{""building"": 942, ""highway"": 25, ""layer"": 5, ""man_made"": 2, ""tower:type"": 1, ""barrier"": 1, ""lit"": 1, ""maxspeed:type"": 1, ""name"": 1, ""sidewalk"": 1, ""source"": 1, ""surface"": 1}","{""highway"": 55, ""name"": 27, ""source"": 26, ""surface"": 17, ""building"": 7, ""barrier"": 3, ""lit"": 2, ""maxspeed:type"": 2, ""alt_name"": 1, ""sidewalk"": 1, ""lanes"": 1}","#hotosm-project-12597,#DurbanFloods,#OpenMappingHub-ESA"
4,Qomar IRM-ED,9543905,8,12897,Indonesia,6571,4612,61,1576,68,9,0,0,0,0,0,1576,63,0,4,0,1,0,0,"{""building"": 1576}","{""building"": 63, ""highway"": 4, ""building:levels"": 2, ""building:roof"": 2, ""building:use"": 2, ""name"": 1, ""waterway"": 1}","#hotosm-project-13478,#padangcity,#GLAMMapping,#POI,#WMID"
5,Irfandi IRM-ED,17714747,21,11791,Indonesia,5982,4024,191,1308,270,16,0,0,0,0,1,1308,220,0,51,0,0,0,1,"{""building"": 1308}","{""building"": 220, ""highway"": 51, ""source"": 38, ""access:roof"": 4, ""building:levels"": 4, ""building:roof"": 4, ""building:structure"": 4, ""building:walls"": 4, ""name"": 3, ""surface"": 2, ""amenity"": 1, ""religion"": 1, ""service"": 1, ""bridge"": 1, ""layer"": 1, ""import"": 1}","#hotosm-project-13478,#padangcity,#GLAMMapping,#POI,#WMID"
6,Libor Bednarik,4355439,9,11330,Chad,6888,620,2134,1035,134,519,0,0,0,0,0,1029,125,5,9,0,0,0,0,"{""building"": 1029, ""highway"": 5, ""landuse"": 1}","{""building"": 125, ""highway"": 9, ""surface"": 7}","#hotosm-project-10468,#Silaregion,#Chad,#MSF,#MissingMaps"
7,ACTksantna,18334350,10,11056,Kenya,9298,0,0,1758,0,0,0,0,0,0,0,1733,0,0,0,0,0,0,0,"{""building"": 1733, ""natural"": 25, ""layer"": 2}",{},"#hotosm-project-12614,#Naxa,#RemoteMappingKenya,#YouthMappers,#dmd,#OSMNepal,#WBR,#NFL,#EPFL,#GESAN"
8,Rizki IRM-ED,17714670,8,10685,Indonesia,8318,303,7,2040,17,0,0,0,0,0,0,2022,6,18,11,0,0,0,0,"{""building"": 2022, ""highway"": 18}","{""highway"": 11, ""building"": 6, ""source"": 2, ""building:levels"": 1, ""building:roof"": 1, ""building:structure"": 1, ""building:use"": 1, ""building:walls"": 1, ""surface"": 1}","#hotosm-project-13478,#padangcity,#GLAMMapping,#POI,#WMID"
9,Elyana IRM-ED,10910633,6,10128,Indonesia,3451,4697,866,743,307,64,0,0,0,0,0,743,300,0,7,0,0,0,1,"{""building"": 743, ""source"": 4}","{""building"": 300, ""source"": 178, ""highway"": 7, ""amenity"": 1}","#hotosm-project-13478,#padangcity,#GLAMMapping,#POI,#WMID"
10,Haris IRM-ED,12027858,12,10046,Indonesia,5331,2805,600,950,296,64,0,0,0,0,1,944,282,6,14,0,0,0,0,"{""building"": 944, ""highway"": 6, ""source"": 3}","{""building"": 282, ""source"": 63, ""highway"": 14, ""railway"": 1, ""addr:housenumber"": 1, ""motorcar"": 1}","#hotosm-project-13478,#padangcity,#GLAMMapping,#POI,#WMID"
11,Awania Morish,9379491,10,9541,Uganda,6283,1893,38,1306,13,8,0,0,0,0,0,1296,3,10,10,0,0,0,0,"{""building"": 1296, ""source"": 644, ""highway"": 10}","{""highway"": 10, ""source"": 3, ""building"": 3, ""surface"": 2, ""noname"": 1}","#hotosm-project-14196,#mapuganda,#missingmaps,#staffvolunteering,#MapwithAI"
12,Irma IRM-ED,13065690,19,9461,Indonesia,7479,142,2,1831,7,0,0,0,0,0,2,1826,2,5,5,0,0,0,0,"{""building"": 1826, ""highway"": 5}","{""highway"": 5, ""building"": 2, ""railway"": 1, ""barrier"": 1, ""motor_vehicle"": 1}","#hotosm-project-13478,#padangcity,#GLAMMapping,#POI,#WMID"
13,Fauzan IRM-ED,8954099,12,9407,Indonesia,7519,96,13,1770,6,2,1,0,0,0,0,1761,1,8,4,0,0,0,1,"{""building"": 1761, ""highway"": 8, ""type"": 1}","{""highway"": 4, ""name"": 2, ""lanes"": 1, ""oneway"": 1, ""source"": 1, ""building"": 1, ""amenity"": 1, ""school:type_idn"": 1}","#hotosm-project-13478,#padangcity,#GLAMMapping,#POI,#WMID"
14,NANDJO,4655096,6,9249,Nigeria,7401,32,0,1815,0,0,1,0,0,0,0,1814,0,0,0,0,0,0,0,"{""building"": 1814, ""type"": 1}",{},"#hotosm-project-10147,#liga-zambia,#28for28,#missingmaps,#youthmappers,#lovemaps,#hotosm-project-9251,#MapGive,#PEPFAR,#Maxar,#MapGiveMaxarMapathon"
15,Rizky IRM-ED,9421521,6,8738,Indonesia,4203,3226,205,982,119,3,0,0,0,0,0,980,111,2,8,0,0,0,0,"{""building"": 980, ""highway"": 2}","{""building"": 111, ""building:levels"": 37, ""building:roof"": 34, ""building:structure"": 34, ""building:use"": 34, ""building:walls"": 34, ""source"": 18, ""highway"": 8, ""height"": 3, ""lanes"": 1}","#hotosm-project-13478,#padangcity,#GLAMMapping,#POI,#WMID"
16,Diana IRM-ED,8072061,16,7815,Indonesia,4691,1938,155,818,200,12,1,0,0,0,0,797,159,20,39,0,0,0,2,"{""building"": 797, ""highway"": 20, ""type"": 1}","{""building"": 159, ""highway"": 39, ""name"": 8, ""import"": 4, ""source"": 4, ""addr:full"": 3, ""oneway"": 2, ""surface"": 2, ""amenity"": 2, ""school:type_idn"": 2, ""access:roof"": 1, ""building:levels"": 1, ""building:roof"": 1, ""building:structure"": 1, ""building:walls"": 1, ""capacity"": 1, ""operator:type"": 1, ""motor_vehicle"": 1}","#hotosm-project-13478,#padangcity,#GLAMMapping,#POI,#WMID"
17,remimage,3626326,25,7655,"Nigeria,Uganda",3257,2644,997,440,255,62,0,0,0,0,0,437,250,0,2,0,0,0,0,"{""building"": 437, ""landuse"": 2, ""place"": 1}","{""building"": 250, ""source"": 194, ""landuse"": 2, ""highway"": 2, ""source:date"": 1, ""place"": 1}","#hotosm-project-11871,#Msf,#MissingMaps,#2021NigeriaNoma,#Goronyo,#Nigeria,#hotosm-project-7256,#IFRC,#UgandaRedCross,#ClimateAction"
18,Talitha IRM-ED,9421520,13,7309,Indonesia,2219,3007,1276,348,315,144,0,0,0,0,0,346,268,2,42,0,3,0,0,"{""building"": 346, ""highway"": 2}","{""building"": 268, ""source"": 253, ""highway"": 42, ""building:roof"": 10, ""building:structure"": 10, ""building:walls"": 10, ""building:levels"": 9, ""building:use"": 9, ""name"": 8, ""waterway"": 3, ""barrier"": 2, ""motor_vehicle"": 1, ""shop"": 1, ""natural"": 1, ""building:type"": 1}","#hotosm-project-13478,#padangcity,#GLAMMapping,#POI,#WMID"
19,Aglis IRM-ED,8072046,7,7193,Indonesia,1910,3379,1103,367,234,200,0,0,0,0,3,363,200,4,34,0,0,0,0,"{""building"": 363, ""highway"": 4, ""name"": 2, ""service"": 1, ""source"": 1}","{""building"": 200, ""source"": 97, ""highway"": 34, ""name"": 18, ""noexit"": 3, ""tracktype"": 3, ""motorcar"": 2, ""service"": 2, ""import"": 2, ""addr:housename"": 1, ""addr:housenumber"": 1, ""addr:street"": 1, ""motorcycle"": 1}","#hotosm-project-13478,#padangcity,#GLAMMapping,#POI,#WMID"
20,Binisha21,17827219,18,7149,Nepal,4664,354,935,1012,117,67,0,0,0,0,0,996,2,3,21,0,0,0,2,"{""building"": 996, ""natural"": 7, ""landuse"": 6, ""highway"": 3}","{""landuse"": 50, ""natural"": 42, ""highway"": 21, ""name"": 9, ""surface"": 4, ""water"": 4, ""name:ne"": 4, ""lanes"": 4, ""access"": 3, ""place"": 2, ""building"": 2, ""addr:hamlet"": 2, ""amenity"": 2, ""operator:type"": 2, ""width"": 1, ""addr:city"": 1, ""tracktype"": 1}","#hotosm-project-13390,#BIPAD,#YILAB,#BenighatRorangRuralMunicipality,#DigitalVolunteers"
21,DiahW IRM-ED,7561020,6,6735,Indonesia,2494,2908,590,429,278,36,0,0,0,0,0,424,254,1,20,4,2,0,0,"{""building"": 424, ""waterway"": 4, ""layer"": 2, ""highway"": 1}","{""building"": 254, ""source"": 104, ""highway"": 20, ""building:levels"": 6, ""building:roof"": 4, ""building:structure"": 4, ""building:use"": 4, ""building:walls"": 4, ""waterway"": 2, ""height"": 2, ""name"": 2, ""barrier"": 2, ""oneway"": 1}","#hotosm-project-13478,#padangcity,#GLAMMapping,#POI,#WMID"
22,maperezb,18294319,41,6403,Zambia,5730,0,0,672,1,0,0,0,0,0,0,672,1,0,0,0,0,0,0,"{""building"": 672}","{""building"": 1}","#hotosm-project-12314,#zambia-census,#acthot,#awsmapathon"
23,tonybendell,3620803,5,6131,Madagascar,2129,3380,56,509,44,13,0,0,0,0,0,481,11,26,33,0,0,0,0,"{""building"": 481, ""highway"": 26}","{""highway"": 33, ""building"": 11}","#hotosm-project-11603,#mappingmadagascar"
24,onesimusGGA,13063544,2,6109,"Nigeria,Indonesia",5069,4,0,1035,1,0,0,0,0,0,0,1034,0,1,1,0,0,0,0,"{""building"": 1034, ""highway"": 1}","{""highway"": 1}","#hotosm-project-13808,#osmzimbabwe,#africanwomeningis,#anambra,#gisday,#youthmappersfuta,#hotosm-project-13822,#gempacianjur,#disasterresponse,#POI,#cianjur"
25,Arie den Boon,11116458,18,6078,Democratic Republic of the Congo,1315,4102,279,296,30,56,0,0,0,0,0,284,14,12,13,0,0,0,0,"{""building"": 284, ""highway"": 12, ""source"": 7}","{""building"": 14, ""highway"": 13, ""source"": 1, ""surface"": 1, ""landuse"": 1}","#hotosm-project-12803,#2022DRC,#Kisangani,#msf,#missingmaps"
26,tmerc58,10275948,2,5845,Kenya,3091,1818,269,514,111,42,0,0,0,0,0,481,88,27,23,0,0,0,0,"{""building"": 481, ""highway"": 27, ""service"": 9, ""landuse"": 5, ""natural"": 2}","{""building"": 88, ""highway"": 23, ""AUTO_ID"": 3, ""maxspeed"": 3, ""name"": 3, ""ref"": 3, ""source"": 3, ""surface"": 1}","#hotosm-project-12614,#Naxa,#RemoteMappingKenya,#YouthMappers,#dmd,#OSMNepal,#WBR,#NFL,#EPFL,#GESAN"
27,TeBaMa,6519568,4,5357,"Mali,Nigeria",2650,1666,308,589,74,61,8,0,1,0,0,552,24,33,46,0,0,0,0,"{""building"": 552, ""highway"": 33, ""surface"": 24, ""type"": 8}","{""highway"": 46, ""surface"": 31, ""building"": 24, ""name"": 8, ""source"": 3, ""barrier"": 1}","#hotosm-project-11737,#hotosm-project-12361,#enswc,#waterandsanitation,#sdg"
28,Ghislainnduyiriuosbeni,11501121,12,5351,Democratic Republic of the Congo,5295,0,0,42,14,0,0,0,0,0,0,0,0,0,10,42,3,0,0,"{""waterway"": 42}","{""highway"": 10, ""ID"": 5, ""surface"": 3, ""waterway"": 3, ""alt_name"": 2, ""boat"": 2, ""name"": 2, ""natural"": 1}","#hotosm-project-14178,#HydroRDC"
29,Anastasiia Sakharova,18344742,31,5255,"Japan,Rwanda,Nepal,Nigeria,Indonesia,Kenya,South Africa,Brazil,Somalia",3731,679,181,575,58,31,0,0,0,2,0,310,9,257,38,3,4,0,0,"{""building"": 310, ""highway"": 257, ""natural"": 5, ""waterway"": 3, ""ford"": 2}","{""highway"": 38, ""building"": 9, ""surface"": 8, ""source"": 6, ""landuse"": 4, ""waterway"": 4, ""ref"": 1, ""previously"": 1, ""foot"": 1, ""incline"": 1, ""import"": 1, ""bridge"": 1, ""layer"": 1, ""natural"": 1}","#Kesenuma,#hotosm-project-10549,#CrisisMappersJAPAN,#FuruhashiLab,#DRONEBIRD,#YouthMappersAGU,#amazonpsas,#hotosm-project-13146,#MapRwanda,#OSMAfrica,#rwandayouthmappers,#hotosm-project-11827,#COLLABDev,#P3D,#AER,#CDO-remote-mapping,#hotosm-project-10667,#urlabari,#dmd,#missingmaps,#gesan,#mappingurlabari,#hotosm-project-13334,#Gummi,#Nigeria,#msf,#hotosm-project-13865,#PolioOutbreakResponse,#SLSI,#OpenMapping_AsiaPacific,#hotosm-project-12614,#Naxa,#RemoteMappingKenya,#YouthMappers,#OSMNepal,#WBR,#NFL,#EPFL,#GESAN,#hotosm-project-13822,#gempacianjur,#disasterresponse,#POI,#cianjur,#hotosm-project-12597,#DurbanFloods,#OpenMappingHub-ESA,#hotosm-project-13280-,#Floodrisk,#IDP,#GRMI2022,#hotosm-project-13516,#ProjetoCeara,#hotosm-project-13929,#UNMappers,#UNSOS,#Somalia"
30,Jemimah Mukisa,12575202,1,5228,Uganda,162,5014,6,35,10,1,0,0,0,0,188,31,6,4,22,0,0,0,56,"{""building"": 31, ""source"": 25, ""highway"": 4}","{""amenity"": 56, ""source"": 51, ""name"": 51, ""power"": 48, ""addr:city"": 45, ""addr:street"": 45, ""opening_hours"": 43, ""natural"": 31, ""female"": 29, ""network"": 29, ""male"": 28, ""level"": 27, ""highway"": 22, ""crossing"": 16, ""operator"": 10, ""railway"": 7, ""bus"": 7, ""public_transport"": 7, ""place"": 7, ""shop"": 6, ""ele"": 6, ""building"": 6, ""height"": 5, ""tower:construction"": 4, ""addr:district"": 4, ""phone"": 3, ""design"": 3, ""line_attachment"": 3, ""tower"": 3, ""access"": 3, ""admin_level"": 3, ""addr:country"": 3, ""addr:parish"": 3, ""addr:postcode"": 3, ""addr:village"": 3, ""certification"": 3, ""contact:phone"": 3, ""loading_dock"": 3, ""operational_status"": 3, ""start_date"": 3, ""wheelchair"": 3, ""colour"": 2, ""direction"": 2, ""lamp_type"": 2, ""light:colour"": 2, ""light:count"": 2, ""light:flash"": 2, ""light:lit"": 2, ""light:method"": 2, ""light:shape"": 2, ""light:tilt"": 2, ""light_source"": 2, ""material"": 2, ""support"": 2, ""product"": 2, ""craft"": 2, ""alt_name"": 2, ""man_made"": 1, ""tower:type"": 1, ""addr:county"": 1, ""addr:subcounty"": 1, ""source:date"": 1, ""description"": 1, ""email"": 1, ""addr:place"": 1, ""addr:suburb"": 1, ""fee"": 1, ""legal"": 1, ""operator:type"": 1, ""waste"": 1, ""label"": 1, ""office"": 1, ""religion"": 1, ""generator:source"": 1, ""tourism"": 1, ""is_in:country"": 1, ""lanes"": 1, ""lit"": 1, ""oneway"": 1, ""surface"": 1}","#hotosm-project-14174,#mapuganda,#missingmaps,#staffvolunteering,#MapwithAI"
31,snoguera1,18307869,61,5140,Zambia,4369,8,48,703,0,12,0,0,0,0,0,703,0,0,0,0,0,0,0,"{""building"": 703}",{},"#hotosm-project-12308,#zambia-census,#acthot,#awsmapathon"
32,Adrie Helpt,6599999,22,5066,Nigeria,3191,909,598,278,13,77,0,0,0,1,0,277,7,0,4,0,0,0,0,"{""building"": 277, ""source"": 2, ""GNS:dsg_code"": 1, ""GNS:dsg_string"": 1, ""GNS:id"": 1, ""fixme"": 1, ""is_in:country"": 1, ""name"": 1, ""place"": 1, ""landuse"": 1, ""source:date"": 1}","{""source"": 8, ""building"": 7, ""highway"": 4, ""surface"": 4, ""landuse"": 2, ""source:date"": 2, ""lanes"": 2, ""oneway"": 2, ""ref"": 2, ""GNS:dsg_code"": 1, ""GNS:dsg_string"": 1, ""GNS:id"": 1, ""fixme"": 1, ""is_in:country"": 1, ""name"": 1, ""place"": 1}","#hotosm-project-11871,#Msf,#MissingMaps,#2021NigeriaNoma,#Goronyo,#Nigeria"
33,TibestiMountains,16853644,46,4993,South Sudan,3815,621,161,380,6,10,0,0,0,0,0,380,6,0,0,0,0,0,0,"{""building"": 380}","{""building"": 6, ""layer"": 1}","#hotosm-project-13599,#REACH,#JurRiver,#adt"
34,anthaas,5438501,11,4860,"Democratic Republic of the Congo,Chad",992,2004,1298,203,210,153,0,0,0,0,0,203,202,0,4,0,0,0,0,"{""building"": 203}","{""building"": 202, ""highway"": 4, ""landuse"": 4, ""ID"": 2, ""place"": 1}","#hotosm-project-13752,#2022DRC,#Kambove,#msf,#missingmaps,#hotosm-project-10468,#Silaregion,#Chad,#MSF,#MissingMaps"
35,Safrano,6522497,19,4813,Botswana,2108,733,1704,158,11,99,0,0,0,0,0,158,11,0,0,0,0,0,0,"{""building"": 158}","{""building"": 11}","#hotosm-project-9960,#covid19,#COVBots"
36,CKORR,17630525,18,4195,Nigeria,748,2200,865,76,190,116,0,0,0,0,0,76,141,0,47,0,1,0,0,"{""building"": 76}","{""building"": 141, ""highway"": 47, ""surface"": 32, ""name"": 11, ""boat"": 1, ""motorboat"": 1, ""ship"": 1, ""waterway"": 1, ""natural"": 1}","#hotosm-project-12361,#enswc,#waterandsanitation,#sdg"
37,Tengku Almira IRM-ED,17716288,13,4136,Indonesia,2561,843,84,576,63,9,0,0,0,0,0,576,63,0,0,0,0,0,1,"{""building"": 576}","{""building"": 63, ""source"": 7, ""addr:full"": 1, ""amenity"": 1, ""name"": 1}","#hotosm-project-13478,#padangcity,#GLAMMapping,#POI,#WMID"
38,koos krijnders,58337,14,4085,Democratic Republic of the Congo,1589,1825,213,381,40,37,0,0,0,0,0,380,27,1,12,0,0,0,1,"{""building"": 380, ""source"": 58, ""Full_Plus_Code"": 11, ""highway"": 1}","{""building"": 27, ""highway"": 12, ""source"": 3, ""surface"": 2, ""layer"": 2, ""amenity"": 1, ""name"": 1, ""boundary"": 1, ""health_level"": 1, ""source:date"": 1}","#hotosm-project-12803,#2022DRC,#Kisangani,#msf,#missingmaps"
39,Dary Raihanah IRM-ED,15053262,8,3962,Indonesia,1600,1390,426,273,256,16,0,0,1,0,0,272,225,1,31,0,0,0,2,"{""building"": 272, ""highway"": 1}","{""building"": 225, ""source"": 178, ""highway"": 31, ""name"": 15, ""addr:street"": 14, ""addr:city"": 13, ""building:levels"": 6, ""building:roof"": 6, ""building:structure"": 6, ""building:use"": 6, ""building:walls"": 6, ""oneway"": 3, ""lanes"": 2, ""smoothness"": 2, ""surface"": 2, ""width"": 2, ""tourism"": 2, ""amenity"": 2, ""motor_vehicle"": 2, ""shop"": 1, ""internet_access"": 1, ""internet_access:fee"": 1, ""smoking"": 1, ""stars"": 1, ""wheelchair"": 1}","#hotosm-project-13478,#padangcity,#GLAMMapping,#POI,#WMID"
40,HandoLH,18388592,16,3961,United Republic of Tanzania,2509,826,76,497,46,7,0,0,0,0,0,497,38,0,8,0,0,0,0,"{""building"": 497, ""building:levels"": 1}","{""building"": 38, ""source"": 10, ""highway"": 8}","#hotosm-project-14132,#TanzaniaDevelopmentTrust,#Tanzania,#missingmaps"
41,Tantri IRM-ED,10910640,23,3930,Indonesia,1866,1331,169,410,154,0,0,0,0,0,0,410,150,0,1,0,0,0,0,"{""building"": 410}","{""building"": 150, ""source"": 62, ""landuse"": 3, ""building:levels"": 2, ""building:roof"": 2, ""building:structure"": 2, ""building:use"": 2, ""building:walls"": 2, ""name"": 2, ""highway"": 1}","#hotosm-project-13478,#padangcity,#GLAMMapping,#POI,#WMID"
42,Kicking Leaves,12405934,9,3657,Madagascar,2887,141,38,557,25,8,1,0,0,0,0,531,8,14,11,11,5,0,0,"{""building"": 531, ""highway"": 14, ""surface"": 11, ""waterway"": 11, ""construction"": 5, ""intermittent"": 3, ""seasonal"": 1, ""type"": 1}","{""highway"": 11, ""surface"": 10, ""building"": 8, ""smoothness"": 6, ""waterway"": 5, ""construction"": 2, ""ref"": 1}","#hotosm-project-11603,#mappingmadagascar"
43,Kraan46,11628862,13,3506,"Madagascar,Kenya",2353,339,245,535,19,15,0,0,0,0,0,534,9,1,9,0,0,0,1,"{""building"": 534, ""highway"": 1}","{""highway"": 9, ""building"": 9, ""surface"": 4, ""amenity"": 1, ""name"": 1, ""smoothness"": 1}","#hotosm-project-11603,#mappingmadagascar,#hotosm-project-13813"
44,Erwinvanw,4579915,8,3485,South Africa,1903,173,917,295,8,189,0,0,0,0,0,295,8,0,0,0,0,0,0,"{""building"": 295, ""layer"": 11}","{""building"": 8}","#hotosm-project-12597,#DurbanFloods,#OpenMappingHub-ESA"
45,mjgk,2933595,3,3434,Democratic Republic of the Congo,3398,22,1,6,6,1,0,0,0,0,0,0,0,2,1,1,5,0,0,"{""landuse"": 3, ""ID"": 2, ""highway"": 2, ""waterway"": 1, ""bridge"": 1, ""layer"": 1}","{""waterway"": 5, ""ID"": 1, ""highway"": 1}","#hotosm-project-14178,#HydroRDC"
46,fatoumata 1 sylla,10795973,4,3423,Guinea,2964,71,1,376,11,0,0,0,0,0,0,367,1,5,7,4,1,0,1,"{""building"": 367, ""highway"": 5, ""waterway"": 4}","{""highway"": 7, ""landuse"": 1, ""amenity"": 1, ""building"": 1, ""source"": 1, ""surface"": 1, ""waterway"": 1}","#hotosm-project-13855,#Guinea,#Map4Gn,#Map4Africa,#EnviroAfrica"
47,RAytoun,1414812,27,3222,Madagascar,1612,1090,91,319,100,9,1,0,0,0,4,294,31,24,64,0,3,0,0,"{""building"": 294, ""highway"": 24, ""surface"": 2, ""natural"": 2, ""name"": 1, ""intermittent"": 1, ""type"": 1}","{""highway"": 64, ""building"": 31, ""surface"": 18, ""name"": 9, ""ref"": 5, ""traffic_calming"": 4, ""smoothness"": 4, ""waterway"": 3, ""landuse"": 1, ""place"": 1}","#hotosm-project-11603,#mappingmadagascar"
48,Delbs,14024491,14,3206,Philippines,1411,1392,19,285,99,0,0,0,0,0,0,285,99,0,0,0,0,0,0,"{""building"": 285, ""layer"": 1}","{""building"": 99, ""addr:province"": 72, ""addr:city"": 15, ""addr:postcode"": 15}","#hotosm-project-11827,#COLLABDev,#P3D,#AER,#CDO-remote-mapping"
49,Morgan Quan,18392614,18,2991,South Africa,2172,371,26,388,32,2,0,0,0,0,0,387,25,1,6,0,0,0,0,"{""building"": 387, ""layer"": 9, ""highway"": 1}","{""building"": 25, ""highway"": 6, ""name"": 3, ""source"": 3, ""cables"": 1, ""circuits"": 1, ""frequency"": 1, ""power"": 1, ""voltage"": 1, ""wires"": 1, ""addr:city"": 1, ""addr:street"": 1, ""building:levels"": 1}","#hotosm-project-12597,#DurbanFloods,#OpenMappingHub-ESA"
50,spatrick14,18259368,121,2975,"El Salvador,Zambia",2438,0,0,535,2,0,0,0,0,0,0,535,2,0,0,0,0,0,0,"{""building"": 535, ""layer"": 1}","{""building"": 2}","#hotosm-project-14034,#OpenCitiesLAC,#acthot,#awsmapathon,#hotosm-project-12307,#zambia-census,#hotosm-project-14029"
51,majocimi,18356472,79,2790,Zambia,2035,149,135,439,0,32,0,0,0,0,0,439,0,0,0,0,0,0,0,"{""building"": 439}",{},"#hotosm-project-12308,#zambia-census,#acthot,#awsmapathon,#hotosm-project-12307,#hotosm-project-12314"
52,Nakayuza Hanita,18378242,15,2574,Uganda,1048,393,731,250,18,134,0,0,0,0,0,250,14,0,3,0,0,0,0,"{""building"": 250}","{""building"": 14, ""highway"": 3, ""surface"": 2, ""name"": 1, ""building:levels"": 1, ""landuse"": 1}","#hotosm-project-12998,#Osmug,#missingmaps,#CommunityMapping,#PMM"
53,Greystoke69100,13032226,12,2531,Zambia,1825,209,316,105,6,70,0,0,0,0,0,74,0,31,6,0,0,0,0,"{""building"": 74, ""highway"": 31, ""surface"": 31, ""oneway"": 1}","{""highway"": 6, ""surface"": 6}","#hotosm-project-13296,#zambia-census,#salesforce"
54,Lalit_IAAS,11589667,7,2507,Nepal,1343,542,524,55,26,17,0,0,0,2,1,37,6,16,18,1,1,0,0,"{""building"": 37, ""highway"": 16, ""ford"": 1, ""man_made"": 1, ""waterway"": 1, ""landuse"": 1}","{""highway"": 18, ""source"": 7, ""building"": 6, ""name"": 1, ""place"": 1, ""ford"": 1, ""waterway"": 1, ""admin_level"": 1, ""boundary"": 1, ""noname"": 1}","#hotosm-project-14074,#Kakani,#dmd,#mapbuds,#youthmappers,#digitalnepal,#osmnepal,#gesan,#missingmaps,#AgrimappersPaklihawa"
55,PraKH,11491881,24,2465,Nepal,596,612,1032,25,157,37,1,0,5,3,1,16,3,4,42,1,11,0,0,"{""building"": 16, ""highway"": 4, ""ford"": 3, ""landuse"": 3, ""natural"": 2, ""waterway"": 1, ""type"": 1}","{""natural"": 48, ""landuse"": 45, ""highway"": 42, ""waterway"": 11, ""source"": 10, ""ref"": 5, ""surface"": 3, ""water"": 3, ""building"": 3, ""ford"": 1, ""cables"": 1, ""power"": 1}","#hotosm-project-13390,#BIPAD,#YILAB,#BenighatRorangRuralMunicipality,#DigitalVolunteers"
56,Rapala57,10417950,6,2393,"Democratic Republic of the Congo,Zambia",1853,171,57,282,22,8,0,0,0,0,1,262,7,20,12,0,1,0,0,"{""building"": 262, ""source"": 28, ""highway"": 20}","{""highway"": 12, ""building"": 7, ""ford"": 1, ""source"": 1, ""surface"": 1, ""intermittent"": 1, ""name"": 1, ""seasonal"": 1, ""waterway"": 1}","#hotosm-project-12803,#2022DRC,#Kisangani,#msf,#missingmaps,#hotosm-project-10147,#liga-zambia"
57,Chase_1,17899603,13,2388,Democratic Republic of the Congo,1930,20,5,431,1,1,0,0,0,0,0,431,1,0,0,0,0,0,0,"{""building"": 431}","{""building"": 1}","#hotosm-project-12803,#2022DRC,#Kisangani,#msf,#missingmaps"
58,JFL-75,13317783,14,2370,United Republic of Tanzania,620,1302,235,108,54,51,0,0,0,0,0,108,46,0,8,0,0,0,0,"{""building"": 108, ""construction"": 7}","{""building"": 46, ""highway"": 8, ""source"": 7, ""construction"": 5}","#hotosm-project-12527,#TanzaniaDevelomentTrust"
59,youngmapper,13063701,2,2271,Rwanda,1786,113,1,370,1,0,0,0,0,0,0,370,1,0,0,0,0,0,0,"{""building"": 370}","{""building"": 1}","#hotosm-project-13146,#MapRwanda,#OSMAfrica,#rwandayouthmappers,#youthmappersfuta"
60,rrissiek,17889,6,2262,South Sudan,1370,383,273,160,7,69,0,0,0,2,17,142,0,13,5,0,1,0,0,"{""building"": 142, ""highway"": 13, ""barrier"": 6, ""surface"": 3, ""ford"": 1, ""access"": 1}","{""natural"": 17, ""highway"": 5, ""source"": 1, ""waterway"": 1, ""surface"": 1, ""landuse"": 1}","#hotosm-project-13599,#REACH,#JurRiver"
61,Marvin de Hont,6616734,5,2235,"Malawi,South Africa",1377,539,4,300,15,0,0,0,0,0,0,291,5,9,8,0,0,0,0,"{""building"": 291, ""highway"": 9}","{""highway"": 8, ""building"": 5, ""electrified"": 1, ""frequency"": 1, ""gauge"": 1, ""layer"": 1, ""name"": 1, ""railway"": 1, ""source"": 1, ""tunnel"": 1, ""usage"": 1, ""voltage"": 1, ""landuse"": 1}","#hotosm-project-12918,#worldvision,#cleanwater,#buildings,#path,#paths,#hotosm-project-12597,#DurbanFloods,#OpenMappingHub-ESA"
62,vichada,2246826,1,2217,Zambia,1309,531,273,52,38,14,0,0,0,0,0,15,15,7,9,30,14,0,0,"{""waterway"": 30, ""intermittent"": 24, ""building"": 15, ""highway"": 7, ""seasonal"": 1}","{""building"": 15, ""waterway"": 14, ""highway"": 9, ""intermittent"": 9, ""seasonal"": 2, ""surface"": 1}","#hotosm-project-11113,#liga-zambia"
63,Erika García,17622439,7,2178,"Brazil,Colombia",1460,96,225,337,4,56,0,0,0,0,0,337,0,0,4,0,0,0,0,"{""building"": 337}","{""highway"": 4, ""surface"": 3, ""lanes"": 2, ""source"": 2, ""width"": 2, ""smoothness"": 1, ""maxspeed"": 1, ""comment"": 1, ""ref"": 1}","#hotosm-project-13594,#Mapeamento,#Cidade-Guapimirim,#Brasil,#UmbraOsm,#OsmAnd,#hotosm-project-7926,#MigrationCrisisDarien,#OSMCol,#hotmicrogrants2019"
64,scmtrienekens,10056250,14,2150,Democratic Republic of the Congo,1563,123,74,361,13,16,0,0,0,0,0,360,7,1,6,0,0,0,0,"{""building"": 360, ""source"": 51, ""highway"": 1}","{""building"": 7, ""highway"": 6, ""source"": 2}","#hotosm-project-12803,#2022DRC,#Kisangani,#msf,#missingmaps"
65,Dante Schiavone-Delfino,14684381,31,1994,"Qatar,Nigeria,Libyan Arab Jamahiriya",1631,1,0,356,6,0,0,0,0,0,0,356,1,0,3,0,0,0,0,"{""building"": 356}","{""highway"": 3, ""addr:housenumber"": 1, ""addr:street"": 1, ""name:en"": 1, ""phone"": 1, ""shop"": 1, ""landuse"": 1, ""power"": 1, ""building"": 1}","#hotosm-project-13653,#Mapathon-FIFA-World-Cup-Qatar-2022,#OSMArabia,#hotosm-project-13280-,#Floodrisk,#IDP,#GRMI2022,#hotosm-project-10218,#OSMGeoWeek,#MapLibya,#LNSDI,#MapTripoli,#LNDTI,#missingmaps,#Vegetation,#LandUseLandCover,#Buildings,#Infrastructure,#StreetsRoads,#Water,#Soil,#Air"
66,D4MSF,18332251,7,1926,"Rwanda,South Sudan",1683,23,0,219,1,0,0,0,0,0,0,218,0,0,0,0,0,0,0,"{""building"": 218, ""name"": 1}",{},"#hotosm-project-13138,#MapRwanda,#OSMAfrica,#hotosm-project-13599,#REACH,#JurRiver"
67,Vivek Dumre,13116824,10,1911,"Guinea,Nepal",1317,263,28,264,34,4,1,0,0,0,0,261,31,0,1,0,1,0,0,"{""building"": 261, ""emergency"": 1, ""natural"": 1, ""type"": 1}","{""building"": 31, ""landuse"": 1, ""source"": 1, ""highway"": 1, ""waterway"": 1}","#hotosm-project-9864,#FreeLocalMappers,#Map4Gn,#Map4Africa,#YouthMappers,#watermarkdisasterresponse,#hotosm-project-13149,#KLL,#MapGive,#mappingtheunmapped,#mapforcause,#osmnepal"
68,THE_Chanye,15905762,17,1902,Libyan Arab Jamahiriya,1616,0,12,271,0,3,0,0,0,0,0,271,0,0,0,0,0,0,0,"{""building"": 271}",{},"#hotosm-project-10220,#OSMGeoWeek,#MapLibya,#LNSDI,#MapMurqub,#LNDTI,#missingmaps,#Vegetation,#LandUseLandCover,#Buildings,#Infrastructure,#StreetsRoads,#Water,#Soil,#Air"
69,clbaumgartner,15841292,5,1883,Nigeria,12,1725,96,0,33,17,0,0,0,0,0,0,17,0,16,0,0,0,0,{},"{""building"": 17, ""highway"": 16, ""surface"": 5, ""lanes"": 4, ""name"": 4, ""source"": 4, ""building:levels"": 2, ""ref"": 1, ""layer"": 1}","#hotosm-project-13280-,#Floodrisk,#IDP,#GRMI2022"
70,Jan Erba,15466773,1,1866,Uganda,1491,230,57,82,3,3,0,0,0,0,0,82,1,0,2,0,0,0,0,"{""building"": 82}","{""highway"": 2, ""building"": 1}","#hotosm-project-7256,#MissingMaps,#IFRC,#UgandaRedCross,#ClimateAction"
71,KingVik,7159298,6,1838,"Rwanda,Nigeria",1380,170,22,214,46,6,0,0,0,1,0,178,33,24,9,2,2,0,0,"{""building"": 178, ""source"": 133, ""highway"": 24, ""landuse"": 5, ""natural"": 5, ""waterway"": 2, ""ford"": 1}","{""building"": 33, ""highway"": 9, ""source"": 4, ""waterway"": 2, ""lanes"": 1, ""ref"": 1, ""surface"": 1, ""landuse"": 1, ""natural"": 1}","#hotosm-project-14187,#OSMRwanda,#KigaliUrbanWetland,#uniquemappersnetwork,#uniquemappersteam,#uniquemappersnetwork2023,#youthmappers,#hotosm-project-13280-,#Floodrisk,#IDP,#GRMI2022"
72,Frans S,1962399,11,1810,Madagascar,695,965,39,86,21,4,0,0,0,0,0,81,13,3,5,2,1,0,1,"{""building"": 81, ""highway"": 3, ""waterway"": 2}","{""building"": 13, ""highway"": 5, ""natural"": 1, ""water"": 1, ""waterway"": 1, ""amenity"": 1, ""name"": 1, ""surface"": 1}","#hotosm-project-11603,#mappingmadagascar"
73,pedr0faria,10482974,9,1801,Somalia,993,90,519,54,32,113,0,0,0,3,0,0,0,33,31,0,0,0,0,"{""highway"": 33, ""place"": 19, ""landuse"": 5, ""source"": 2, ""surface"": 2, ""tracktype"": 2, ""attribution"": 1, ""fixme"": 1}","{""highway"": 31, ""surface"": 21, ""source"": 2, ""tracktype"": 2, ""fixme"": 2, ""attribution"": 1, ""place"": 1}","#hotosm-project-13929,#UNMappers,#UNSOS,#Somalia"
74,rt23,18236061,5,1728,South Africa,1428,1,0,287,12,0,0,0,0,0,0,286,5,0,4,0,0,0,0,"{""building"": 286, ""leisure"": 1}","{""source"": 6, ""building"": 5, ""highway"": 4, ""name"": 4, ""admin_level"": 2, ""boundary"": 2, ""landuse"": 1}","#hotosm-project-12597,#DurbanFloods,#OpenMappingHub-ESA"
75,Ngitsisarafina,13529492,6,1699,Democratic Republic of the Congo,1652,6,0,35,6,0,0,0,0,0,0,0,0,8,5,27,1,0,0,"{""waterway"": 27, ""highway"": 8, ""id"": 4, ""bridge"": 4, ""layer"": 4, ""surface"": 2}","{""highway"": 5, ""id"": 3, ""surface"": 1, ""waterway"": 1}","#hotosm-project-14178,#HydroRDC"
76,ERLeon,18390501,14,1651,United Republic of Tanzania,1309,16,12,311,0,3,0,0,0,0,0,311,0,0,0,0,0,0,0,"{""building"": 311}",{},"#hotosm-project-14132,#TanzaniaDevelopmentTrust,#Tanzania,#missingmaps,#hotosm-project-14133"
77,edircksen,6601365,8,1632,United Republic of Tanzania,227,1262,58,16,60,8,1,0,0,0,0,14,48,1,11,0,0,0,0,"{""building"": 14, ""highway"": 1, ""type"": 1}","{""building"": 48, ""highway"": 11, ""source"": 9, ""source:date"": 3, ""surface"": 3}","#hotosm-project-14132,#TanzaniaDevelopmentTrust,#Tanzania,#missingmaps,#GISCorps"
78,Kiara Kimera,18316081,13,1626,"Lebanon,Kenya,Egypt",1393,35,49,133,4,12,0,0,0,0,0,104,3,1,1,0,0,2,0,"{""building"": 104, ""natural"": 24, ""amenity"": 2, ""leisure"": 1, ""landuse"": 1, ""highway"": 1, ""water"": 1}","{""building"": 3, ""highway"": 1}","#hotosm-project-14158,#MissingMaps_DRK,#redcross,#missingmaps,#hotosm-project-9401,#homestreethome,#hotosm-project-14186"
79,dusziv,1861065,5,1614,Madagascar,1298,20,0,293,3,0,0,0,0,0,0,292,3,1,0,0,0,0,0,"{""building"": 292, ""highway"": 1}","{""building"": 3}","#hotosm-project-11603,#mappingmadagascar"
80,Araumar,18113433,7,1607,Nigeria,1340,0,0,267,0,0,0,0,0,0,0,267,0,0,0,0,0,0,0,"{""building"": 267}",{},"#hotosm-project-13808,#osmzimbabwe,#africanwomeningis,#anambra,#gisday"
81,reisir,18166894,16,1595,"Democratic Republic of the Congo,Chad",1424,63,0,105,3,0,0,0,0,0,0,105,3,0,0,0,0,0,0,"{""building"": 105}","{""building"": 3}","#hotosm-project-13752,#2022DRC,#Kambove,#msf,#missingmaps,#hotosm-project-10468,#Silaregion,#Chad,#MSF,#MissingMaps"
82,ivyseal,17210145,22,1589,"Libyan Arab Jamahiriya,Nepal",1318,58,0,206,7,0,0,0,0,0,0,204,0,2,2,0,0,0,0,"{""building"": 204, ""layer"": 4, ""highway"": 2}","{""cables"": 2, ""power"": 2, ""source"": 2, ""voltage"": 2, ""highway"": 2, ""landuse"": 2, ""ref"": 1, ""name"": 1, ""name:ar"": 1, ""name:en"": 1}","#hotosm-project-10218,#OSMGeoWeek,#MapLibya,#LNSDI,#MapTripoli,#LNDTI,#missingmaps,#Vegetation,#LandUseLandCover,#Buildings,#Infrastructure,#StreetsRoads,#Water,#Soil,#Air,#hotosm-project-8942,#KLL,#covid_19,#mappingtheunmapped,#mapforcause,#osmnepal,#covid19-nepal"
83,Dibikshya Shrestha,16060450,8,1559,"Nepal,Vietnam,Bangladesh",1266,94,0,190,9,0,0,0,0,0,0,173,0,5,6,4,1,0,0,"{""building"": 173, ""natural"": 6, ""water"": 5, ""highway"": 5, ""waterway"": 4, ""source"": 4, ""bridge"": 2, ""layer"": 2, ""landuse"": 2}","{""highway"": 6, ""source"": 5, ""surface"": 3, ""waterway"": 1, ""natural"": 1, ""lanes"": 1}","#hotosm-project-14015,#MappingRuralNepal,#bijaynagar,#OSMNepal,#YouthMappers,#OMHAP,#missingmaps,#digitalnepal,#mapbuds,#gesan,#geoneer,#youthmappers,#hotosm-project-12426,#RedRiverUrbanPlanning,#OSMVN,#GESAN,#naxa,#KLL,#YILAB,#ThakuriMaps,#hotosm-project-12766"
84,Gaurav Parajuli,8316170,3,1458,Nepal,1282,19,1,148,7,0,1,0,0,0,0,117,1,8,2,0,1,0,0,"{""building"": 117, ""natural"": 22, ""highway"": 8, ""type"": 1}","{""natural"": 2, ""highway"": 2, ""name"": 2, ""ref"": 2, ""waterway"": 1, ""landuse"": 1, ""access_status"": 1, ""condition"": 1, ""lanes"": 1, ""project:url"": 1, ""source"": 1, ""start_chainage"": 1, ""surface"": 1, ""survey:year"": 1, ""surveyor:name"": 1, ""width"": 1, ""width:ROW"": 1, ""width:carriage"": 1, ""width:shoulder"": 1, ""building"": 1}","#hotosm-project-14015,#MappingRuralNepal,#bijaynagar,#OSMNepal,#YouthMappers,#OMHAP,#missingmaps,#digitalnepal,#mapbuds,#gaurav,#gesan,#hotosm-project-14172,#boostergrants2022,#osmnepal"
85,adenbj,15214713,7,1452,Democratic Republic of the Congo,763,113,338,165,4,68,1,0,0,0,0,165,0,0,2,0,0,0,0,"{""building"": 165, ""type"": 1}","{""highway"": 2, ""barrier"": 1, ""source"": 1}","#hotosm-project-12803,#2022DRC,#Kisangani,#msf,#missingmaps"
86,JON_M_K,17902948,14,1447,"South Africa,Nigeria",862,332,62,160,14,13,4,0,0,0,0,160,8,0,1,0,0,0,0,"{""building"": 160, ""layer"": 8, ""type"": 4}","{""building"": 8, ""highway"": 1, ""name"": 1, ""source"": 1, ""layer"": 1, ""leisure"": 1, ""sport"": 1}","#hotosm-project-12597,#DurbanFloods,#OpenMappingHub-ESA,#hotosm-project-12361,#enswc,#waterandsanitation,#sdg,#arm"
87,Kathryn Branham,15010341,5,1437,South Africa,763,343,195,95,8,33,0,0,0,0,0,95,8,0,0,0,0,0,0,"{""building"": 95}","{""building"": 8, ""layer"": 1}","#hotosm-project-12597,#DurbanFloods,#OpenMappingHub-ESA"
88,Ashim Paudel,16378761,7,1429,Bangladesh,1144,0,0,285,0,0,0,0,0,0,0,285,0,0,0,0,0,0,0,"{""building"": 285}",{},"#hotosm-project-12766,#GESAN,#YouthMappers,#KLL,#geoneer,#naxa,#OSMNepal,#hotosm-project-13991,#dmd,#mapbuds,#youthmappers,#digitalnepal,#osmnepal,#missingmaps"
89,Enisa Nurkovic,16240471,22,1398,"Bangladesh,India",1106,6,12,266,2,4,1,0,1,0,0,263,2,0,0,0,0,0,0,"{""building"": 263, ""natural"": 2, ""type"": 1}","{""building"": 2}",#hotosm-project-12768
90,ElaJK123,17780149,10,1334,South Africa,688,458,60,86,32,10,0,0,0,0,0,86,28,0,2,0,0,0,0,"{""building"": 86, ""layer"": 2}","{""building"": 28, ""highway"": 2, ""cables"": 1, ""circuits"": 1, ""frequency"": 1, ""power"": 1, ""voltage"": 1, ""landuse"": 1}","#hotosm-project-12597,#DurbanFloods,#OpenMappingHub-ESA"
91,KAWAMALA,8074402,1,1321,Indonesia,1058,20,0,242,1,0,0,0,0,0,0,242,0,0,1,0,0,0,0,"{""building"": 242}","{""highway"": 1}","#hotosm-project-13822,#gempacianjur,#disasterresponse,#POI,#cianjur"
92,Nitya Gandu,18399733,16,1316,Zambia,1047,16,8,240,3,2,0,0,0,0,0,240,0,0,3,0,0,0,0,"{""building"": 240}","{""highway"": 3}","#hotosm-project-12308,#zambia-census,#acthot,#awsmapathon"
93,Gwen Taylor,17998075,15,1295,El Salvador,1051,0,12,229,1,2,0,0,0,0,0,229,0,0,0,0,0,0,1,"{""building"": 229}","{""amenity"": 1, ""name"": 1}","#hotosm-project-14020,#OpenCitiesLAC,#awsmapathon"
94,giovanni celleri,18397595,17,1244,"Rwanda,Guinea",1009,3,21,202,4,5,0,0,0,0,0,196,1,0,3,0,0,2,0,"{""building"": 196, ""natural"": 6, ""amenity"": 2}","{""highway"": 3, ""building"": 1}","#hotosm-project-13146,#MapRwanda,#OSMAfrica,#rwandayouthmappers,#hotosm-project-10801,#UNDPGuinea,#Guinea,#Map4Gn,#Map4Africa,#FreeLocalMappers"
95,parabolaprince,10176953,5,1209,Zambia,323,100,569,80,1,136,0,0,0,0,0,80,0,0,1,0,0,0,0,"{""building"": 80}","{""highway"": 1}","#hotosm-project-10147,#liga-zambia"
96,BrandonSch,18399682,4,1207,Pakistan,945,134,0,97,31,0,0,0,0,0,0,23,1,50,26,10,1,0,0,"{""highway"": 50, ""building"": 23, ""landuse"": 14, ""waterway"": 10}","{""highway"": 26, ""landuse"": 3, ""bridge"": 1, ""layer"": 1, ""source"": 1, ""waterway"": 1, ""building"": 1}",#hotosm-project-13693
97,JohnW11,8285929,8,1202,Chad,485,534,17,40,122,4,0,0,0,0,0,40,118,0,4,0,0,0,0,"{""building"": 40}","{""building"": 118, ""highway"": 4}","#hotosm-project-10468,#Silaregion,#Chad,#MSF,#MissingMaps"
98,Cory I,13771324,14,1193,Qatar,918,115,6,149,4,1,0,0,0,0,0,149,4,0,0,0,0,0,0,"{""building"": 149}","{""building"": 4, ""source"": 3}","#hotosm-project-13653,#Mapathon-FIFA-World-Cup-Qatar-2022,#OSMArabia"
99,Qwajo OSM,4853701,8,1171,"Togo,Madagascar",361,455,249,66,34,6,0,0,0,1,0,63,23,2,8,0,2,0,0,"{""building"": 63, ""barrier"": 2, ""highway"": 2}","{""building"": 23, ""highway"": 8, ""name"": 2, ""waterway"": 2, ""lanes"": 1, ""ref"": 1, ""smoothness"": 1, ""smoothness:note"": 1, ""source"": 1, ""surface"": 1, ""landuse"": 1, ""name:fr"": 1}","#hotosm-project-11603,#mappingmadagascar,#hotosm-project-13840,#wnahub,#sustainableCitiesAndCommunities,#OSMTogo,#MiaTouTogo,#Map4Togo"
100,Giacomo Iuzzolino,9020056,22,1164,Zambia,416,452,168,89,0,39,0,0,0,0,0,89,0,0,0,0,0,0,0,"{""building"": 89}",{},"#hotosm-project-13296,#zambia-census,#salesforce,#salesforceIt"
101,haabee,6518397,6,1138,South Africa,722,250,17,94,52,3,0,0,0,0,0,94,52,0,0,0,0,0,0,"{""building"": 94, ""layer"": 1}","{""building"": 52}","#hotosm-project-12597,#DurbanFloods,#OpenMappingHub-ESA"
102,kiko1246,18398405,4,1135,Zambia,956,0,0,179,0,0,0,0,0,0,0,179,0,0,0,0,0,0,0,"{""building"": 179}",{},"#hotosm-project-12314,#zambia-census,#acthot,#awsmapathon"
103,sdfergot,18399691,13,1106,"South Africa,Kenya",814,5,88,171,8,20,0,0,0,0,0,165,1,6,4,0,0,0,0,"{""building"": 165, ""highway"": 6}","{""highway"": 4, ""cables"": 2, ""circuits"": 2, ""frequency"": 2, ""operator"": 2, ""power"": 2, ""voltage"": 2, ""name"": 2, ""place"": 1, ""residential"": 1, ""building"": 1}","#hotosm-project-12597,#DurbanFloods,#OpenMappingHub-ESA,#hotosm-project-12614,#Naxa,#RemoteMappingKenya,#YouthMappers,#dmd,#OSMNepal,#WBR,#NFL,#EPFL,#GESAN"
104,R@bina dhakal,17378030,67,1094,"Vietnam,Rwanda",882,0,0,212,0,0,0,0,0,0,0,212,0,0,0,0,0,0,0,"{""building"": 212}",{},"#hotosm-project-12426,#RedRiverUrbanPlanning,#OSMVN,#hotosm-project-13146,#MapRwanda,#OSMAfrica,#rwandayouthmappers"
105,JKerry,15222030,5,1079,Indonesia,551,368,18,134,5,3,0,0,0,0,0,134,5,0,0,0,0,0,0,"{""building"": 134}","{""building"": 5}","#hotosm-project-13865,#PolioOutbreakResponse,#SLSI,#OpenMapping_AsiaPacific,#Map1Million,#ExperianUKI,#ExperianUKIDO_FY23"
106,Govinda Yadav,13252552,8,1060,Nepal,828,30,4,191,6,1,0,0,0,0,1,185,1,0,1,0,1,0,0,"{""building"": 185, ""natural"": 5, ""water"": 5, ""intermittent"": 2, ""landuse"": 1, ""layer"": 1}","{""landuse"": 2, ""highway"": 1, ""waterway"": 1, ""natural"": 1, ""building"": 1}","#hotosm-project-12950,#MissingMaps,#Nepal,#NRCS,#redcross,#ENCORE"
107,edo_sala,18397591,7,1033,Rwanda,797,46,20,158,7,5,0,0,0,0,0,158,4,0,1,0,0,0,0,"{""building"": 158}","{""building"": 4, ""aeroway"": 1, ""area"": 1, ""iata"": 1, ""icao"": 1, ""name"": 1, ""surface"": 1, ""wikidata"": 1, ""wikipedia:en"": 1, ""highway"": 1, ""natural"": 1}","#hotosm-project-13146,#MapRwanda,#OSMAfrica,#rwandayouthmappers"
108,Cole Myers,9099678,4,1029,Madagascar,726,73,43,168,12,7,0,0,0,0,2,166,4,2,9,0,0,0,0,"{""building"": 166, ""highway"": 2, ""cutting"": 1, ""foot"": 1, ""incline"": 1, ""name"": 1, ""surface"": 1, ""width"": 1}","{""highway"": 9, ""name"": 7, ""surface"": 5, ""building"": 4, ""cutting"": 2, ""width"": 2, ""crossing"": 1, ""tactile_paving"": 1, ""power"": 1, ""start_date"": 1, ""covered"": 1, ""embankment"": 1, ""oneway"": 1, ""service"": 1, ""addr:city"": 1, ""addr:housenumber"": 1, ""addr:street"": 1, ""height"": 1, ""layer"": 1, ""roof:colour"": 1, ""wheelchair"": 1, ""foot"": 1, ""incline"": 1}","#hotosm-project-11603,#mappingmadagascar"
109,[DVHS] Joanne Cheong,15113451,21,1027,South Africa,393,448,86,71,8,21,0,0,0,0,0,71,8,0,0,0,0,0,0,"{""building"": 71}","{""building"": 8}","#hotosm-project-12597,#DurbanFloods,#OpenMappingHub-ESA"
110,Titus Mulenga,15693878,1,1006,Zambia,412,438,66,23,64,3,0,0,0,0,0,23,64,0,0,0,0,0,0,"{""building"": 23}","{""building"": 64}",#hotosm-project-13650
111,sam_fred,10777085,2,989,Indonesia,780,16,1,189,3,0,0,0,0,0,0,189,0,0,3,0,0,0,0,"{""building"": 189}","{""highway"": 3, ""surface"": 2}","#hotosm-project-13822,#gempacianjur,#disasterresponse,#POI,#cianjur,#youthmappersFUTA"
112,Indra Dewanto,17902439,1,986,South Africa,428,298,155,30,31,42,2,0,0,0,0,28,30,0,0,0,0,0,0,"{""building"": 28, ""type"": 2}","{""building"": 30}","#hotosm-project-12597,#DurbanFloods,#OpenMappingHub-ESA"
113,redosm01,1803111,14,978,Niger,733,113,10,119,0,3,0,0,0,0,0,119,0,0,0,0,0,0,0,"{""building"": 119}",{},"#hotosm-project-9440,#missingmaps,#redcross,#niger"
114,4nimo,18397596,8,978,Rwanda,759,19,24,170,0,6,0,0,0,0,0,170,0,0,0,0,0,0,0,"{""building"": 170}",{},"#hotosm-project-13146,#MapRwanda,#OSMAfrica,#rwandayouthmappers"
115,nassanga,16983715,3,975,Rwanda,697,124,2,146,6,0,0,0,0,0,0,146,5,0,1,0,0,0,0,"{""building"": 146}","{""building"": 5, ""highway"": 1, ""name"": 1, ""name:fr"": 1, ""surface"": 1}","#hotosm-project-13138,#MapRwanda,#OSMAfrica"
116,Akinfasoye,13770612,6,948,Libyan Arab Jamahiriya,802,12,0,132,0,0,2,0,0,0,0,130,0,0,0,0,0,0,0,"{""building"": 130, ""type"": 2}",{},"#hotosm-project-10238,#OSMGeoWeek,#MapLibya,#LNSDI,#MapTripoli,#LNDTI,#missingmaps,#Vegetation,#LandUseLandCover,#Buildings,#Infrastructure,#StreetsRoads,#Water,#Soil,#Air"
117,jpportier,6522342,3,932,Uganda,719,23,27,153,4,6,0,0,0,0,0,153,2,0,2,0,0,0,0,"{""building"": 153, ""layer"": 2}","{""highway"": 2, ""building"": 2}","#hotosm-project-12984,#Osmug,#missingmaps,#CommunityMapping,#PMM"
118,PlayzinhoAgro,10460642,17,915,Brazil,9,2,25,2,684,172,0,3,18,5,0,1,687,0,0,0,0,0,0,"{""shop"": 5, ""name"": 4, ""pmfsefin:idedif"": 2, ""beauty"": 1, ""leisure"": 1, ""building"": 1, ""building:levels"": 1, ""height"": 1}","{""building"": 687, ""building:levels"": 687, ""height"": 687, ""pmfsefin:idedif"": 684, ""type"": 3, ""addr:city"": 1, ""addr:housenumber"": 1, ""addr:postcode"": 1, ""addr:street"": 1, ""addr:suburb"": 1}","#hotosm-project-14204,#ImportPMFBuildings"
119,Brooke Reichard,17074778,10,910,Democratic Republic of the Congo,458,298,43,99,6,6,0,0,0,0,0,99,4,0,1,0,0,0,0,"{""building"": 99, ""layer"": 2}","{""building"": 4, ""highway"": 1, ""boundary"": 1, ""health_level"": 1, ""source"": 1, ""source:date"": 1}","#hotosm-project-12803,#2022DRC,#Kisangani,#msf,#missingmaps"
120,BRPS,18194384,4,898,Sudan,644,67,40,139,0,8,0,0,0,0,0,139,0,0,0,0,0,0,0,"{""building"": 139}",{},"#hotosm-project-11682,#Msf,#MissingMaps,#Kassala,#Sudan"
121,martinairmaps,3376734,11,883,Lesotho,822,13,0,48,0,0,0,0,0,0,0,48,0,0,0,0,0,0,0,"{""building"": 48}",{},"#hotosm-project-12667,#MapLesotho,#LocatedIsolatedHerders,#OSMAfrica"
122,dre domburg,17266105,1,866,Democratic Republic of the Congo,403,303,61,79,6,14,0,0,0,0,0,76,3,0,3,0,0,0,0,"{""building"": 76}","{""highway"": 3, ""building"": 3, ""surface"": 1}","#hotosm-project-12803,#2022DRC,#Kisangani,#msf,#missingmaps"
123,Bradenn2001,18396293,8,853,Egypt,723,0,0,105,25,0,0,0,0,0,0,105,1,0,22,0,0,0,0,"{""building"": 105, ""layer"": 1}","{""highway"": 22, ""name"": 10, ""name:ar"": 10, ""name:en"": 10, ""alt_name"": 2, ""alt_name:en"": 2, ""landuse"": 2, ""oneway"": 1, ""building"": 1}","#hotosm-project-14190,#missingmaps"
124,Ben Vanderford,17414246,8,848,United Republic of Tanzania,364,354,43,76,2,9,0,0,0,0,0,76,1,0,0,0,0,0,1,"{""building"": 76}","{""amenity"": 1, ""name"": 1, ""building"": 1, ""source"": 1}","#hotosm-project-14132,#TanzaniaDevelopmentTrust,#Tanzania,#missingmaps"
125,mmahmud,3217737,4,835,United Republic of Tanzania,297,298,95,59,66,20,0,0,0,0,0,59,66,0,0,0,0,0,0,"{""building"": 59, ""source"": 59}","{""building"": 66, ""source"": 65}","#hotosm-project-12527,#TanzaniaDevelomentTrust"
126,AmritaPerth,15403533,58,829,"Burkina Faso,Bangladesh,Guinea",529,174,1,123,2,0,0,0,0,0,10,123,1,0,1,0,0,0,0,"{""building"": 123}","{""natural"": 10, ""building"": 1, ""highway"": 1}","#hotosm-project-12753,#MapGaouaForDibloni,#hotosm-project-12825,#OSMBD,#Bangladesh,#BangladeshFloodResponse2022,#hotosm-project-10870,#UNDPGuinea,#Guinea,#Map4Gn,#Map4Africa,#FreeLocalMappers,#hotosm-project-10891"
127,Grannymeg,13361440,5,826,"Brazil,Sri Lanka",504,163,38,103,15,3,0,0,0,0,1,100,0,1,13,0,0,0,0,"{""building"": 100, ""landuse"": 2, ""highway"": 1}","{""highway"": 13, ""informal"": 6, ""access"": 3, ""oneway"": 3, ""alt_name"": 2, ""maxspeed"": 2, ""name"": 2, ""landuse"": 2, ""barrier"": 1, ""junction"": 1}","#hotosm-project-13053,#RJ,#Parque-Aquático-Aldeia-das-Águas,#hotosm-project-8680"
128,RyanVillarreal,18399701,9,808,"Japan,Pakistan,Greece",632,11,16,143,3,3,0,0,0,0,0,133,0,9,3,0,0,1,0,"{""building"": 133, ""highway"": 9, ""amenity"": 1}","{""highway"": 3}","#Ohtsuchi,#hotosm-project-10531,#CrisisMappersJAPAN,#FuruhashiLab,#DRONEBIRD,#YouthMappersAGU,#amazonpsas,#hotosm-project-13693,#hotosm-project-12980,#LOKI"
129,Average Armadillo,15045131,1,795,South Africa,18,747,13,1,15,1,0,0,0,0,0,1,15,0,0,0,0,0,0,"{""building"": 1}","{""building"": 15}","#hotosm-project-12597,#DurbanFloods,#OpenMappingHub-ESA"
130,MeerKat01,18396300,3,786,Egypt,644,0,0,135,7,0,0,0,0,0,0,135,0,0,5,0,0,0,0,"{""building"": 135, ""layer"": 3}","{""name"": 6, ""name:ar"": 6, ""name:en"": 6, ""highway"": 5, ""alt_name"": 3, ""alt_name:en"": 3, ""source"": 2, ""place"": 2, ""oneway"": 1}","#hotosm-project-14190,#missingmaps"
131,Astrantia,18061361,1,780,South Africa,125,617,7,15,16,0,0,0,0,0,0,15,16,0,0,0,0,0,0,"{""building"": 15}","{""building"": 16}","#hotosm-project-12597,#DurbanFloods,#OpenMappingHub-ESA"
132,EmmPha,9379761,20,777,El Salvador,644,0,0,133,0,0,0,0,0,0,0,133,0,0,0,0,0,0,0,"{""building"": 133}",{},"#hotosm-project-14077,#OpenCitiesLAC,#hoganlovells,#hoganlovellslouisville"
133,geowatti,18399101,10,761,Nigeria,394,216,48,78,13,12,0,0,0,0,0,78,13,0,0,0,0,0,0,"{""building"": 78}","{""building"": 13}","#hotosm-project-13280-,#Floodrisk,#IDP,#GRMI2022"
134,Tess2344,12157305,10,747,"Malawi,Zambia",495,160,6,64,21,1,0,0,0,0,0,15,1,49,20,0,0,0,0,"{""highway"": 49, ""surface"": 47, ""building"": 15}","{""highway"": 20, ""surface"": 20, ""ref"": 2, ""RA"": 1, ""building"": 1}","#hotosm-project-10147,#liga-zambia"
135,Johannes S Mungunda,16445279,2,728,Namibia,118,558,16,28,3,5,0,0,0,0,6,28,3,0,0,0,0,0,0,"{""building"": 28}","{""natural"": 6, ""building"": 3}","#hotosm-project-8031,#NUST"
136,Shrestha Shristi,13253207,2,728,South Africa,492,109,4,114,9,0,0,0,0,0,0,114,9,0,0,0,0,0,0,"{""building"": 114}","{""building"": 9}","#hotosm-project-12597,#DurbanFloods,#OpenMappingHub-ESA"
137,Marco Farasin,12820527,3,725,Rwanda,604,0,0,119,2,0,0,0,0,0,0,117,0,2,2,0,0,0,0,"{""building"": 117, ""highway"": 2}","{""highway"": 2}","#hotosm-project-13146,#MapRwanda,#OSMAfrica,#rwandayouthmappers"
138,Henk Kamphuis,12564859,6,718,Democratic Republic of the Congo,562,19,4,128,4,1,0,0,0,0,0,128,0,0,4,0,0,0,0,"{""building"": 128, ""abandoned"": 4}","{""highway"": 4}","#hotosm-project-12803,#2022DRC,#Kisangani,#msf,#missingmaps"
139,jkevincasey,7324638,16,696,Nigeria,481,63,61,69,20,2,0,0,0,1,0,9,0,60,17,0,1,0,0,"{""highway"": 60, ""building"": 9, ""ford"": 1}","{""highway"": 17, ""surface"": 7, ""maxspeed"": 3, ""landuse"": 2, ""intermittent"": 1, ""waterway"": 1}","#hotosm-project-13280-,#Floodrisk,#IDP,#GRMI2022,#amm,#missingmaps,#redcross,#cork"
140,EsthersGeo,6532561,3,692,Bangladesh,256,177,165,45,10,39,0,0,0,0,1,45,4,0,6,0,0,0,0,"{""building"": 45}","{""name"": 6, ""highway"": 6, ""building"": 4, ""ref"": 2, ""junction"": 1, ""name:bn"": 1, ""addr:city"": 1, ""shop"": 1, ""bicycle"": 1, ""foot"": 1, ""horse"": 1, ""lanes"": 1, ""motor_vehicle"": 1, ""surface"": 1}","#hotosm-project-12825,#OSMBD,#Bangladesh,#BangladeshFloodResponse2022"
141,samrat02,13255920,4,687,Nepal,3,684,0,0,0,0,0,0,0,3,0,0,0,0,0,0,0,0,0,"{""natural"": 3}",{},"#hotosm-project-11694,#osmnepal,#hot,#omh_ap,#booster_grant_nepal_2021,#manang"
142,Mouze,14156923,1,651,Togo,598,0,0,51,2,0,0,0,0,0,0,17,0,34,1,0,1,0,0,"{""source"": 44, ""highway"": 34, ""building"": 17}","{""highway"": 1, ""seasonal"": 1, ""source"": 1, ""waterway"": 1}","#hotosm-project-13840,#wnahub,#sustainableCitiesAndCommunities,#OSMTogo,#MiaTouTogo,#Map4Togo"
143,JamesD210,18399690,11,650,"Egypt,Arunachal Pradesh,Kenya",548,0,0,102,0,0,0,0,0,0,0,102,0,0,0,0,0,0,0,"{""building"": 102}",{},"#hotosm-project-14013,#missingmaps,#hotosm-project-13618,#jd210,#hotosm-project-14130,#OSMIndia,#OSMNorthEastIndia,#hotosm-project-12614,#Naxa,#RemoteMappingKenya,#YouthMappers,#dmd,#OSMNepal,#WBR,#NFL,#EPFL,#GESAN"
144,rubino99,18396294,3,639,Egypt,589,0,0,50,0,0,0,0,0,0,0,50,0,0,0,0,0,0,0,"{""building"": 50}",{},"#hotosm-project-14190,#missingmaps"
145,danielugliese,18397605,7,627,Rwanda,515,0,0,112,0,0,0,0,0,0,0,111,0,1,0,0,0,0,0,"{""building"": 111, ""highway"": 1}",{},"#hotosm-project-13146,#MapRwanda,#OSMAfrica,#rwandayouthmappers"
146,Oluwafemi_Adeyemo,11432684,1,620,Kenya,146,396,28,28,18,4,0,0,0,0,0,28,18,0,0,0,0,0,0,"{""building"": 28}","{""building"": 18, ""layer"": 1}","#hotosm-project-12614,#Naxa,#RemoteMappingKenya,#YouthMappers,#dmd,#OSMNepal,#WBR,#NFL,#EPFL,#GESAN,#youthmappersfuta"
147,keira700,17636430,6,620,Kenya,465,39,14,99,1,2,0,0,0,0,0,99,0,0,1,0,0,0,0,"{""building"": 99}","{""highway"": 1}","#hotosm-project-12614,#Naxa,#RemoteMappingKenya,#YouthMappers,#dmd,#OSMNepal,#WBR,#NFL,#EPFL,#GESAN"
148,Wan Mastura,17860271,2,613,Malaysia,232,78,199,53,9,42,0,0,0,0,0,53,8,0,0,0,0,0,0,"{""building"": 53}","{""building"": 8, ""landuse"": 1, ""religion"": 1}","#hotosm-project-13864,#uinspire,#uinspiremalaysia,#uinspireindonesia,#samukm,#SAfloodmapping,#grabmalaysia,#OSMMalaysia"
149,PeteBud2,18396318,4,613,Egypt,534,1,0,71,7,0,0,0,0,0,0,71,4,0,2,0,0,0,0,"{""building"": 71}","{""building"": 4, ""highway"": 2, ""name"": 2, ""name:ar"": 2, ""name:en"": 2, ""source"": 2, ""landuse"": 1}","#hotosm-project-14190,#missingmaps"
150,EmmaMaria,18397598,6,603,"Rwanda,Italy",472,0,4,118,8,1,0,0,0,0,0,117,4,0,3,0,0,0,0,"{""building"": 117, ""leisure"": 1}","{""building"": 4, ""highway"": 3, ""admin_level"": 1, ""boundary"": 1, ""source"": 1, ""surface"": 1}","#hotosm-project-13146,#MapRwanda,#OSMAfrica,#rwandayouthmappers"
151,BaileyMcFadden52,17412175,1,601,Somalia,552,0,0,43,6,0,0,0,0,3,0,0,0,43,5,0,0,0,0,"{""highway"": 43, ""place"": 3}","{""highway"": 5, ""surface"": 5, ""tracktype"": 2}","#hotosm-project-13929,#UNMappers,#UNSOS,#Somalia"
152,VinkonaHB,11332293,8,593,"Lebanon,Kenya",129,278,125,24,7,30,0,0,0,0,0,22,6,2,1,0,0,0,0,"{""building"": 22, ""highway"": 2}","{""building"": 6, ""highway"": 1}","#hotosm-project-14158,#MissingMaps_DRK,#redcross,#missingmaps,#hotosm-project-9401,#homestreethome"
153,ZachMay,18400015,5,592,"Democratic Republic of the Congo,Zambia",484,1,0,107,0,0,0,0,0,0,0,107,0,0,0,0,0,0,0,"{""building"": 107}",{},"#hotosm-project-12314,#zambia-census,#acthot,#awsmapathon"
154,Ramadan Suplja,18397601,10,575,"Rwanda,Italy",463,1,1,105,5,0,0,0,0,1,1,102,0,2,3,0,0,0,0,"{""building"": 102, ""highway"": 2, ""noexit"": 1, ""natural"": 1, ""water"": 1}","{""highway"": 3, ""noexit"": 1, ""admin_level"": 1, ""boundary"": 1, ""source"": 1, ""name"": 1, ""natural"": 1, ""water"": 1}","#hotosm-project-13146,#MapRwanda,#OSMAfrica,#rwandayouthmappers"
155,Fabiola Papa,18397602,5,574,Rwanda,420,46,8,97,2,1,0,0,0,0,0,97,2,0,0,0,0,0,0,"{""building"": 97}","{""building"": 2}","#hotosm-project-13146,#MapRwanda,#OSMAfrica,#rwandayouthmappers"
156,osmtogo_mapper1,17758689,6,570,Togo,348,116,16,79,11,0,0,0,0,0,0,79,10,0,1,0,0,0,0,"{""building"": 79}","{""building"": 10, ""highway"": 1, ""loc_ref"": 1, ""name"": 1, ""oneway"": 1, ""ref"": 1, ""smoothness"": 1, ""source"": 1, ""surface"": 1}","#hotosm-project-13702,#wnahub,#sustainableCitiesAndCommunities,#OSMTogo,#MiaTouTogo,#Map4Togo"
157,Kmanasco,18259377,25,565,El Salvador,465,2,0,97,1,0,0,0,0,0,0,97,0,0,1,0,0,0,0,"{""building"": 97}","{""highway"": 1}","#hotosm-project-14029,#OpenCitiesLAC,#acthot,#awsmapathon,#hotosm-project-14021"
158,hebolz,2249513,3,562,Democratic Republic of the Congo,5,430,109,1,1,16,0,0,0,0,0,1,0,0,1,0,0,0,0,"{""building"": 1}","{""ID"": 1, ""highway"": 1}","#hotosm-project-13752,#2022DRC,#Kambove,#msf,#missingmaps"
159,Mercy14846,9449463,2,559,Indonesia,458,13,0,88,0,0,0,0,0,0,0,88,0,0,0,0,0,0,0,"{""building"": 88}",{},"#hotosm-project-13822,#gempacianjur,#disasterresponse,#POI,#cianjur,#youthmappersfuta"
160,Cristian Salinas,18399684,14,555,"Burkina Faso,Indonesia,Pakistan,Libyan Arab Jamahiriya,Egypt",376,72,13,82,7,5,0,0,0,1,0,76,5,7,1,0,0,0,0,"{""building"": 76, ""highway"": 7}","{""building"": 5, ""source"": 1, ""landuse"": 1, ""highway"": 1}","#hotosm-project-12753,#MapGaouaForDibloni,#hotosm-project-13822,#gempacianjur,#disasterresponse,#POI,#cianjur,#hotosm-project-13693,#hotosm-project-11607,#OSMGeoWeek,#MapLibya,#LNSDI,#MapTripoli,#LNDTI,#missingmaps,#Vegetation,#LandUseLandCover,#Buildings,#Infrastructure,#StreetsRoads,#Water,#Soil,#Air,#hotosm-project-14189"
161,zoubinnaba,5113626,3,550,Togo,149,219,115,32,19,16,0,0,0,0,0,32,18,0,1,0,0,0,0,"{""building"": 32}","{""building"": 18, ""source"": 2, ""highway"": 1, ""surface"": 1}","#hotosm-project-13840,#wnahub,#sustainableCitiesAndCommunities,#OSMTogo,#MiaTouTogo,#Map4Togo"
162,Ritesh Manandhar,18399687,4,549,Zambia,373,63,20,88,0,5,0,0,0,0,0,88,0,0,0,0,0,0,0,"{""building"": 88}",{},"#hotosm-project-10118,#liga-zambia"
163,Kushal_me,18388148,7,545,United Republic of Tanzania,448,9,0,85,3,0,0,0,0,0,0,85,1,0,2,0,0,0,0,"{""building"": 85}","{""highway"": 2, ""source"": 1, ""building"": 1}","#hotosm-project-13988,#TanzaniaDevelopmentTrust,#Tanzania,#missingmaps"
164,MeganMaps,17800485,3,539,Nigeria,428,4,0,107,0,0,0,0,0,0,0,107,0,0,0,0,0,0,0,"{""building"": 107}",{},"#hotosm-project-13808,#osmzimbabwe,#africanwomeningis,#anambra,#gisday"
165,Chyndale_,16593826,3,534,Philippines,292,15,142,53,0,32,0,0,0,0,0,53,0,0,0,0,0,0,0,"{""building"": 53}",{},"#hotosm-project-11827,#COLLABDev,#P3D,#AER,#CDO-remote-mapping"
166,osmtogo_mapper3,17967251,6,532,Togo,370,31,45,78,0,8,0,0,0,0,17,78,0,0,0,0,0,0,0,"{""building"": 78}","{""source"": 18}","#hotosm-project-13702,#wnahub,#sustainableCitiesAndCommunities,#OSMTogo,#MiaTouTogo,#Map4Togo"
167,yohann-benmalek,9392211,2,525,Mauritania,341,2,95,61,2,24,0,0,0,0,0,52,2,0,0,0,0,0,0,"{""building"": 52, ""natural"": 9}","{""building"": 2}",#hotosm-project-10031
168,Zh9567,9940138,3,523,Malaysia,346,31,8,135,3,0,0,0,0,0,19,135,2,0,20,0,0,0,0,"{""building"": 135, ""addr:housenumber"": 16, ""addr:street"": 16}","{""highway"": 20, ""name"": 20, ""operator"": 19, ""public_transport"": 19, ""ref"": 19, ""route_ref:rapidkl"": 19, ""source"": 19, ""bus"": 18, ""shelter"": 7, ""building"": 2, ""name:zh"": 1, ""shop"": 1}","#hotosm-project-13864,#uinspire,#uinspiremalaysia,#uinspireindonesia,#samukm,#SAfloodmapping,#grabmalaysia,#OSMMalaysia"
169,flipsteen,12588056,2,505,"Nigeria,Chad",206,51,152,46,1,49,0,0,0,0,0,46,1,0,0,0,0,0,0,"{""building"": 46}","{""building"": 1}","#hotosm-project-13280-,#Floodrisk,#IDP,#GRMI2022,#hotosm-project-10468,#Silaregion,#Chad,#MSF,#MissingMaps"
170,Aarogya Pandey,11807790,3,500,Libyan Arab Jamahiriya,400,0,0,100,0,0,0,0,0,0,0,100,0,0,0,0,0,0,0,"{""building"": 100}",{},"#hotosm-project-10218,#OSMGeoWeek,#MapLibya,#LNSDI,#MapTripoli,#LNDTI,#missingmaps,#Vegetation,#LandUseLandCover,#Buildings,#Infrastructure,#StreetsRoads,#Water,#Soil,#Air"
171,annasarrazin,18396323,3,494,Egypt,436,0,0,54,4,0,0,0,0,0,0,54,0,0,3,0,0,0,0,"{""building"": 54}","{""highway"": 3, ""name"": 1, ""name:ar"": 1, ""name:en"": 1, ""source"": 1, ""landuse"": 1}","#hotosm-project-14190,#missingmaps"
172,samaass,18396298,1,474,Egypt,413,0,0,59,2,0,0,0,0,0,0,59,0,0,2,0,0,0,0,"{""building"": 59}","{""highway"": 2, ""name"": 2, ""name:ar"": 2, ""name:en"": 2, ""source"": 2}","#hotosm-project-14190,#missingmaps"
173,Norike12,6486402,1,474,Senegal,314,43,15,38,58,5,1,0,0,7,6,18,1,14,44,6,9,0,0,"{""building"": 18, ""highway"": 14, ""place"": 7, ""intermittent"": 6, ""waterway"": 6, ""layer"": 3, ""tunnel"": 3, ""type"": 1}","{""highway"": 44, ""name"": 9, ""waterway"": 9, ""place"": 6, ""intermittent"": 5, ""boat"": 4, ""surface"": 3, ""natural"": 1, ""building"": 1}","#hotosm-project-14165,#opfistula,#tostan"
174,Jnewberry,14112225,2,458,Libyan Arab Jamahiriya,393,2,5,55,3,0,0,0,0,0,0,54,0,1,3,0,0,0,0,"{""building"": 54, ""highway"": 1}","{""highway"": 3}","#hotosm-project-10218,#OSMGeoWeek,#MapLibya,#LNSDI,#MapTripoli,#LNDTI,#missingmaps,#Vegetation,#LandUseLandCover,#Buildings,#Infrastructure,#StreetsRoads,#Water,#Soil,#Air"
175,Adam Fitzgerald (Linklaters),14475890,4,451,Brazil,335,35,2,78,1,0,0,0,0,7,0,78,0,0,1,0,0,0,0,"{""building"": 78, ""natural"": 7}","{""highway"": 1, ""name"": 1}","#hotosm-project-12593,#UMBRAOSM,#BRASIL,#2022"
176,marco443,1886646,10,444,Mauritania,263,95,18,61,3,4,0,0,0,0,0,61,2,0,1,0,0,0,0,"{""building"": 61}","{""building"": 2, ""highway"": 1}","#hotosm-project-11972,#Projet"
177,NdPhun,18399703,3,434,"Pakistan,Zambia",355,1,1,71,6,0,0,0,0,0,0,58,2,13,4,0,0,0,0,"{""building"": 58, ""highway"": 13}","{""highway"": 4, ""building"": 2, ""source"": 1}","#hotosm-project-13693,#hotosm-project-12308,#zambia-census,#acthot,#awsmapathon"
178,Keren Wang'ombe,7216391,3,432,Kenya,92,278,21,17,15,9,0,0,0,0,0,16,9,1,5,0,0,0,0,"{""building"": 16, ""highway"": 1}","{""building"": 9, ""highway"": 5}",#hotosm-project-13532
179,Aadarsha Acharya,14575555,2,425,"Indonesia,Kenya",47,368,0,9,1,0,0,0,0,0,0,9,0,0,1,0,0,0,0,"{""building"": 9}","{""highway"": 1}","#hotosm-project-12708,#OKKitG20,#youthmappers,#gesan,#geoneer,#youthmapper,#hotosm-project-12614,#Naxa,#RemoteMappingKenya,#YouthMappers,#dmd,#OSMNepal,#WBR,#NFL,#EPFL,#GESAN"
180,KarenSanae,18394573,21,420,El Salvador,43,346,6,6,19,0,0,0,0,0,0,6,1,0,10,0,4,0,0,"{""building"": 6, ""name"": 3}","{""name"": 11, ""highway"": 10, ""source:name"": 5, ""waterway"": 4, ""alt_name"": 3, ""alt_name_1"": 3, ""int_ref"": 3, ""lanes"": 3, ""note"": 3, ""oneway"": 3, ""ref"": 3, ""surface"": 3, ""leisure"": 2, ""source"": 2, ""width"": 1, ""sport"": 1, ""boundary"": 1, ""landuse"": 1, ""intermittent"": 1, ""building"": 1}","#hotosm-project-14003,#OpenCitiesLAC,#accenture,#acnfy23"
181,sujin123,18397097,2,413,Lebanon,89,162,104,14,19,25,0,0,0,0,0,14,19,0,0,0,0,0,0,"{""building"": 14}","{""building"": 19}","#hotosm-project-14158,#MissingMaps_DRK,#redcross,#missingmaps"
182,Priya H,17216143,1,403,Pakistan,339,4,30,21,2,7,0,0,0,0,0,8,1,6,1,0,0,0,0,"{""building"": 8, ""natural"": 7, ""water"": 7, ""highway"": 6}","{""highway"": 1, ""building"": 1}",#hotosm-project-13693
183,RWDJM,18398979,66,394,Nigeria,308,5,4,65,11,1,0,0,0,0,0,65,8,0,3,0,0,0,0,"{""building"": 65}","{""building"": 8, ""fixme"": 3, ""highway"": 3, ""surface"": 3}","#hotosm-project-13280-,#Floodrisk,#IDP,#GRMI2022"
184,Ranek,156121,4,393,Guatemala,25,343,12,5,6,2,0,0,0,0,0,5,4,0,2,0,0,0,0,"{""building"": 5}","{""building"": 4, ""highway"": 2}","#hotosm-project-12074,#OpenCitiesLAC,#amm"
185,amyleah,18395846,5,385,United Republic of Tanzania,242,10,63,55,0,15,0,0,0,0,0,55,0,0,0,0,0,0,0,"{""building"": 55}",{},"#hotosm-project-13988,#TanzaniaDevelopmentTrust,#Tanzania,#missingmaps"
186,Arnold Nkwabong,15739934,6,385,Qatar,246,75,3,57,4,0,0,0,0,0,0,57,4,0,0,0,0,0,0,"{""building"": 57}","{""building"": 4}","#hotosm-project-13653,#Mapathon-FIFA-World-Cup-Qatar-2022,#OSMArabia,#Corrected,#lovemaps,#28for28,#OSM,#Added"
187,Annicka Rabida,18399213,4,380,South Sudan,339,0,19,21,0,1,0,0,0,0,0,21,0,0,0,0,0,0,0,"{""building"": 21}",{},"#hotosm-project-13599,#REACH,#JurRiver"
188,Dani e Gine,18397594,10,376,Rwanda,292,12,4,65,2,1,0,0,0,0,0,64,2,0,0,0,0,0,0,"{""building"": 64, ""natural"": 1, ""water"": 1}","{""building"": 2}","#hotosm-project-13146,#MapRwanda,#OSMAfrica,#rwandayouthmappers"
189,mioffffffffffffffffffffffffffffffffff,18397710,13,375,Rwanda,304,1,0,68,2,0,0,0,0,1,0,63,0,6,2,0,0,0,0,"{""building"": 63, ""highway"": 6, ""maxspeed"": 5, ""traffic_signals"": 1, ""lanes"": 1, ""building:levels"": 1}","{""highway"": 2, ""footway"": 1}","#hotosm-project-13146,#MapRwanda,#OSMAfrica,#rwandayouthmappers"
190,Jake Christian,18399676,20,375,Zambia,300,0,0,75,0,0,0,0,0,0,0,75,0,0,0,0,0,0,0,"{""building"": 75}",{},"#hotosm-project-12308,#zambia-census,#acthot,#awsmapathon"
191,Charlotte_DofEGold,10267647,14,372,Rwanda,276,54,0,40,2,0,0,0,0,0,0,35,0,5,2,0,0,0,0,"{""building"": 35, ""highway"": 5}","{""highway"": 2}","#hotosm-project-13146,#MapRwanda,#OSMAfrica,#rwandayouthmappers"
192,RBRTBMNGL,7579731,2,360,United Republic of Tanzania,194,78,32,43,4,9,0,0,0,0,0,43,4,0,0,0,0,0,0,"{""building"": 43}","{""building"": 4}","#hotosm-project-14132,#TanzaniaDevelopmentTrust,#Tanzania,#missingmaps"
193,Shebs,16106877,3,354,Zambia,286,0,0,68,0,0,0,0,0,0,0,68,0,0,0,0,0,0,0,"{""building"": 68}",{},"#hotosm-project-13374,#zambia-census,#amm,#adt"
194,jackschobinger,18399693,5,354,Zambia,286,0,0,68,0,0,0,0,0,0,0,68,0,0,0,0,0,0,0,"{""building"": 68}",{},"#hotosm-project-12308,#zambia-census,#acthot,#awsmapathon"
195,kaylaaburida,11908540,1,353,Egypt,330,0,0,22,1,0,0,0,0,0,0,22,0,0,1,0,0,0,0,"{""building"": 22}","{""highway"": 1, ""layer"": 1, ""name"": 1, ""name:ar"": 1, ""name:en"": 1, ""source"": 1}","#hotosm-project-14190,#missingmaps"
196,Srikanth Murukutla,18399695,7,351,India,288,0,0,63,0,0,0,0,0,0,0,63,0,0,0,0,0,0,0,"{""building"": 63, ""building:levels"": 1}",{},"#hotosm-project-12189,#SIDTM2022,#SIDTMVolunteers,#OSM,#OMHAP2022"
197,Gaia Fanetti,18397597,6,349,Rwanda,276,0,14,57,0,2,0,0,0,0,0,52,0,3,0,2,0,0,0,"{""building"": 52, ""highway"": 3, ""waterway"": 2}",{},"#hotosm-project-13146,#MapRwanda,#OSMAfrica,#rwandayouthmappers"
198,tabletennisfan,14335271,6,347,Zambia,278,0,0,69,0,0,0,0,0,0,0,69,0,0,0,0,0,0,0,"{""building"": 69}",{},"#hotosm-project-13374,#zambia-census,#amm,#adt"
199,JaphetMasunzu,11525751,1,343,Democratic Republic of the Congo,264,28,34,4,12,1,0,0,0,0,0,0,0,0,4,4,8,0,0,"{""waterway"": 4}","{""waterway"": 8, ""highway"": 4, ""ref"": 3, ""source:date"": 3, ""bridge"": 1, ""layer"": 1}","#hotosm-project-13806,#HydroRDC"
200,srawulwar,18399707,4,343,"Niger,South Africa",274,0,0,68,1,0,0,0,0,0,0,68,0,0,1,0,0,0,0,"{""building"": 68}","{""highway"": 1, ""surface"": 1}","#hotosm-project-13959,#Map4BJ,#BeninMappingTour,#hotosm-project-12597,#DurbanFloods,#OpenMappingHub-ESA"
201,Sudhasinghbhandari,10111738,6,341,Nepal,248,41,10,30,12,0,0,0,0,0,0,22,0,4,5,0,0,0,0,"{""building"": 22, ""highway"": 4, ""landuse"": 3, ""natural"": 1}","{""highway"": 5, ""natural"": 5, ""landuse"": 2}","#hotosm-project-13390,#BIPAD,#YILAB,#BenighatRorangRuralMunicipality,#DigitalVolunteers"
202,birdlymaps,16106861,4,339,Zambia,210,78,0,51,0,0,0,0,0,0,0,51,0,0,0,0,0,0,0,"{""building"": 51}",{},"#hotosm-project-13374,#zambia-census,#amm,#adt"
203,Marius Van Nieuwenhuyse,2989429,3,339,Zambia,324,0,0,12,3,0,0,0,0,0,0,0,0,12,3,0,0,0,0,"{""highway"": 12}","{""highway"": 3}","#hotosm-project-10147,#liga-zambia"
204,Bhargav Teja,18399689,54,328,"India,Qatar,Egypt,Libyan Arab Jamahiriya,Pakistan,Rwanda,Nepal,Philippines,Kenya",271,0,0,56,1,0,0,0,0,0,0,38,0,9,1,0,0,0,0,"{""building"": 38, ""highway"": 9, ""landuse"": 7, ""industrial"": 3, ""layer"": 3, ""natural"": 2, ""building:levels"": 2, ""roof:colour"": 1, ""note"": 1, ""water"": 1, ""service"": 1, ""leaf_cycle"": 1, ""leaf_type"": 1}","{""highway"": 1}","#hotosm-project-8969,#EducateGirls,#hotosm-project-12062,#kathmandu_university,#KU,#youthmappers,#ges,#mapbuds,#hotosm-project-13653,#Mapathon-FIFA-World-Cup-Qatar-2022,#OSMArabia,#hotosm-project-11558,#hotosm-project-13389,#missingmaps,#hotosm-project-14013,#hotosm-project-11607,#OSMGeoWeek,#MapLibya,#LNSDI,#MapTripoli,#LNDTI,#Vegetation,#LandUseLandCover,#Buildings,#Infrastructure,#StreetsRoads,#Water,#Soil,#Air,#hotosm-project-13693,#hotosm-project-14189,#hotosm-project-13146,#MapRwanda,#OSMAfrica,#rwandayouthmappers,#hotosm-project-7906,#tm-project,#MissingMaps,#Nepal,#NRCS,#redcross,#rodekruis,#hhnk20200212,#hotosm-project-10988,#mapbeks,#UNMAPPEDPH,#UNMAPPEDQuirino,#UNMAPPEDPH2021,#hotosm-project-9401,#homestreethome"
205,Samuel Frank,13718752,6,326,"India,Arunachal Pradesh",272,6,0,47,1,0,0,0,0,0,0,47,1,0,0,0,0,0,0,"{""building"": 47}","{""building"": 1}","#hotosm-project-14130,#OSMIndia,#OSMNorthEastIndia"
206,Lumi260804,18397599,6,325,Rwanda,266,0,0,54,5,0,0,0,0,0,0,51,4,2,1,0,0,0,1,"{""building"": 51, ""highway"": 2, ""natural"": 1}","{""building"": 4, ""name"": 4, ""amenity"": 1, ""office"": 1, ""highway"": 1}","#hotosm-project-13146,#MapRwanda,#OSMAfrica,#rwandayouthmappers"
207,Josiemeyer,18396308,3,320,Egypt,281,0,0,37,2,0,0,0,0,0,0,37,0,0,1,0,0,0,1,"{""building"": 37}","{""name"": 2, ""name:ar"": 2, ""amenity"": 1, ""healthcare"": 1, ""highway"": 1, ""name:en"": 1}","#hotosm-project-14190,#missingmaps"
208,LCecile,14819164,1,315,India,254,6,0,55,0,0,0,0,0,0,0,55,0,0,0,0,0,0,0,"{""building"": 55}",{},#hotosm-project-11558
209,Pauli Ž,14573162,1,313,Nigeria,251,0,20,36,1,5,0,0,0,0,0,36,1,0,0,0,0,0,0,"{""building"": 36}","{""building"": 1, ""layer"": 1}","#hotosm-project-13808,#osmzimbabwe,#africanwomeningis,#anambra,#gisday"
210,jiradtke,18396302,2,310,Egypt,288,0,0,22,0,0,0,0,0,0,0,22,0,0,0,0,0,0,0,"{""building"": 22}",{},"#hotosm-project-14190,#missingmaps"
211,Rebecca Shames,11097248,61,305,El Salvador,244,0,0,61,0,0,0,0,0,0,0,60,0,0,0,0,0,0,0,"{""building"": 60, ""area"": 1}",{},"#hotosm-project-14077,#OpenCitiesLAC,#hoganlovells"
212,adila@arup,18035403,1,303,Malaysia,133,94,31,25,18,2,0,0,0,0,1,24,0,1,15,0,0,0,1,"{""building"": 24, ""highway"": 1, ""surface"": 1}","{""highway"": 15, ""surface"": 11, ""name"": 6, ""service"": 5, ""lanes"": 3, ""oneway"": 3, ""name:ms"": 2, ""landuse"": 2, ""access"": 1, ""barrier"": 1, ""amenity"": 1, ""name:zh"": 1, ""name:zh-Hans"": 1, ""name:zh-Hant"": 1, ""place"": 1, ""residential"": 1, ""source"": 1, ""religion"": 1}","#hotosm-project-13864,#uinspire,#uinspiremalaysia,#uinspireindonesia,#samukm,#SAfloodmapping,#grabmalaysia,#OSMMalaysia"
213,the_ordinary_pelican,11801513,2,301,"Nepal,Zambia",286,0,0,12,3,0,0,0,0,3,0,2,0,4,3,0,0,0,0,"{""landuse"": 5, ""natural"": 4, ""highway"": 4, ""building"": 2, ""service"": 1, ""surface"": 1}","{""highway"": 3}","#hotosm-project-8942,#KLL,#covid_19,#mappingtheunmapped,#mapforcause,#osmnepal,#covid19-nepal,#hotosm-project-10147,#liga-zambia"
214,LukeEwan40,16387351,7,297,Zambia,241,0,0,56,0,0,0,0,0,0,0,56,0,0,0,0,0,0,0,"{""building"": 56}",{},"#hotosm-project-12308,#zambia-census,#acthot,#awsmapathon"
215,Horst Dolak,18389785,4,293,Nigeria,240,0,0,52,1,0,0,0,0,0,0,52,1,0,0,0,0,0,0,"{""building"": 52}","{""building"": 1}","#hotosm-project-13280-,#Floodrisk,#IDP,#GRMI2022,#unigis"
216,zeltzinpalacios,13426470,7,271,Indonesia,131,19,76,23,3,19,0,0,0,0,0,23,2,0,1,0,0,0,0,"{""building"": 23}","{""building"": 2, ""highway"": 1, ""import"": 1, ""source"": 1}","#hotosm-project-13822,#gempacianjur,#disasterresponse,#POI,#cianjur"
217,prismoide,18397608,4,270,Rwanda,230,0,0,35,5,0,0,0,0,3,0,21,0,0,3,0,0,0,0,"{""building"": 21, ""landuse"": 9, ""natural"": 8, ""water"": 1}","{""highway"": 3, ""leisure"": 1, ""intermittent"": 1, ""natural"": 1, ""water"": 1}","#hotosm-project-13146,#MapRwanda,#OSMAfrica,#rwandayouthmappers"
218,peculiar theater,11880034,3,268,Nigeria,175,42,7,39,4,1,0,0,0,0,0,39,3,0,0,0,0,0,0,"{""building"": 39}","{""source"": 4, ""building"": 3, ""landuse"": 1, ""source:date"": 1}","#hotosm-project-11871,#Msf,#MissingMaps,#2021NigeriaNoma,#Goronyo,#Nigeria"
219,tinaKort,18399722,5,263,"Zambia,Egypt,Pakistan,Qatar",213,0,0,48,2,0,0,0,0,0,0,41,0,7,2,0,0,0,0,"{""building"": 41, ""highway"": 7}","{""highway"": 2}","#hotosm-project-12308,#zambia-census,#acthot,#awsmapathon,#hotosm-project-14013,#missingmaps,#hotosm-project-13693,#hotosm-project-13653,#Mapathon-FIFA-World-Cup-Qatar-2022,#OSMArabia"
220,tonny_mwendwa76,17266950,5,248,Indonesia,103,73,37,23,3,9,0,0,0,0,0,23,3,0,0,0,0,0,0,"{""building"": 23}","{""building"": 3}","#hotosm-project-13822,#gempacianjur,#disasterresponse,#POI,#cianjur,#AGGES"
221,ilyessem,5164102,5,243,Algeria,210,11,4,14,4,0,0,0,0,0,1,10,1,0,1,0,0,0,1,"{""building"": 10, ""layer"": 6, ""barrier"": 4, ""usine"": 1}","{""amenity"": 1, ""landuse"": 1, ""name"": 1, ""name:ar"": 1, ""name:fr"": 1, ""highway"": 1, ""barrier"": 1, ""building"": 1}","#hotosm-project-14182,#OSMGeoWeek,#MapALGERIA,#ANSDI,#ANDTI,#missingmaps,#Vegetation,#LandUseLandCover,#Buildings,#Infrastructure,#StreetsRoads,#Water,#Soil,#Air,#hotosm-project-14104"
222,Chris Robinson 512,18398973,48,242,Nigeria,192,3,0,45,2,0,0,0,0,0,0,45,2,0,0,0,0,0,0,"{""building"": 45, ""layer"": 1}","{""building"": 2}","#hotosm-project-13280-,#Floodrisk,#IDP,#GRMI2022,#AMM"
223,dplantner,18396297,3,242,"Nigeria,Egypt",160,28,4,43,6,1,0,0,0,0,0,40,0,0,4,0,0,0,0,"{""building"": 40, ""area"": 3}","{""highway"": 4, ""landuse"": 2, ""name"": 1, ""name:ar"": 1, ""name:en"": 1}","#hotosm-project-13280-,#Floodrisk,#IDP,#GRMI2022,#hotosm-project-14190,#missingmaps"
224,BlueberryA,7971386,8,241,El Salvador,192,4,4,40,0,1,0,0,0,0,0,40,0,0,0,0,0,0,0,"{""building"": 40}",{},"#hotosm-project-14049,#OpenCitiesLAC,#aig"
225,OmarSiam,18399685,1,236,Zambia,49,99,65,4,3,16,0,0,0,0,0,4,3,0,0,0,0,0,0,"{""building"": 4}","{""building"": 3}","#hotosm-project-12308,#zambia-census,#acthot,#awsmapathon"
226,MANVANG,16445454,8,234,"Nepal,Namibia",98,2,89,24,1,20,0,0,0,0,1,24,0,0,0,0,0,0,0,"{""building"": 24}","{""natural"": 1, ""landuse"": 1}","#hotosm-project-8942,#KLL,#covid_19,#mappingtheunmapped,#mapforcause,#osmnepal,#covid19-nepal,#hotosm-project-11656,#NUST"
227,tx2ny,14432270,10,234,El Salvador,157,35,9,28,4,1,0,0,0,0,0,28,4,0,0,0,0,0,0,"{""building"": 28}","{""building"": 4}","#hotosm-project-13969,#OpenCitiesLAC,#jpmc"
228,smaptious,15166886,3,232,Zambia,28,122,62,7,5,8,0,0,0,0,0,7,3,0,2,0,0,0,0,"{""building"": 7}","{""building"": 3, ""highway"": 2, ""surface"": 2}","#hotosm-project-13374,#zambia-census,#amm,#adt"
229,fnuttens,2981184,3,231,Zambia,4,16,173,1,0,37,0,0,0,0,0,1,0,0,0,0,0,0,0,"{""building"": 1}",{},"#hotosm-project-10147,#liga-zambia"
230,osmtogo_mapper2,17967214,4,230,Togo,156,22,10,32,10,0,0,0,0,0,10,31,2,1,7,0,0,0,1,"{""building"": 31, ""highway"": 1}","{""source"": 16, ""highway"": 7, ""surface"": 2, ""building"": 2, ""amenity"": 1, ""bicycle"": 1, ""foot"": 1, ""segregated"": 1}","#hotosm-project-13702,#wnahub,#sustainableCitiesAndCommunities,#OSMTogo,#MiaTouTogo,#Map4Togo"
231,Jyd1353627,18396295,3,228,Egypt,175,5,1,29,18,0,0,0,0,0,4,29,1,0,12,0,0,0,0,"{""building"": 29, ""layer"": 13}","{""highway"": 12, ""name"": 8, ""name:ar"": 8, ""name:en"": 8, ""landuse"": 5, ""addr:country"": 4, ""addr:district"": 4, ""addr:district:en"": 4, ""addr:housenumber"": 4, ""addr:postcode"": 4, ""addr:province"": 4, ""addr:province:en"": 4, ""addr:subdistrict"": 4, ""addr:subdistrict:en"": 4, ""addr:street"": 3, ""addr:street:en"": 3, ""place"": 3, ""source"": 2, ""addr:place"": 1, ""addr:place:en"": 1, ""addr:neighbourhood"": 1, ""addr:neighbourhood:en"": 1, ""construction"": 1, ""building"": 1}","#hotosm-project-14190,#missingmaps"
232,Maximehunke,18333067,4,227,South Africa,190,0,0,36,1,0,0,0,0,0,0,36,0,0,0,0,0,0,0,"{""building"": 36}",{},"#hotosm-project-12597,#DurbanFloods,#OpenMappingHub-ESA"
233,Sekou Yaya Bah,7014296,1,226,Guinea,222,1,0,2,1,0,0,0,0,0,0,0,0,1,0,1,1,0,0,"{""highway"": 1, ""waterway"": 1}","{""waterway"": 1}","#hotosm-project-13855,#Guinea,#Map4Gn,#Map4Africa,#EnviroAfrica"
234,Ernst-jan Henkens,632851,4,211,Democratic Republic of the Congo,144,28,2,36,1,0,0,0,0,0,0,36,1,0,0,0,0,0,0,"{""building"": 36}","{""building"": 1}","#hotosm-project-13752,#2022DRC,#Kambove,#msf,#missingmaps"
235,Jepchumba,14471209,1,210,,69,106,14,11,5,5,0,0,0,0,0,5,2,0,3,0,0,0,0,"{""building"": 5}","{""highway"": 3, ""building"": 2, ""name"": 1, ""surface"": 1}",
236,Abijah Obama,18398809,1,206,Ghana,203,0,0,2,1,0,0,0,0,0,0,0,0,2,1,0,0,0,0,"{""highway"": 2}","{""highway"": 1, ""surface"": 1}","#hotosm-project-8840,#Leclara,#liei-larabanga,#OSMGhana,#sotmafrica"
237,jacobdnolan,18385406,2,204,Central African Republic,110,9,58,16,3,7,0,1,0,0,0,11,0,0,2,0,0,0,0,"{""building"": 11, ""natural"": 5}","{""natural"": 2, ""source"": 2, ""highway"": 2, ""maxspeed"": 1, ""name"": 1, ""surface"": 1, ""type"": 1}","#hotosm-project-12923,#hotosm-project-9664,#mapkiribati"
238,Alifa Tony Junior DJIBRINE,18004791,2,201,South Africa,22,167,4,5,3,0,0,0,0,0,0,3,3,0,0,0,0,0,0,"{""building"": 3, ""landuse"": 2}","{""building"": 3}","#hotosm-project-12597,#DurbanFloods,#OpenMappingHub-ESA"
239,CassieSchultz,18399312,1,200,South Sudan,190,0,0,10,0,0,0,0,0,0,0,10,0,0,0,0,0,0,0,"{""building"": 10}",{},"#hotosm-project-13599,#REACH,#JurRiver"
240,Kabutey,10324311,3,198,Rwanda,156,0,0,40,2,0,0,0,0,0,0,29,0,4,2,0,0,0,0,"{""building"": 29, ""landuse"": 7, ""highway"": 4}","{""highway"": 2}","#hotosm-project-13146,#MapRwanda,#OSMAfrica,#youthmappers,#lovemaps,#MapRwandppersa,#28for28,#youthmapperas,#lovem"
241,U9Q0,17979737,1,197,Kenya,163,0,0,34,0,0,0,0,0,0,0,34,0,0,0,0,0,0,0,"{""building"": 34}",{},"#hotosm-project-12614,#Naxa,#RemoteMappingKenya,#YouthMappers,#dmd,#OSMNepal,#WBR,#NFL,#EPFL,#GESAN"
242,JohanHoogland,6534559,3,191,"Zambia,Malawi",182,1,0,5,3,0,0,0,0,0,0,1,0,4,1,0,2,0,0,"{""highway"": 4, ""building"": 1}","{""name"": 2, ""waterway"": 2, ""highway"": 1, ""ref"": 1, ""surface"": 1, ""name:en"": 1, ""seasonal"": 1, ""intermittent"": 1}","#hotosm-project-10147,#liga-zambia"
243,EKOTAMIKE,2886200,2,189,Libyan Arab Jamahiriya,48,52,67,8,3,11,0,0,0,0,0,7,1,1,0,0,0,0,1,"{""building"": 7, ""highway"": 1}","{""name"": 1, ""name:ar"": 1, ""name:en"": 1, ""natural"": 1, ""amenity"": 1, ""building"": 1}","#hotosm-project-10218,#OSMGeoWeek,#MapLibya,#LNSDI,#MapTripoli,#LNDTI,#missingmaps,#Vegetation,#LandUseLandCover,#Buildings,#Infrastructure,#StreetsRoads,#Water,#Soil,#Air"
244,Daniel Specht,2393795,5,185,Nepal,52,23,79,8,7,16,0,0,0,1,0,7,0,0,3,0,4,0,0,"{""building"": 7, ""ford"": 1, ""man_made"": 1}","{""waterway"": 4, ""highway"": 3, ""name"": 2}","#hotosm-project-8942,#KLL,#covid_19,#mappingtheunmapped,#mapforcause,#osmnepal,#covid19-nepal"
245,leo_schwanger,18333068,3,184,South Africa,151,0,0,32,1,0,0,0,0,0,0,32,1,0,0,0,0,0,0,"{""building"": 32}","{""building"": 1}","#hotosm-project-12597,#DurbanFloods,#OpenMappingHub-ESA"
246,Admasawi,8792857,1,181,Guatemala,89,67,0,17,8,0,0,0,0,0,0,17,8,0,0,0,0,0,0,"{""building"": 17}","{""building"": 8}","#hotosm-project-12618,#OpenCitiesLAC,#amm,#adt"
247,wulinda5,18396301,1,181,Egypt,148,1,1,27,4,0,0,0,0,0,0,27,0,0,4,0,0,0,0,"{""building"": 27}","{""highway"": 4, ""source"": 1}","#hotosm-project-14190,#missingmaps"
248,Saheeb Chowdhury,18399680,5,178,"Bangladesh,Pakistan,El Salvador,Egypt",165,0,0,13,0,0,0,0,0,0,0,11,0,2,0,0,0,0,0,"{""building"": 11, ""highway"": 2}",{},"#hotosm-project-12823,#OSMBD,#Bangladesh,#BangladeshFloodResponse2022,#hotosm-project-13693,#hotosm-project-14040,#OpenCitiesLAC,#amm,#hotosm-project-14134,#missingmaps"
249,ODULANA OLUWATOYIN,10483398,2,176,Kenya,100,36,9,21,10,0,0,0,0,0,0,21,10,0,0,0,0,0,0,"{""building"": 21}","{""building"": 10}","#hotosm-project-12614,#Naxa,#RemoteMappingKenya,#YouthMappers,#dmd,#OSMNepal,#WBR,#NFL,#EPFL,#GESAN,#hotdqi2022,#YouthmappersUNILAG,#Buildings"
250,zingaro99,18397603,14,174,Rwanda,149,0,0,24,1,0,0,0,0,0,0,24,0,0,1,0,0,0,0,"{""building"": 24, ""layer"": 1}","{""bridge"": 1, ""highway"": 1, ""layer"": 1}","#hotosm-project-13146,#MapRwanda,#OSMAfrica,#rwandayouthmappers"
251,Smouser,12513117,16,171,El Salvador,137,0,0,33,1,0,0,0,0,0,0,33,1,0,0,0,0,0,0,"{""building"": 33}","{""building"": 1}","#hotosm-project-13796,#OpenCitiesLAC,#hoganlovells,#HoganLovellsLouisville"
252,Pening,17980387,1,170,Indonesia,130,5,4,30,0,1,0,0,0,0,0,30,0,0,0,0,0,0,0,"{""building"": 30}",{},"#hotosm-project-13865,#PolioOutbreakResponse,#SLSI,#OpenMapping_AsiaPacific"
253,GEOG281_Slick_Makayla,18395633,2,167,Kenya,141,0,0,26,0,0,0,0,0,3,0,22,0,3,0,0,0,4,0,"{""building"": 22, ""amenity"": 4, ""highway"": 3, ""natural"": 1}",{},"#hotosm-project-12614,#Naxa,#RemoteMappingKenya,#YouthMappers,#dmd,#OSMNepal,#WBR,#NFL,#EPFL,#GESAN"
254,polydactylcats,15554075,2,166,Kenya,42,88,26,7,0,3,0,0,0,0,0,7,0,0,0,0,0,0,0,"{""building"": 7}",{},"#hotosm-project-12614,#Naxa,#RemoteMappingKenya,#YouthMappers,#dmd,#OSMNepal,#WBR,#NFL,#EPFL,#GESAN"
255,esdanka,18399309,1,166,South Sudan,47,52,44,11,0,12,0,0,0,0,0,11,0,0,0,0,0,0,0,"{""building"": 11, ""layer"": 1}",{},"#hotosm-project-13599,#REACH,#JurRiver"
256,PriteshSurana,18399696,1,163,Egypt,133,0,0,30,0,0,0,0,0,0,0,30,0,0,0,0,0,0,0,"{""building"": 30}",{},"#hotosm-project-14190,#missingmaps"
257,sydneymeier,18399323,1,160,South Sudan,152,0,0,8,0,0,0,0,0,0,0,8,0,0,0,0,0,0,0,"{""building"": 8}",{},"#hotosm-project-13599,#REACH,#JurRiver"
258,CarlottaBardini,18394155,1,160,Rwanda,144,0,0,16,0,0,0,0,0,0,0,16,0,0,0,0,0,0,0,"{""building"": 16}",{},"#hotosm-project-13138,#MapRwanda,#OSMAfrica"
259,Oksana Nazhmetdinova,18399789,5,159,El Salvador,130,0,0,27,2,0,0,0,0,0,0,27,0,0,2,0,0,0,0,"{""building"": 27, ""layer"": 2}","{""highway"": 2}","#hotosm-project-14072,#OpenCitiesLAC,#salesforce"
260,tdardani,18399686,14,158,"Pakistan,Zambia,Nigeria,South Africa",125,1,0,31,1,0,0,0,0,0,0,30,0,1,0,0,1,0,0,"{""building"": 30, ""highway"": 1}","{""source"": 1, ""waterway"": 1}","#hotosm-project-13693,#hotosm-project-12314,#zambia-census,#acthot,#awsmapathon,#hotosm-project-12361,#enswc,#waterandsanitation,#sdg,#hotosm-project-12597,#DurbanFloods,#OpenMappingHub-ESA"
261,Aubreypsnc,18399327,1,157,South Sudan,147,0,0,10,0,0,0,0,0,0,0,10,0,0,0,0,0,0,0,"{""building"": 10}",{},"#hotosm-project-13599,#REACH,#JurRiver"
262,Heterodyne,9531596,2,156,Cameroon,106,24,0,26,0,0,0,0,0,0,0,26,0,0,0,0,0,0,0,"{""building"": 26}",{},"#hotosm-project-13706,#OSMAfrica,#OSM_237"
263,Lindsey Bonsu,17794763,2,150,Sri Lanka,28,92,8,8,12,2,0,0,0,0,0,5,10,3,1,0,1,0,0,"{""building"": 5, ""highway"": 3, ""bridge"": 2, ""layer"": 2, ""maxspeed"": 2}","{""building"": 10, ""highway"": 1, ""maxspeed"": 1, ""waterway"": 1}",#hotosm-project-8002
264,Aferdita Uku,18351062,24,148,"Brazil,Guatemala",96,0,22,24,2,4,0,0,0,0,0,24,2,0,0,0,0,0,0,"{""building"": 24}","{""building"": 2}","#hotosm-project-13155,#OpenCitiesLAC,#bloomberg,#hotosm-project-13594,#Mapeamento,#Cidade-Guapimirim,#Brasil,#UmbraOsm,#OsmAnd"
265,Human1each,15653003,4,145,El Salvador,46,39,37,11,3,9,0,0,0,0,0,11,1,0,2,0,0,0,0,"{""building"": 11}","{""highway"": 2, ""building"": 1}","#adt,#hotosm-project-13922,#OpenCitiesLAC,#amm"
266,cartogravy,12781321,4,145,El Salvador,30,94,5,6,9,1,0,0,0,0,0,6,8,0,1,0,0,0,0,"{""building"": 6}","{""building"": 8, ""highway"": 1, ""name"": 1, ""source"": 1, ""surface"": 1}","#adt,#hotosm-project-13922,#OpenCitiesLAC,#amm"
267,MehrzadTardast,18399311,1,145,South Sudan,137,0,0,8,0,0,0,0,0,0,0,8,0,0,0,0,0,0,0,"{""building"": 8}",{},"#hotosm-project-13599,#REACH,#JurRiver"
268,HChoi,17394854,2,141,Nigeria,126,0,0,15,0,0,0,0,0,0,0,15,0,0,0,0,0,0,0,"{""building"": 15}",{},"#hotosm-project-13808,#osmzimbabwe,#africanwomeningis,#anambra,#gisday"
269,Amy Salvioni,18397621,3,125,Rwanda,91,10,4,17,2,1,0,0,0,0,0,16,1,1,1,0,0,3,0,"{""building"": 16, ""name"": 8, ""amenity"": 3, ""religion"": 3, ""highway"": 1}","{""highway"": 1, ""building"": 1}","#hotosm-project-13146,#MapRwanda,#OSMAfrica,#rwandayouthmappers"
270,hwenzel,18399308,2,121,South Sudan,114,0,0,6,1,0,0,0,0,0,0,6,1,0,0,0,0,0,0,"{""building"": 6, ""layer"": 1}","{""building"": 1}","#hotosm-project-13599,#REACH,#JurRiver"
271,DSRathore,13915606,2,121,Libyan Arab Jamahiriya,46,36,25,5,5,4,0,0,0,0,0,5,5,0,0,0,0,0,0,"{""building"": 5}","{""building"": 5}","#hotosm-project-10218,#OSMGeoWeek,#MapLibya,#LNSDI,#MapTripoli,#LNDTI,#missingmaps,#Vegetation,#LandUseLandCover,#Buildings,#Infrastructure,#StreetsRoads,#Water,#Soil,#Air"
272,JAF22,18398984,8,115,Nigeria,78,19,0,18,0,0,0,0,0,0,0,18,0,0,0,0,0,0,0,"{""building"": 18}",{},"#hotosm-project-13280-,#Floodrisk,#IDP,#GRMI2022"
273,EvelinK,13759302,1,111,South Africa,88,0,6,16,0,1,0,0,0,0,0,16,0,0,0,0,0,0,0,"{""building"": 16}",{},"#hotosm-project-12597,#DurbanFloods,#OpenMappingHub-ESA"
274,Benedictgeofrey,13442281,1,110,United Republic of Tanzania,88,0,0,22,0,0,0,0,0,0,0,22,0,0,0,0,0,0,0,"{""building"": 22}",{},"#hotosm-project-13988,#TanzaniaDevelopmentTrust,#Tanzania,#missingmaps"
275,mayaalves,18396304,1,107,Egypt,86,2,0,19,0,0,0,0,0,0,0,19,0,0,0,0,0,0,0,"{""building"": 19}",{},"#hotosm-project-14190,#missingmaps"
276,julcai01,11864073,3,106,India,70,5,14,14,0,3,0,0,0,0,0,14,0,0,0,0,0,0,0,"{""building"": 14}",{},"#hotosm-project-8969,#EducateGirls,#mmteamarm"
277,carfog81,226189,2,103,"El Salvador,Nepal",62,20,0,15,5,0,1,0,0,0,0,16,1,0,1,0,0,0,0,"{""building"": 16, ""type"": 1}","{""highway"": 1, ""landuse"": 1, ""building"": 1}","#hotosm-project-14029,#OpenCitiesLAC,#acthot,#awsmapathon,#hotosm-project-8942,#KLL,#covid_19,#mappingtheunmapped,#mapforcause,#osmnepal,#covid19-nepal"
278,Nounouck,18004815,2,98,South Africa,76,2,0,19,1,0,0,0,0,0,0,19,0,0,1,0,0,0,0,"{""building"": 19}","{""highway"": 1, ""name"": 1, ""source"": 1}","#hotosm-project-12597,#DurbanFloods,#OpenMappingHub-ESA"
279,GEOG281_CunninghamKonnor,18396691,2,96,"Egypt,Nepal",80,0,0,14,2,0,0,0,0,0,0,9,0,5,1,0,0,0,1,"{""building"": 9, ""highway"": 5, ""name"": 3}","{""highway"": 1, ""addr:hamlet"": 1, ""amenity"": 1, ""name"": 1, ""operator:type"": 1}","#hotosm-project-13618,#missingmaps,#hotosm-project-10089,#BIPAD,#YILAB,#Ramechhap,#DigitalVolunteers"
280,ChandraSK,18349841,3,93,El Salvador,76,0,0,17,0,0,0,0,0,0,0,17,0,0,0,0,0,0,0,"{""building"": 17, ""name"": 1}",{},"#hotosm-project-14046,#OpenCitiesLAC,#bofa"
281,GEOG281_Lomax_Ava,18329106,1,89,Zambia,81,0,0,6,2,0,0,0,0,3,0,3,0,3,2,0,0,0,0,"{""building"": 3, ""highway"": 3, ""leisure"": 2, ""natural"": 2, ""area"": 2}","{""highway"": 2, ""surface"": 2, ""noname"": 1, ""noref"": 1}",#hotosm-project-13650
282,KaiPankrath,4067009,1,83,Zambia,80,0,0,1,2,0,0,0,0,1,0,0,0,1,1,0,1,0,0,"{""ford"": 1, ""highway"": 1}","{""name"": 1, ""name:en"": 1, ""seasonal"": 1, ""waterway"": 1, ""highway"": 1}","#hotosm-project-10147,#liga-zambia"
283,MushroomMan,16754559,3,83,"Zambia,El Salvador",21,51,4,5,1,1,0,0,0,0,0,5,1,0,0,0,0,0,0,"{""building"": 5}","{""building"": 1, ""layer"": 1}","#adt,#hotosm-project-13374,#zambia-census,#amm,#hotosm-project-13922,#OpenCitiesLAC"
284,Lochan Pant,14854690,3,81,South Africa,20,52,1,1,7,0,0,0,0,0,0,1,7,0,0,0,0,0,0,"{""building"": 1}","{""building"": 7}","#hotosm-project-12597,#DurbanFloods,#OpenMappingHub-ESA"
285,Antonia1234,18393174,3,79,Guinea,64,0,0,15,0,0,0,0,0,0,0,15,0,0,0,0,0,0,0,"{""building"": 15}",{},#hotosm-project-12197
286,Donitardon,11837581,1,78,Uganda,20,50,2,4,2,0,0,0,0,0,0,4,2,0,0,0,0,0,0,"{""building"": 4}","{""building"": 2}","#hotosm-project-14174,#mapuganda,#missingmaps,#staffvolunteering,#MapwithAI"
287,NithyaKorisapati,18399699,1,76,South Africa,48,18,0,9,1,0,0,0,0,0,0,9,0,0,1,0,0,0,0,"{""building"": 9}","{""highway"": 1, ""layer"": 1, ""surface"": 1}","#hotosm-project-12597,#DurbanFloods,#OpenMappingHub-ESA"
288,Anjelina Singh,14478218,1,75,Nigeria,69,0,0,6,0,0,0,0,0,0,0,6,0,0,0,0,0,0,0,"{""building"": 6}",{},"#hotosm-project-13808,#osmzimbabwe,#africanwomeningis,#anambra,#gisday"
289,Chisom Okwuchi,10971400,1,75,Malawi,26,10,26,6,1,6,0,0,0,0,0,6,1,0,0,0,0,0,0,"{""building"": 6}","{""building"": 1}","#hotosm-project-10147,#liga-zambia,#uniquemappersteam,#uniquemappersnetwork,#uniquemappersnetwork2023,#uniquemappersteam2023,#osmnigeria,#letgirlsmap"
290,jaggededge,6345222,3,72,South Sudan,7,61,0,0,4,0,0,0,0,0,0,0,4,0,0,0,0,0,0,{},"{""building"": 4}","#hotosm-project-13599,#REACH,#JurRiver,#adt"
291,JonahPortinari,15526177,1,71,South Africa,64,0,0,7,0,0,0,0,0,0,0,7,0,0,0,0,0,0,0,"{""building"": 7}",{},"#hotosm-project-12597,#DurbanFloods,#OpenMappingHub-ESA"
292,AnneYes,18388650,2,71,South Africa,57,0,0,14,0,0,0,0,0,0,0,14,0,0,0,0,0,0,0,"{""building"": 14}",{},"#hotosm-project-12597,#DurbanFloods,#OpenMappingHub-ESA"
293,Jessezf,18392237,1,65,Sri Lanka,54,0,0,11,0,0,0,0,0,0,0,11,0,0,0,0,0,0,0,"{""building"": 11}",{},#hotosm-project-8002
294,KaylaRK,18399318,2,65,South Sudan,48,4,2,9,1,1,0,0,0,0,0,9,1,0,0,0,0,0,0,"{""building"": 9}","{""building"": 1}","#hotosm-project-13599,#REACH,#JurRiver"
295,Klaraconk,18324592,1,63,Egypt,52,0,0,11,0,0,0,0,0,0,0,11,0,0,0,0,0,0,0,"{""building"": 11}",{},"#hotosm-project-13618,#missingmaps"
296,Dbetz,18396307,1,62,Egypt,51,0,0,9,2,0,0,0,0,0,0,9,0,0,1,0,0,0,0,"{""building"": 9}","{""highway"": 1, ""landuse"": 1}","#hotosm-project-14190,#missingmaps"
297,frozenrabi,10459757,4,62,Nepal,25,27,0,4,6,0,0,0,0,0,0,4,0,0,0,0,0,0,0,"{""building"": 4}","{""landuse"": 4, ""source:geometry"": 3, ""natural"": 2, ""water"": 1}","#hotosm-project-14015,#MappingRuralNepal,#bijaynagar,#OSMNepal,#YouthMappers,#OMHAP,#missingmaps,#digitalnepal,#mapbuds,#frozenrabi,#ges"
298,noecarabias,18326835,1,59,Rwanda,49,0,0,10,0,0,0,0,0,0,0,10,0,0,0,0,0,0,0,"{""building"": 10}",{},"#hotosm-project-13146,#MapRwanda,#OSMAfrica,#rwandayouthmappers"
299,Larry1234,8933181,2,58,Bangladesh,39,1,8,8,0,2,0,0,0,0,0,8,0,0,0,0,0,0,0,"{""building"": 8}",{},"#hotosm-project-12825,#OSMBD,#Bangladesh,#BangladeshFloodResponse2022"
300,coconuttree,18398406,1,49,Zambia,42,0,0,7,0,0,0,0,0,0,0,7,0,0,0,0,0,0,0,"{""building"": 7}",{},"#hotosm-project-12314,#zambia-census,#acthot,#awsmapathon"
301,DMcDowall,8815318,1,47,Libyan Arab Jamahiriya,40,0,0,7,0,0,0,0,0,0,0,7,0,0,0,0,0,0,0,"{""building"": 7}",{},"#hotosm-project-10238,#OSMGeoWeek,#MapLibya,#LNSDI,#MapTripoli,#LNDTI,#missingmaps,#Vegetation,#LandUseLandCover,#Buildings,#Infrastructure,#StreetsRoads,#Water,#Soil,#Air"
302,Palolo,385046,3,47,United Republic of Tanzania,28,14,0,5,0,0,0,0,0,0,0,5,0,0,0,0,0,0,0,"{""building"": 5}",{},"#hotosm-project-13988,#TanzaniaDevelopmentTrust,#Tanzania,#missingmaps"
303,Alexandria Wech,18399317,3,45,South Sudan,42,0,0,3,0,0,0,0,0,0,0,3,0,0,0,0,0,0,0,"{""building"": 3}",{},"#hotosm-project-13599,#REACH,#JurRiver"
304,catherine2423,18399324,1,45,South Sudan,38,1,0,6,0,0,0,0,0,0,0,6,0,0,0,0,0,0,0,"{""building"": 6}",{},"#hotosm-project-13599,#REACH,#JurRiver"
305,JB_2023,18333247,2,45,Zambia,31,0,8,4,0,2,0,0,0,0,0,4,0,0,0,0,0,0,0,"{""building"": 4}",{},"#hotosm-project-12308,#zambia-census,#acthot,#awsmapathon"
306,bistaSudeep,10039753,1,45,United Republic of Tanzania,36,0,0,9,0,0,0,0,0,0,0,9,0,0,0,0,0,0,0,"{""building"": 9}",{},
307,Aminu_Abdallah,18364832,3,44,"Sri Lanka,Mali",36,0,0,8,0,0,0,0,0,3,0,6,0,3,0,0,0,0,0,"{""building"": 6, ""crossing"": 3, ""highway"": 3}",{},"#hotosm-project-8002,#UGYM,#hotosm-project-10275,#YouthMappers,#roadsandbuildings,#mali"
308,Jadaamayae,18396313,1,43,Egypt,37,0,0,6,0,0,0,0,0,0,0,6,0,0,0,0,0,0,0,"{""building"": 6}",{},"#hotosm-project-14190,#missingmaps"
309,Brian Dowhan,18399969,1,42,Rwanda,34,0,0,8,0,0,0,0,0,0,0,8,0,0,0,0,0,0,0,"{""building"": 8}",{},"#hotosm-project-13146,#MapRwanda,#OSMAfrica,#rwandayouthmappers"
310,abbygenal,18399305,1,40,South Sudan,38,0,0,2,0,0,0,0,0,0,0,2,0,0,0,0,0,0,0,"{""building"": 2}",{},"#hotosm-project-13599,#REACH,#JurRiver"
311,Lucy Arendt,18399322,1,40,South Sudan,38,0,0,2,0,0,0,0,0,0,0,2,0,0,0,0,0,0,0,"{""building"": 2}",{},"#hotosm-project-13599,#REACH,#JurRiver"
312,AKOUETE,4274094,4,39,El Salvador,12,24,0,3,0,0,0,0,0,0,0,3,0,0,0,0,0,0,0,"{""building"": 3}",{},"#hotosm-project-13698,#OpenCitiesLAC"
313,OWUSU SAMUEL KOFI,18398981,1,36,Ghana,19,4,6,5,1,1,0,0,0,0,0,5,1,0,0,0,0,0,0,"{""building"": 5}","{""building"": 1}","#hotosm-project-8840,#Leclara,#liei-larabanga,#OSMGhana,#sotmafrica"
314,annabell2022,17157609,3,36,El Salvador,28,0,0,7,1,0,0,0,0,0,0,7,0,0,0,0,0,0,0,"{""building"": 7}",{},"#hotosm-project-13757,#OpenCitiesLAC,#factset"
315,ColdWaterSeal,11073827,1,35,El Salvador,28,0,0,7,0,0,0,0,0,0,0,7,0,0,0,0,0,0,0,"{""building"": 7}",{},"#hotosm-project-13922,#OpenCitiesLAC,#amm,#adt"
316,Rashida_Ibrahim,18371036,3,35,Rwanda,22,0,0,9,4,0,0,0,0,0,0,2,0,7,4,0,0,0,0,"{""highway"": 7, ""building"": 2}","{""highway"": 4}","#hotosm-project-13146,#ovemaps,#OSMAfrica,#28for28,#MapRwanda,#lovemaps,#youthmappers"
317,GEOG281_Moore_Zechariah,18328867,8,35,Colombia,23,0,3,6,3,0,0,0,0,4,0,2,0,3,2,2,0,0,0,"{""highway"": 3, ""waterway"": 2, ""building"": 2, ""historic"": 1, ""leisure"": 1, ""aeroway"": 1}","{""highway"": 2, ""natural"": 1}","#hotosm-project-7926,#MigrationCrisisDarien,#OSMCol,#hotmicrogrants2019"
318,MarcusHPE,12128535,1,35,Japan,20,0,7,5,1,2,0,0,0,0,0,5,0,0,0,0,0,0,0,"{""building"": 5}",{},"#Kuji,#hotosm-project-10548,#CrisisMappersJAPAN,#FuruhashiLab,#DRONEBIRD,#YouthMappersAGU,#amazonpsas,#hpe,#hpegives"
319,OliverDyson19,13657541,7,35,Niger,26,2,0,6,1,0,0,0,0,0,0,6,0,0,0,0,1,0,0,"{""building"": 6}","{""waterway"": 1}","#hotosm-project-9440,#missingmaps,#redcross,#niger"
320,SBBaum,17279115,1,34,Zambia,28,1,0,4,1,0,0,0,0,0,0,0,0,4,1,0,0,0,0,"{""highway"": 4}","{""highway"": 1, ""surface"": 1}","#hotosm-project-10147,#liga-zambia"
321,MechaImmaculate,18393038,1,34,Kenya,27,0,0,6,1,0,0,0,0,0,0,6,0,0,0,0,0,0,0,"{""building"": 6, ""name"": 6, ""building:levels"": 3, ""lockable"": 1}","{""landuse"": 1}",#hotosm-project-13583
322,dialloalpha,3713991,7,33,Senegal,9,8,4,1,11,0,0,0,0,0,0,0,0,1,11,0,0,0,0,"{""highway"": 1}","{""highway"": 11}","#hotosm-project-14163,#opfistula,#tostan"
323,omarselim,10996782,1,30,Egypt,26,0,0,4,0,0,0,0,0,0,0,4,0,0,0,0,0,0,0,"{""building"": 4, ""source"": 4}",{},"#hotosm-project-14013,#missingmaps"
324,Wistone Nkhoma,17081088,1,30,Zambia,24,0,0,6,0,0,0,0,0,0,0,6,0,0,0,0,0,0,0,"{""building"": 6}",{},"#hotosm-project-12307,#zambia-census,#acthot,#awsmapathon"
325,adechazal,12598514,1,30,Pakistan,19,0,6,3,2,0,0,0,0,0,0,0,0,0,0,2,2,0,0,"{""waterway"": 2, ""natural"": 1}","{""waterway"": 2}",#hotosm-project-13693
326,Alifo Ruth,15413932,2,30,United Republic of Tanzania,24,0,0,6,0,0,0,0,0,0,0,6,0,0,0,0,0,0,0,"{""building"": 6}",{},"#hotosm-project-14133,#TanzaniaDevelopmentTrust,#Tanzania,#missingmaps,#28DaysMappingChallenge,#HOT,#OSM,#MapWithLove,#MapChallenge,#28for28,#YouthMappers,#OpenStreetMap"
327,kmlukens5,17053628,1,30,South Sudan,27,0,0,3,0,0,0,0,0,0,0,3,0,0,0,0,0,0,0,"{""building"": 3}",{},"#hotosm-project-13599,#REACH,#JurRiver"
328,Erick tamba,10570996,1,29,Zambia,22,0,0,2,5,0,0,0,0,0,0,2,0,0,4,0,1,0,0,"{""building"": 2}","{""highway"": 4, ""intermittent"": 1, ""name"": 1, ""seasonal"": 1, ""waterway"": 1}","#hotosm-project-10147,#liga-zambia"
329,Valentin Hoorelbeck-Fages,9466700,1,26,South Africa,24,0,0,2,0,0,0,0,0,0,0,0,0,1,0,0,0,1,0,"{""highway"": 1, ""amenity"": 1}",{},"#hotosm-project-12597,#DurbanFloods,#OpenMappingHub-ESA"
330,petit renard,17985939,1,26,South Africa,19,1,0,5,1,0,0,0,0,0,0,5,1,0,0,0,0,0,0,"{""building"": 5}","{""building"": 1}","#hotosm-project-12597,#DurbanFloods,#OpenMappingHub-ESA"
331,Tarekzieneldien,11172842,3,25,El Salvador,21,0,0,4,0,0,0,0,0,0,0,4,0,0,0,0,0,0,0,"{""building"": 4}",{},"#hotosm-project-14078,#OpenCitiesLAC,#bofa"
332,Katrielle082018,18355682,4,25,El Salvador,21,0,0,4,0,0,0,0,0,0,0,4,0,0,0,0,0,0,0,"{""building"": 4}",{},"#hotosm-project-14078,#OpenCitiesLAC,#bofa"
333,GEOG281_Alex_Mayor,18395558,2,22,Lesotho,16,0,0,2,4,0,0,0,0,0,0,0,0,0,1,0,1,0,0,"{""landuse"": 2}","{""source"": 2, ""fixme"": 1, ""landuse"": 1, ""highway"": 1, ""waterway"": 1, ""natural"": 1}","#hotosm-project-1945,#maplesotho,#mlmstask"
334,siwilde,4757210,2,21,United Republic of Tanzania,13,6,0,2,0,0,0,0,0,0,0,1,0,1,0,0,0,0,0,"{""building"": 1, ""highway"": 1}",{},"#hotosm-project-13988,#TanzaniaDevelopmentTrust,#Tanzania,#missingmaps"
335,Hsimpson19,18399310,4,21,South Sudan,16,0,0,4,1,0,0,0,0,0,0,4,0,0,0,0,0,0,0,"{""building"": 4}","{""landuse"": 1}","#hotosm-project-13599,#REACH,#JurRiver"
336,mbuhler7,18399314,1,20,South Sudan,19,0,0,1,0,0,0,0,0,0,0,1,0,0,0,0,0,0,0,"{""building"": 1}",{},"#hotosm-project-13599,#REACH,#JurRiver"
337,Ska59,18399330,1,20,South Sudan,19,0,0,1,0,0,0,0,0,0,0,1,0,0,0,0,0,0,0,"{""building"": 1}",{},"#hotosm-project-13599,#REACH,#JurRiver"
338,caymankai,11034445,3,20,Nigeria,16,0,0,4,0,0,0,0,0,0,0,4,0,0,0,0,0,0,0,"{""building"": 4}",{},"#hotosm-project-13280-,#Floodrisk,#IDP,#GRMI2022"
339,Julmira,18396952,1,20,Timor-Leste,16,0,0,4,0,0,0,0,0,0,0,4,0,0,0,0,0,0,0,"{""building"": 4}",{},"#hotosm-project-10913,#PortsmouthUni,#SIMEX2021"
340,lusdavo,2695612,1,19,South Sudan,0,19,0,0,0,0,0,0,0,0,0,0,0,0,0,0,0,0,0,{},{},"#hotosm-project-13599,#REACH,#JurRiver"
341,GEOG281_Mozak_Ryan,18328471,2,18,Uganda,15,0,0,3,0,0,0,0,0,3,0,3,0,0,0,0,0,3,0,"{""amenity"": 3, ""building"": 3}",{},"#hotosm-project-12812,#mapuganda,#missingmaps,#cohort_IV_2022"
342,Alex Hetherington,18398757,1,18,Egypt,15,0,0,3,0,0,0,0,0,0,0,3,0,0,0,0,0,0,0,"{""building"": 3}",{},"#hotosm-project-13618,#missingmaps,#Latymer,#L6G"
343,Jamel Macon,18329574,1,18,Libyan Arab Jamahiriya,12,1,1,3,1,0,0,0,0,0,0,3,0,0,1,0,0,0,0,"{""building"": 3}","{""highway"": 1}","#hotosm-project-10261,#OSMGeoWeek,#MapLibya,#LNSDI,#MapTripoli,#LNDTI,#missingmaps,#Vegetation,#LandUseLandCover,#Buildings,#Infrastructure,#StreetsRoads,#Water,#Soil,#Air"
344,aaronq227,15166841,1,17,El Salvador,0,12,4,0,0,1,0,0,0,0,0,0,0,0,0,0,0,0,0,{},{},"#hotosm-project-13922,#OpenCitiesLAC,#amm,#adt"
345,hibagonsan,5939709,1,15,Zambia,12,0,0,3,0,0,0,0,0,0,0,3,0,0,0,0,0,0,0,"{""building"": 3}",{},"#hotosm-project-13374,#zambia-census,#amm"
346,Laura Harman,15222051,2,15,Rwanda,11,1,0,3,0,0,0,0,0,0,0,3,0,0,0,0,0,0,0,"{""building"": 3}",{},"#hotosm-project-13138,#MapRwanda,#OSMAfrica,#Map1Million,#ExperianUKI,#ExperianUKI_2023"
347,emmasnyder,18399307,2,14,South Sudan,12,0,0,2,0,0,0,0,0,0,0,2,0,0,0,0,0,0,0,"{""building"": 2, ""building:levels"": 1, ""height"": 1}",{},"#hotosm-project-13599,#REACH,#JurRiver"
348,sjarvis_15,12517370,2,12,Pakistan,3,1,5,1,1,1,0,0,0,0,0,0,0,0,1,1,0,0,0,"{""waterway"": 1}","{""highway"": 1}",#hotosm-project-13693
349,Anand_Arnav,18399700,1,11,Zambia,10,0,0,1,0,0,0,0,0,0,0,0,0,1,0,0,0,0,0,"{""highway"": 1}",{},"#hotosm-project-12308,#zambia-census,#acthot,#awsmapathon"
350,JosefLUC,12735149,2,10,United Republic of Tanzania,8,0,0,2,0,0,0,0,0,0,0,2,0,0,0,0,0,0,0,"{""building"": 2}",{},#hotosm-project-11371
351,LPA Erstein,18312828,1,10,South Africa,8,0,0,2,0,0,0,0,0,0,0,2,0,0,0,0,0,0,0,"{""building"": 2}",{},"#hotosm-project-12597,#DurbanFloods,#OpenMappingHub-ESA"
352,dialloaissatou,8494089,1,10,Guinea,8,0,0,2,0,0,0,0,0,0,0,2,0,0,0,0,0,0,0,"{""building"": 2}",{},"#hotosm-project-13855,#Guinea,#Map4Gn,#Map4Africa,#EnviroAfrica"
353,nanou1,6486352,1,8,Senegal,0,1,3,0,4,0,0,0,0,0,0,0,0,0,3,0,1,0,0,{},"{""highway"": 3, ""intermittent"": 1, ""waterway"": 1}","#hotosm-project-14164,#opfistula,#tostan"
354,Kiley Graff,18399329,1,7,South Sudan,6,0,0,1,0,0,0,0,0,0,0,1,0,0,0,0,0,0,0,"{""building"": 1}",{},"#hotosm-project-13599,#REACH,#JurRiver"
355,antonello romano,2170418,1,5,Rwanda,4,0,0,1,0,0,0,0,0,0,0,1,0,0,0,0,0,0,0,"{""building"": 1}",{},"#hotosm-project-13146,#MapRwanda,#OSMAfrica,#rwandayouthmappers"
356,jakemcgowan,16617877,1,5,South Africa,4,0,0,1,0,0,0,0,0,0,0,1,0,0,0,0,0,0,0,"{""building"": 1}",{},"#hotosm-project-12597,#DurbanFloods,#OpenMappingHub-ESA"
357,fondolucy,265690,1,5,Libyan Arab Jamahiriya,4,0,0,1,0,0,0,0,0,0,0,1,0,0,0,0,0,0,0,"{""building"": 1}",{},"#hotosm-project-10238,#OSMGeoWeek,#MapLibya,#LNSDI,#MapTripoli,#LNDTI,#missingmaps,#Vegetation,#LandUseLandCover,#Buildings,#Infrastructure,#StreetsRoads,#Water,#Soil,#Air"
358,Wesley Omondi,14471539,1,5,,4,0,0,1,0,0,0,0,0,0,0,1,0,0,0,0,0,0,0,"{""building"": 1}",{},"#hotosm-project-13822,#gempacianjur,#disasterresponse,#POI,#cianjur"
359,Letwin,15108780,1,5,Zimbabwe,0,0,0,0,5,0,0,0,0,0,0,0,5,0,0,0,0,0,0,{},"{""building"": 5, ""building:levels"": 5, ""building:material"": 5, ""roof:colour"": 5, ""roof:levels"": 5, ""roof:shape"": 5, ""name"": 3}","#youthmappersmsu,#osmzimbabwe,#missingmaps,#hotosm"
360,cezanne007,18395027,1,1,El Salvador,0,1,0,0,0,0,0,0,0,0,0,0,0,0,0,0,0,0,0,{},{},"#hotosm-project-13863,#OpenCitiesLAC"
