rank,name,profile,uid,changesets,map_changes,countries,editors,highway_len_m,nodes.create,nodes.modify,nodes.delete,ways.create,ways.modify,ways.delete,relations.create,relations.modify,relations.delete,poi.create,poi.modify,building.create,building.modify,highway.create,highway.modify,waterway.create,waterway.modify,amenity.create,amenity.modify,tags_create,tags_modify,hashtags,start_date,end_date
1,Angela M Naluonde,https://www.openstreetmap.org/user/Angela%20M%20Naluonde,13771025,392,90721,"Kenya,Somalia,United Republic of Tanzania",JOSM/1.5 (18427 en),0,22818,60443,1769,4157,1411,112,9,1,1,1,8,4156,1191,0,161,0,25,0,0,"{""building"": 4156, ""type"": 9, ""ford"": 1, ""natural"": 1}","{""building"": 1191, ""highway"": 161, ""surface"": 142, ""waterway"": 25, ""tracktype"": 19, ""name"": 17, ""source"": 12, ""barrier"": 10, ""intermittent"": 8, ""landuse"": 8, ""natural"": 7, ""water"": 6, ""man_made"": 2, ""tower:type"": 2, ""ford"": 2, ""place"": 1, ""attribution"": 1, ""wikidata"": 1, ""wikipedia"": 1, ""fixme"": 1, ""type"": 1}","#hotosm-project-15390,#elnino2023,#omhesa,#fao_swalim,#fao_rtea,#hotosm-project-15226,#elinino2023,#hotosm-project-15225,#hotosm-project-15409,#hotosm-project-15234,#hotosm-project-15254,#hotosm-project-15383,#hotosm-project-15387,#krcs-elnino-mapping,#hotosm-project-15385,#hotosm-project-15386,#hotosm-project-15255,#hotosm-project-15258,#hotosm-project-15371,#hotosm-project-15393",2023-08-15 00:00:00+00:00,2023-09-01 00:00:00+00:00
2,Awania Morish,https://www.openstreetmap.org/user/Awania%20Morish,9379491,208,66439,"Somalia,Ethiopia",JOSM/1.5 (18789 en),0,52350,2475,25,11524,64,1,0,0,0,0,2,11523,15,1,49,0,0,0,0,"{""building"": 11523, ""highway"": 1}","{""highway"": 49, ""surface"": 39, ""building"": 15, ""place"": 2, ""name"": 1, ""pcode"": 1, ""source"": 1}","#hotosm-project-15258,#elnino2023,#omhesa,#fao_swalim,#fao_rtea,#hotosm-project-15256,#hotosm-project-15374,#hotosm-project-15373,#hotosm-project-15375,#hotosm-project-15400",2023-08-15 00:00:00+00:00,2023-09-01 00:00:00+00:00
3,KingVik,https://www.openstreetmap.org/user/KingVik,7159298,240,61565,"Somalia,Kenya","JOSM/1.5 (18789 en),JOSM/1.5 (18822 en)",507,17120,39757,627,3593,317,135,14,2,0,0,256,3572,247,5,38,2,8,0,1,"{""building"": 3572, ""type"": 14, ""highway"": 5, ""surface"": 4, ""natural"": 4, ""alt_name"": 2, ""intermittent"": 2, ""name"": 2, ""waterway"": 2, ""landuse"": 2, ""source"": 1, ""layer"": 1, ""tunnel"": 1, ""barrier"": 1}","{""power"": 249, ""building"": 247, ""highway"": 38, ""surface"": 28, ""design"": 14, ""landuse"": 11, ""name"": 9, ""waterway"": 8, ""source"": 7, ""ford"": 5, ""natural"": 4, ""boundary"": 3, ""leisure"": 3, ""protect_class"": 3, ""protection_title"": 3, ""alt_name"": 2, ""intermittent"": 2, ""place"": 2, ""water"": 2, ""type"": 2, ""tracktype"": 1, ""boat"": 1, ""is_in"": 1, ""barrier"": 1, ""amenity"": 1, ""bicycle_parking"": 1, ""ref"": 1, ""wetland"": 1}","#hotosm-project-15225,#elnino2023,#omhesa,#fao_swalim,#fao_rtea,#hotosm-project-15233,#hotosm-project-15232,#elinino2023,#hotosm-project-15254,#hotosm-project-15385,#hotosm-project-15388,#hotosm-project-15390,#krcs-elnino-mapping",2023-08-15 00:00:00+00:00,2023-09-01 00:00:00+00:00
4,severino chundu,https://www.openstreetmap.org/user/severino%20chundu,14364367,427,61421,"Somalia,Kenya,Ethiopia",JOSM/1.5 (18789 en),0,51332,125,0,9955,9,0,0,0,0,0,0,9955,9,0,0,0,0,0,0,"{""building"": 9955}","{""building"": 9}","#hotosm-project-15258,#elnino2023,#omhesa,#fao_swalim,#fao_rtea,#hotosm-project-15254,#hotosm-project-15385,#hotosm-project-15255,#hotosm-project-15405,#hotosm-project-15400,#hotosm-project-15387,#hotosm-project-15371,#hotosm-project-15372,#hotosm-project-15409",2023-08-15 00:00:00+00:00,2023-09-01 00:00:00+00:00
5,Joseph Munyenze Kathukya,https://www.openstreetmap.org/user/Joseph%20Munyenze%20Kathukya,13261176,546,56152,"Ethiopia,Kenya,Somalia",JOSM/1.5 (18678 en),0,44809,1341,190,9622,165,23,2,0,0,0,0,9618,95,0,44,0,0,0,2,"{""building"": 9618, ""source"": 107, ""type"": 2}","{""building"": 95, ""highway"": 44, ""surface"": 39, ""landuse"": 8, ""tracktype"": 4, ""amenity"": 2, ""religion"": 2, ""natural"": 1, ""barrier"": 1}","#hotosm-project-15400,#elnino2023,#omhesa,#fao_swalim,#fao_rtea,#AGGES,#hotosm-project-15395,#hotosm-project-15254,#hotosm-project-15371,#hotosm-project-15258,#hotosm-project-15372",2023-08-15 00:00:00+00:00,2023-09-01 00:00:00+00:00
6,zoubinnaba,https://www.openstreetmap.org/user/zoubinnaba,5113626,311,55435,"Kenya,Somalia",JOSM/1.5 (18797 fr),3890,41372,3311,1564,8529,513,146,0,0,0,0,1,8509,223,20,267,0,2,0,0,"{""building"": 8509, ""highway"": 20, ""surface"": 11, ""bridge"": 2, ""layer"": 2, ""source"": 2, ""tracktype"": 2, ""attribution"": 1}","{""highway"": 267, ""building"": 223, ""surface"": 165, ""source"": 93, ""attribution"": 40, ""tracktype"": 36, ""landuse"": 17, ""name"": 7, ""alt_name"": 2, ""intermittent"": 2, ""waterway"": 2, ""ref"": 1, ""noname"": 1, ""ford"": 1, ""barrier"": 1, ""layer"": 1}","#hotosm-project-15392,#elnino2023,#omhesa,#fao_swalim,#fao_rtea,#hotosm-project-15225,#elinino2023,#hotosm-project-15385,#hotosm-project-15255,#hotosm-project-15371,#hotosm-project-15256,#hotosm-project-15375",2023-08-15 00:00:00+00:00,2023-09-01 00:00:00+00:00
7,Noel Samson,https://www.openstreetmap.org/user/Noel%20Samson,14889195,504,54798,"Somalia,Ethiopia,Kenya",JOSM/1.5 (18303 en),0,45496,3,24,9264,5,6,0,0,0,0,0,9264,3,0,2,0,0,0,0,"{""building"": 9264}","{""building"": 3, ""highway"": 2, ""surface"": 2}","#hotosm-project-15226,#elinino2023,#omhesa,#fao_swalim,#fao_rtea,#addedbuildings,#hotosm-project-15400,#elnino2023,#hotosm-project-15255,#hotosm-project-15387,#hotosm-project-15388,#hotosm-project-15409,#hotosm-project-15233,#hotosm-project-15234,#hotosm-project-15254,#hotosm-project-15405,#hotosm-project-15256,#hotosm-project-15402,#hotosm-project-15258,#hotosm-project-15401,#hotosm-project-15386,#hotosm-project-15390,#hotosm-project-15225,#hotosm-project-15392,#hotosm-project-15232,#hotosm-project-15227,#hotosm-project-15385",2023-08-15 00:00:00+00:00,2023-09-01 00:00:00+00:00
8,Ziyadatul Hikmah,https://www.openstreetmap.org/user/Ziyadatul%20Hikmah,17570857,327,52094,"Ethiopia,Kenya,Somalia","iD 2.21.1,JOSM/1.5 (18789 en)",22645,40685,1577,319,9043,413,47,10,0,0,1,1,8886,29,144,371,1,1,0,2,"{""building"": 8886, ""highway"": 144, ""type"": 10, ""access"": 3, ""service"": 2, ""motorcar"": 2, ""waterway"": 1, ""track"": 1, ""parking"": 1, ""landuse"": 1, ""oneway"": 1, ""source"": 1, ""surface"": 1}","{""highway"": 371, ""motorcar"": 31, ""building"": 29, ""source"": 23, ""surface"": 11, ""oneway"": 10, ""service"": 6, ""access"": 2, ""aeroway"": 2, ""landuse"": 2, ""amenity"": 2, ""fixme"": 2, ""layer"": 2, ""name"": 1, ""waterway"": 1, ""wikidata"": 1, ""wikipedia"": 1, ""maxspeed"": 1, ""ele"": 1, ""iata"": 1, ""length"": 1, ""ref"": 1, ""parking"": 1}","#hotosm-project-15402,#elnino2023,#omhesa,#fao_swalim,#fao_rtea,#hotosm-project-15386,#hotosm-project-15372",2023-08-15 00:00:00+00:00,2023-09-01 00:00:00+00:00
9,SSEKITOLEKO,https://www.openstreetmap.org/user/SSEKITOLEKO,7562542,346,51322,"Somalia,Kenya",JOSM/1.5 (18646 en),0,25860,17446,3340,3313,704,653,5,0,1,3,4,3307,584,5,99,0,3,0,3,"{""building"": 3307, ""highway"": 5, ""type"": 5, ""ford"": 3, ""surface"": 2}","{""building"": 584, ""highway"": 99, ""surface"": 64, ""source"": 15, ""tracktype"": 12, ""attribution"": 11, ""landuse"": 8, ""construction"": 7, ""place"": 6, ""name"": 5, ""waterway"": 3, ""amenity"": 3, ""religion"": 3, ""name:ar"": 2, ""name:en"": 2, ""intermittent"": 1, ""designation"": 1, ""oneway"": 1, ""ref"": 1, ""ref:ar"": 1, ""ref:so"": 1, ""area"": 1, ""barrier"": 1, ""layer"": 1, ""tourism"": 1}","#hotosm-project-15227,#elnino2023,#omhesa,#fao_swalim,#fao_rtea,#hotosm-project-15387,#hotosm-project-15383,#hotosm-project-15388,#hotosm-project-15233,#hotosm-project-15386,#hotosm-project-15256,#hotosm-project-15258,#hotosm-project-15254,#hotosm-project-15371",2023-08-15 00:00:00+00:00,2023-09-01 00:00:00+00:00
10,youngmapper,https://www.openstreetmap.org/user/youngmapper,13063701,216,50683,"Somalia,Ethiopia,Kenya",JOSM/1.5 (18772 en),196,37837,4998,519,6997,258,51,23,0,0,0,1,6973,219,1,24,0,1,0,0,"{""building"": 6973, ""type"": 23, ""natural"": 3, ""water"": 3, ""barrier"": 2, ""highway"": 1}","{""building"": 219, ""highway"": 24, ""surface"": 18, ""source"": 6, ""landuse"": 4, ""intermittent"": 1, ""waterway"": 1, ""place"": 1, ""natural"": 1, ""attribution"": 1, ""tracktype"": 1}","#hotosm-project-15233,#elnino2023,#omhesa,#fao_swalim,#fao_rtea,#youthmappersfuta,#hotosm-project-15226,#elinino2023,#hotosm-project-15400,#hotosm-project-15387,#hotosm-project-15227,#hotosm-project-15401,#hotosm-project-15234,#hotosm-project-15254,#youtrhmappersfuta,#hotosm-project-15256,#hotosm-project-15255,#hotosm-project-15395,#hotosm-project-15390,#krcs-elnino-mapping",2023-08-15 00:00:00+00:00,2023-09-01 00:00:00+00:00
11,Norbert Dichter,https://www.openstreetmap.org/user/Norbert%20Dichter,2916048,469,48209,"Somalia,Kenya","JOSM/1.5 (18789 en),iD 2.21.1",40898,37792,3050,522,6537,211,94,3,0,0,11,0,6510,147,9,47,1,3,0,2,"{""building"": 6510, ""name"": 17, ""highway"": 9, ""type"": 3, ""junction"": 2, ""waterway"": 1, ""ford"": 1}","{""building"": 147, ""highway"": 47, ""surface"": 38, ""landuse"": 7, ""tracktype"": 4, ""natural"": 4, ""water"": 4, ""source"": 3, ""intermittent"": 3, ""waterway"": 3, ""attribution"": 2, ""amenity"": 2, ""religion"": 2, ""fixme"": 1, ""name"": 1, ""source:date"": 1}","#hotosm-project-15233,#elnino2023,#omhesa,#fao_swalim,#fao_rtea,#hotosm-project-15227,#hotosm-project-15225,#hotosm-project-15232,#hotosm-project-15234,#hotosm-project-15226,#elinino2023,#hotosm-project-15254,#hotosm-project-15255,#hotosm-project-15390,#krcs-elnino-mapping,#hotosm-project-15256,#hotosm-project-15392,#hotosm-project-15371,#hotosm-project-15372",2023-08-15 00:00:00+00:00,2023-09-01 00:00:00+00:00
12,King edgar,https://www.openstreetmap.org/user/King%20edgar,13352087,334,44575,"Kenya,Somalia",JOSM/1.5 (18583 en),0,35375,679,8,8471,41,1,0,0,0,1,0,8470,38,0,3,0,0,0,0,"{""building"": 8470, ""natural"": 1, ""water"": 1}","{""building"": 38, ""highway"": 3, ""surface"": 3}","#hotosm-project-15393,#elnino2023,#omhesa,#fao_swalim,#fao_rtea,#hotosm-project-15387,#hotosm-project-15385,#elinino2023,#hotosm-project-15255,#hotosm-project-15395,#hotosm-project-15258,#hotosm-project-15373",2023-08-15 00:00:00+00:00,2023-09-01 00:00:00+00:00
13,DouceLuvango,https://www.openstreetmap.org/user/DouceLuvango,11525407,160,43231,"Somalia,Kenya",JOSM/1.5 (18303 fr),65915,31726,4432,397,6004,586,58,28,0,0,0,0,5735,392,261,174,3,5,0,0,"{""building"": 5735, ""highway"": 261, ""type"": 28, ""surface"": 16, ""waterway"": 3, ""tracktype"": 2, ""name"": 2, ""intermittent"": 1, ""source"": 1}","{""building"": 392, ""highway"": 174, ""surface"": 111, ""source"": 12, ""tracktype"": 8, ""name"": 8, ""waterway"": 5, ""AUTO_ID"": 4, ""ref"": 3, ""intermittent"": 3, ""bicycle"": 2, ""foot"": 2, ""horse"": 2, ""oneway"": 2, ""destination:backward"": 2, ""destination:forward"": 2, ""distance"": 2, ""lanes"": 2, ""official_name"": 2, ""smoothness"": 2, ""source:name"": 2, ""source:ref"": 2, ""width"": 2, ""barrier"": 1, ""maxspeed"": 1, ""noname"": 1, ""note"": 1, ""place"": 1, ""natural"": 1, ""water"": 1}","#hotosm-project-15232,#elnino2023,#omhesa,#fao_swalim,#fao_rtea,#hotosm-project-15225,#elinino2023,#hotosm-project-15233,#hotosm-project-15254,#hotosm-project-15234,#hotosm-project-15392,#hotosm-project-15390,#krcs-elnino-mapping,#hotosm-project-15395",2023-08-15 00:00:00+00:00,2023-09-01 00:00:00+00:00
14,Keren Wang'ombe,https://www.openstreetmap.org/user/Keren%20Wang%27ombe,7216391,208,36738,"Ethiopia,Kenya,Somalia","JOSM/1.5 (18789 en_GB),JOSM/1.5 (18822 en_GB)",515,16198,14030,2159,3002,896,351,100,1,1,0,8,2973,720,5,46,3,21,0,1,"{""building"": 2973, ""type"": 100, ""natural"": 13, ""highway"": 5, ""waterway"": 3, ""surface"": 2, ""boat"": 2, ""name"": 2, ""source"": 2}","{""building"": 720, ""highway"": 46, ""surface"": 31, ""waterway"": 21, ""name"": 17, ""source"": 11, ""ford"": 8, ""natural"": 7, ""landuse"": 6, ""tracktype"": 4, ""boat"": 2, ""intermittent"": 2, ""content"": 2, ""man_made"": 2, ""access"": 1, ""motorcar"": 1, ""motorcycle"": 1, ""mtb:scale"": 1, ""oneway"": 1, ""width"": 1, ""water"": 1, ""layer"": 1, ""type"": 1, ""attribution"": 1, ""seasonal"": 1, ""amenity"": 1}","#hotosm-project-15400,#elnino2023,#omhesa,#fao_swalim,#fao_rtea,#hotosm-project-15387,#hotosm-project-15234,#hotosm-project-15390,#hotosm-project-15233,#hotosm-project-15383,#hotosm-project-15386,#hotosm-project-15254,#hotosm-project-15255,#hotosm-project-15388,#hotosm-project-15371,#hotosm-project-15258,#hotosm-project-15392",2023-08-15 00:00:00+00:00,2023-09-01 00:00:00+00:00
15,ngumenawesamson,https://www.openstreetmap.org/user/ngumenawesamson,2623654,252,35715,"Kenya,Somalia",JOSM/1.5 (18772 en),0,12712,16664,3554,2126,181,477,1,0,0,0,4,2123,152,2,28,0,1,0,0,"{""building"": 2123, ""highway"": 2, ""type"": 1}","{""building"": 152, ""highway"": 28, ""railway"": 4, ""surface"": 2, ""source"": 1, ""waterway"": 1}","#hotosm-project-15383,#elnino2023,#omhesa,#fao_swalim,#fao_rtea,#hotosm-project-15387,#hotosm-project-15388,#hotosm-project-15255,#hotosm-project-15392",2023-08-15 00:00:00+00:00,2023-09-01 00:00:00+00:00
16,cubain mackenzy,https://www.openstreetmap.org/user/cubain%20mackenzy,13069262,148,33100,"Somalia,Kenya",JOSM/1.5 (18118 fr),0,25737,1262,37,6005,55,1,3,0,0,0,0,6000,31,0,18,0,1,0,0,"{""building"": 6000, ""type"": 3, ""route"": 2}","{""building"": 31, ""highway"": 18, ""surface"": 18, ""landuse"": 5, ""intermittent"": 1, ""waterway"": 1}","#hotosm-project-15254,#elnino2023,#omhesa,#fao_swalim,#fao_rtea,#hotosm-project-15392,#hotosm-project-15395,#krcs-elnino-mapping,#hotosm-project-15393",2023-08-15 00:00:00+00:00,2023-09-01 00:00:00+00:00
17,Nyaega Orina,https://www.openstreetmap.org/user/Nyaega%20Orina,7574899,287,31964,Somalia,JOSM/1.5 (18622 en),2957,23088,2876,307,5375,286,28,4,0,0,0,0,5337,109,34,93,0,0,0,0,"{""building"": 5337, ""highway"": 34, ""surface"": 31, ""type"": 4}","{""building"": 109, ""highway"": 93, ""surface"": 92, ""landuse"": 75, ""tracktype"": 14, ""attribution"": 9, ""source"": 9, ""barrier"": 1}","#hotosm-project-15254,#elnino2023,#omhesa,#fao_swalim,#fao_rtea,#Added,#modified,#hotosm-project-15372",2023-08-15 00:00:00+00:00,2023-09-01 00:00:00+00:00
18,Choolwe Hamama,https://www.openstreetmap.org/user/Choolwe%20Hamama,13764145,56,30485,Somalia,JOSM/1.5 (18427 en),0,25422,443,3,4566,49,0,2,0,0,0,1,4564,23,0,22,0,0,0,0,"{""building"": 4564, ""type"": 2}","{""building"": 23, ""highway"": 22, ""surface"": 22, ""landuse"": 3, ""tracktype"": 2, ""place"": 1, ""attribution"": 1, ""source"": 1}","#hotosm-project-15258,#elnino2023,#omhesa,#fao_swalim,#fao_rtea,#hotosm-project-15373",2023-08-15 00:00:00+00:00,2023-09-01 00:00:00+00:00
19,tonny_mwendwa76,https://www.openstreetmap.org/user/tonny_mwendwa76,17266950,167,30285,"Somalia,Kenya,Ethiopia","JOSM/1.5 (18789 en),iD 2.21.1,JOSM/1.5 (18814 en)",0,23911,921,92,5289,57,12,3,0,0,0,0,5286,55,0,1,0,0,0,0,"{""building"": 5286, ""type"": 3}","{""building"": 55, ""highway"": 1, ""surface"": 1, ""landuse"": 1}","#hotosm-project-15226,#elinino2023,#omhesa,#fao_swalim,#fao_rtea,#AGGES,#hotosm-project-15232,#elnino2023,#hotosm-project-15387,#hotosm-project-15227,#hotosm-project-15388,#hotosm-project-15390,#krcs-elnino-mapping,#hotosm-project-15405,#hotosm-project-15375",2023-08-15 00:00:00+00:00,2023-09-01 00:00:00+00:00
20,JaphetMasunzu,https://www.openstreetmap.org/user/JaphetMasunzu,11525751,207,28227,Somalia,JOSM/1.5 (18427 fr),23929,17930,6230,300,3313,412,31,11,0,0,0,5,3197,145,108,234,0,2,0,4,"{""building"": 3197, ""highway"": 108, ""type"": 11}","{""highway"": 234, ""surface"": 208, ""building"": 145, ""tracktype"": 26, ""source"": 24, ""attribution"": 19, ""landuse"": 14, ""name"": 8, ""place"": 5, ""amenity"": 4, ""religion"": 4, ""barrier"": 3, ""pcode"": 2, ""source:date"": 2, ""waterway"": 2, ""layer"": 1, ""fixme"": 1, ""alt_name"": 1, ""residential"": 1, ""name:ar"": 1, ""name:en"": 1, ""intermittent"": 1}","#hotosm-project-15232,#elnino2023,#omhesa,#fao_swalim,#fao_rtea,#hotosm-project-15225,#elinino2023,#hotosm-project-15233,#hotosm-project-15226,#hotosm-project-15254,#hotosm-project-15234,#hotosm-project-15255,#hotosm-project-15258,#hotosm-project-15373,#hotosm-project-15375",2023-08-15 00:00:00+00:00,2023-09-01 00:00:00+00:00
21,Joachim_0,https://www.openstreetmap.org/user/Joachim_0,4498347,326,27314,"Somalia,Kenya","JOSM/1.5 (18806 en),JOSM/1.5 (18808 en),JOSM/1.5 (18810 en),JOSM/1.5 (18818 en),JOSM/1.5 (18789 en),JOSM/1.5 (18821 en),iD 2.21.1,JOSM/1.5 (18820 en),JOSM/1.5 (18822 en)",0,21054,1290,679,4232,26,31,2,0,0,0,0,4233,24,0,1,0,0,0,0,"{""building"": 4233, ""layer"": 3, ""type"": 2}","{""building"": 24, ""highway"": 1, ""surface"": 1}","#hotosm-project-15225,#elnino2023,#omhesa,#fao_swalim,#fao_rtea,#hotosm-project-15232,#hotosm-project-15226,#elinino2023,#hotosm-project-15254,#hotosm-project-15388,#hotosm-project-15380,#hotosm-project-15234,#hotosm-project-15390,#krcs-elnino-mapping,#used,#hotosm-project-15392,#hotosm-project-15393",2023-08-15 00:00:00+00:00,2023-09-01 00:00:00+00:00
22,Brendar with an 'R',https://www.openstreetmap.org/user/Brendar%20with%20an%20%27R%27,18967641,155,27173,"Somalia,Ethiopia","JOSM/1.5 (18789 en_GB),JOSM/1.5 (18822 en_GB)",0,22021,258,438,4348,7,100,1,0,0,0,0,4346,6,0,1,0,0,0,0,"{""building"": 4346, ""office"": 1, ""religion"": 1, ""type"": 1}","{""building"": 6, ""highway"": 1, ""surface"": 1}","#hotosm-project-15233,#elnino2023,#omhesa,#fao_swalim,#fao_rtea,#hotosm-project-15232,#hotosm-project-15225,#hotosm-project-15234,#hotosm-project-15254,#hotosm-project-15401,#hotosm-project-15376",2023-08-15 00:00:00+00:00,2023-09-01 00:00:00+00:00
23,MichaelNdaro,https://www.openstreetmap.org/user/MichaelNdaro,10868456,288,27138,Somalia,JOSM/1.5 (18789 en),288,20748,1494,745,3904,136,108,3,0,0,1,1,3901,79,2,43,0,1,0,0,"{""building"": 3901, ""type"": 3, ""highway"": 2, ""natural"": 1, ""surface"": 1}","{""building"": 79, ""highway"": 43, ""surface"": 42, ""landuse"": 7, ""tracktype"": 5, ""barrier"": 4, ""source"": 3, ""name"": 1, ""pcode"": 1, ""place"": 1, ""attribution"": 1, ""intermittent"": 1, ""source:date"": 1, ""waterway"": 1}","#hotosm-project-15225,#elnino2023,#omhesa,#fao_swalim,#fao_rtea,#hotosm-project-15254,#hotosm-project-15255,#hotosm-project-15371",2023-08-15 00:00:00+00:00,2023-09-01 00:00:00+00:00
24,Cornelius Kipruto,https://www.openstreetmap.org/user/Cornelius%20Kipruto,17294530,144,26864,Kenya,"iD 2.21.1,JOSM/1.5 (18583 en)",0,19414,2547,811,3881,154,57,0,0,0,0,0,3881,133,0,15,0,3,0,1,"{""building"": 3881}","{""building"": 133, ""highway"": 15, ""name"": 3, ""source"": 3, ""waterway"": 3, ""wikipedia"": 2, ""amenity"": 1, ""healthcare"": 1, ""alt_name"": 1, ""is_in:country"": 1, ""wikidata"": 1, ""intermittent"": 1, ""surface"": 1, ""place"": 1, ""landuse"": 1}","#hotosm-project-15388,#elnino2023,#omhesa,#fao_swalim,#fao_rtea,#hotosm-project-15395,#hotosm-project-15387,#hotosm-project-15383,#hotosm-project-15390,#krcs-elnino-mapping,#hotosm-project-15392",2023-08-15 00:00:00+00:00,2023-09-01 00:00:00+00:00
25,Damah,https://www.openstreetmap.org/user/Damah,4944143,93,26678,Kenya,JOSM/1.5 (18789 en_GB),0,20270,448,2282,3179,5,494,0,0,0,0,0,3179,4,0,1,0,0,0,0,"{""building"": 3179}","{""building"": 4, ""highway"": 1}","#hotosm-project-15388,#elnino2023,#omhesa,#fao_swalim,#fao_rtea,#hotosm-project-15386,#hotosm-project-15387,#hotosm-project-15385,#hotosm-project-15383,#hotosm-project-15392",2023-08-15 00:00:00+00:00,2023-09-01 00:00:00+00:00
26,HarryKMapper,https://www.openstreetmap.org/user/HarryKMapper,18434194,193,25918,"Kenya,Somalia",JOSM/1.5 (18646 en_AU),275,14075,6763,1640,2779,439,208,14,0,0,0,2,2759,414,5,25,0,0,0,1,"{""building"": 2759, ""type"": 14, ""highway"": 5, ""surface"": 2}","{""building"": 414, ""highway"": 25, ""surface"": 17, ""source"": 4, ""name"": 2, ""place"": 2, ""bicycle"": 1, ""foot"": 1, ""horse"": 1, ""motor_vehicle"": 1, ""smoothness"": 1, ""tracktype"": 1, ""pcode"": 1, ""attribution"": 1, ""amenity"": 1, ""religion"": 1}","#hotosm-project-15385,#elnino2023,#omhesa,#fao_swalim,#fao_rtea,#hotosm-project-15388,#hotosm-project-15383,#elinino2023,#hotosm-project-15387,#hotosm-project-15225,#hotosm-project-15232,#hotosm-project-15255,#hotosm-project-15258,#hotosm-project-15256,#hotosm-project-15371,#hotosm-project-15390,#krcs-elnino-mapping,#hotosm-project-15393,#hotosm-project-15375",2023-08-15 00:00:00+00:00,2023-09-01 00:00:00+00:00
27,Nickson Kals,https://www.openstreetmap.org/user/Nickson%20Kals,762852,60,25886,Ethiopia,JOSM/1.5 (18789 en),28211,23499,16,30,2336,3,2,0,0,0,21864,2,23924,2,61,0,9,1,0,0,"{""building"": 23924, ""landuse"": 69, ""highway"": 61, ""seasonal"": 25, ""waterway"": 9}","{""landuse"": 2, ""building"": 2, ""name"": 2, ""source"": 2, ""is_in:continent"": 1, ""is_in:country"": 1, ""is_in:country_code"": 1, ""place"": 1, ""waterway"": 1, ""wikidata"": 1, ""wikipedia"": 1}","#hotosm-project-15401,#elnino2023,#omhesa,#fao_swalim,#fao_rtea",2023-08-15 00:00:00+00:00,2023-09-01 00:00:00+00:00
28,Pavy_555,https://www.openstreetmap.org/user/Pavy_555,13339699,276,24581,"Somalia,Ethiopia,Kenya","iD 2.21.1,JOSM/1.5 (18789 en),JOSM/1.5 (18820 en)",0,19504,250,1418,3192,17,198,2,0,0,0,0,3191,3,0,8,0,0,0,0,"{""building"": 3191, ""type"": 2}","{""highway"": 8, ""surface"": 8, ""landuse"": 6, ""layer"": 3, ""building"": 3, ""attribution"": 1, ""source"": 1, ""tracktype"": 1}","#hotosm-project-15233,#elnino2023,#omhesa,#fao_swalim,#fao_rtea,#hotosm-project-15225,#hotosm-project-15232,#hotosm-project-15234,#hotosm-project-15254,#hotosm-project-15258,#hotosm-project-15255,#hotosm-project-15256,#hotosm-project-15400,#hotosm-project-15401,#hotosm-project-15393",2023-08-15 00:00:00+00:00,2023-09-01 00:00:00+00:00
29,Kraan46,https://www.openstreetmap.org/user/Kraan46,11628862,248,24476,"Somalia,Kenya",JOSM/1.5 (18789 en),319,8844,9123,3721,1784,349,638,16,0,1,0,0,1778,325,1,11,0,0,0,1,"{""building"": 1778, ""type"": 16, ""highway"": 1, ""surface"": 1}","{""building"": 325, ""highway"": 11, ""surface"": 9, ""amenity"": 1, ""landuse"": 1}","#hotosm-project-15225,#elnino2023,#omhesa,#fao_swalim,#fao_rtea,#hotosm-project-15226,#elinino2023,#hotosm-project-15387,#hotosm-project-15234,#hotosm-project-15392",2023-08-15 00:00:00+00:00,2023-09-01 00:00:00+00:00
30,Barbara Ogori,https://www.openstreetmap.org/user/Barbara%20Ogori,17708016,1043,24079,"Ethiopia,Somalia,Kenya",JOSM/1.5 (18583 en),0,20148,712,6,3127,85,1,0,0,0,1,0,2954,76,0,7,0,0,0,0,"{""building"": 2954}","{""building"": 76, ""highway"": 7, ""surface"": 7, ""landuse"": 1, ""attribution"": 1}","#hotosm-project-15400,#elnino2023,#omhesa,#fao_swalim,#fao_rtea,#hotosm-project-15255,#hotosm-project-15254,#hotosm-project-15232,#hotosm-project-15226,#elinino2023,#hotosm-project-15233,#hotosm-project-15380,#hotosm-project-15390,#krcs-elnino-mapping,#hotosm-project-15413,#hotosm-project-15393,#hotosm-project-15392,#hotosm-project-15395",2023-08-15 00:00:00+00:00,2023-09-01 00:00:00+00:00
31,Titus Mulenga,https://www.openstreetmap.org/user/Titus%20Mulenga,15693878,192,23812,Somalia,"JOSM/1.5 (18463 en),JOSM/1.5 (18789 en)",1969,19049,701,91,3919,39,13,0,0,0,0,0,3913,29,6,9,0,0,0,0,"{""building"": 3913, ""highway"": 6}","{""building"": 29, ""highway"": 9, ""surface"": 5, ""attribution"": 3, ""source"": 3, ""tracktype"": 3, ""landuse"": 1}","#hotosm-project-15256,#elnino2023,#omhesa,#fao_swalim,#fao_rtea,#hotosm-project-15374",2023-08-15 00:00:00+00:00,2023-09-01 00:00:00+00:00
32,onesimusGGA,https://www.openstreetmap.org/user/onesimusGGA,13063544,125,21060,"Somalia,Philippines,Kenya","JOSM/1.5 (18531 en),JOSM/1.5 (18678 en)",0,16636,757,60,3536,51,6,14,0,0,0,0,3523,26,0,17,0,0,0,0,"{""building"": 3523, ""type"": 14}","{""building"": 26, ""highway"": 17, ""surface"": 13, ""source"": 4, ""landuse"": 4, ""attribution"": 2, ""tracktype"": 2, ""barrier"": 1}","#hotosm-project-15227,#elnino2023,#omhesa,#fao_swalim,#fao_rtea,#youthmappersfuta,#hotosm-project-15234,#hotosm-project-15386,#hotosm-project-15233,#hotosm-project-15388,#hotosm-project-15255,#hotosm-project-15254,#hotosm-project-15390,#krcs-elnino-mapping,#hotosm-project-15392",2023-08-15 00:00:00+00:00,2023-09-01 00:00:00+00:00
33,Arnold Nkwabong,https://www.openstreetmap.org/user/Arnold%20Nkwabong,15739934,53,18012,"Ethiopia,Somalia","JOSM/1.5 (18646 fr),JOSM/1.5 (18646 en)",0,11820,3154,308,2502,184,42,1,1,0,126,60,2501,156,0,25,0,2,0,0,"{""building"": 2501, ""source"": 157, ""Full_Plus_Code"": 31, ""type"": 1}","{""building"": 156, ""source"": 65, ""highway"": 25, ""Full_Plus_Code"": 3, ""alt_name"": 2, ""name"": 2, ""name:en"": 2, ""waterway"": 2, ""barrier"": 1, ""landuse"": 1, ""destination"": 1, ""type"": 1}","#hotosm-project-15400,#elnino2023,#omhesa,#fao_swalim,#fao_rtea,#buildings,#corrected,#hotosm-project-15226,#elinino2023,#modified,#GISCorps,#hotosm-project-15234,#highways",2023-08-15 00:00:00+00:00,2023-09-01 00:00:00+00:00
34,chomba chishala,https://www.openstreetmap.org/user/chomba%20chishala,5323284,104,17971,"Kenya,Somalia","iD 2.21.1,JOSM/1.5 (18721 en)",0,13652,1027,30,3202,56,4,0,0,0,0,0,3202,39,0,9,0,0,0,1,"{""building"": 3202}","{""building"": 39, ""highway"": 9, ""surface"": 9, ""landuse"": 8, ""attribution"": 1, ""source"": 1, ""amenity"": 1, ""religion"": 1}","#hotosm-project-15383,#elinino2023,#omhesa,#fao_swalim,#fao_rtea,#elnino2023,#hotosm-project-15380,#hotosm-project-15256,#hotosm-project-15373,#hotosm-project-15374",2023-08-15 00:00:00+00:00,2023-09-01 00:00:00+00:00
35,Mercy14846,https://www.openstreetmap.org/user/Mercy14846,9449463,237,12541,"Somalia,Kenya",JOSM/1.5 (18700 en),24,6928,3170,825,1411,35,169,3,0,0,0,2,1407,27,1,4,0,0,0,0,"{""building"": 1407, ""source"": 26, ""type"": 3, ""highway"": 1}","{""building"": 27, ""source"": 4, ""highway"": 4, ""surface"": 3, ""ford"": 2, ""landuse"": 2}","#hotosm-project-15232,#elnino2023,#omhesa,#fao_swalim,#fao_rtea,#youthmappersfuta,#hotosm-project-15225,#elinino2023,#youthmappers,#hotosm-project-15254,#hotosm-project-15256,#hotosm-project-15390,#krcs-elnino-mapping,#hotosm-project-15375,#hotosm-project-15376",2023-08-15 00:00:00+00:00,2023-09-01 00:00:00+00:00
36,Muluba,https://www.openstreetmap.org/user/Muluba,9180262,55,12209,Somalia,JOSM/1.5 (18700 fr),12580,9645,384,16,2087,73,3,1,0,0,0,0,1975,3,106,67,0,0,0,1,"{""building"": 1975, ""highway"": 106, ""type"": 1}","{""highway"": 67, ""surface"": 41, ""source"": 4, ""building"": 3, ""barrier"": 2, ""amenity"": 1, ""landuse"": 1}","#hotosm-project-15225,#elinino2023,#omhesa,#fao_swalim,#fao_rtea,#elnino2023,#hotosm-project-15375",2023-08-15 00:00:00+00:00,2023-09-01 00:00:00+00:00
37,bakole,https://www.openstreetmap.org/user/bakole,6305272,33,11089,"Somalia,Kenya",JOSM/1.5 (18789 en),0,7881,1227,68,1865,45,3,0,0,0,0,0,1864,33,0,12,0,0,0,1,"{""building"": 1864}","{""building"": 33, ""highway"": 12, ""surface"": 12, ""attribution"": 2, ""source"": 2, ""amenity"": 1, ""religion"": 1}","#hotosm-project-15232,#elnino2023,#omhesa,#fao_swalim,#fao_rtea,#hotosm-project-15387,#hotosm-project-15225,#hotosm-project-15256",2023-08-15 00:00:00+00:00,2023-09-01 00:00:00+00:00
38,Sinduja Sindu,https://www.openstreetmap.org/user/Sinduja%20Sindu,15756875,23,10540,Ethiopia,"JOSM/1.5 (18772 en),JOSM/1.5 (18789 en)",3695,7594,1688,2,1225,29,1,1,0,0,0,1,1166,8,29,12,0,0,0,0,"{""building"": 1166, ""highway"": 29, ""landuse"": 2, ""place"": 1, ""name"": 1, ""type"": 1}","{""highway"": 12, ""building"": 8, ""landuse"": 4, ""maxspeed"": 2, ""motorcar"": 2, ""name"": 2, ""source"": 2, ""surface"": 2}","#hotosm-project-15400,#elnino2023,#omhesa,#fao_swalim,#fao_rtea,#hotosm-project-15405,#hotosm-project-15402",2023-08-15 00:00:00+00:00,2023-09-01 00:00:00+00:00
39,Marvins9,https://www.openstreetmap.org/user/Marvins9,13800866,50,10308,"Kenya,Ethiopia",JOSM/1.5 (18746 en),0,6585,1615,444,1532,70,62,0,0,0,0,0,1532,70,0,0,0,0,0,0,"{""building"": 1532}","{""building"": 70, ""building:levels"": 1}","#hotosm-project-15390,#elnino2023,#omhesa,#fao_swalim,#fao_rtea,#YouthMappersFUTA,#hotosm-project-15387,#YouyhMappersFUTA,#hotosm-project-15388,#YouthMAppersFUTA,#hotosm-project-15402,#krcs-elnino-mapping,#hotosm-project-15392,#hotosm-project-15395,#hotosm-project-15393",2023-08-15 00:00:00+00:00,2023-09-01 00:00:00+00:00
40,abisaky,https://www.openstreetmap.org/user/abisaky,12182010,71,10260,"Kenya,Somalia",iD 2.21.1,0,8748,16,0,1495,1,0,0,0,0,0,0,1495,1,0,0,0,0,0,0,"{""building"": 1495, ""layer"": 1}","{""building"": 1}","#hotosm-project-15387,#elnino2023,#omhesa,#fao_swalim,#fao_rtea,#hotosm-project-15386,#hotosm-project-15385,#hotosm-project-15383,#hotosm-project-15388,#hotosm-project-15392,#hotosm-project-15390,#krcs-elnino-mapping,#hotosm-project-15413",2023-08-15 00:00:00+00:00,2023-09-01 00:00:00+00:00
41,Aderaw Tsegaye,https://www.openstreetmap.org/user/Aderaw%20Tsegaye,20074159,1069,10170,"Ethiopia,Kenya,Somalia",iD 2.21.1,0,9070,14,0,1066,20,0,0,0,0,0,0,1066,16,0,3,0,0,0,0,"{""building"": 1066, ""layer"": 6}","{""building"": 16, ""highway"": 3, ""name"": 1, ""surface"": 1, ""layer"": 1}","#hotosm-project-15401,#elnino2023,#omhesa,#fao_swalim,#fao_rtea,#hotosm-project-15402,#hotosm-project-15409,#hotosm-project-15256,#hotosm-project-15405,#hotosm-project-15400",2023-08-15 00:00:00+00:00,2023-09-01 00:00:00+00:00
42,Puxan,https://www.openstreetmap.org/user/Puxan,5328434,216,10018,"Somalia,Kenya","JOSM/1.5 (18789 ca),JOSM/1.5 (18822 ca)",637,3505,4393,996,821,186,117,0,0,0,2,4,816,108,4,63,0,3,0,2,"{""building"": 816, ""highway"": 4, ""man_made"": 2, ""barrier"": 1, ""surface"": 1}","{""building"": 108, ""highway"": 63, ""surface"": 44, ""barrier"": 5, ""waterway"": 3, ""man_made"": 2, ""tower:type"": 2, ""source"": 2, ""tracktype"": 2, ""amenity"": 2, ""construction"": 1, ""ford"": 1, ""intermittent"": 1, ""attribution"": 1, ""religion"": 1, ""landuse"": 1, ""material"": 1, ""natural"": 1, ""name"": 1}","#hotosm-project-15226,#elinino2023,#omhesa,#fao_swalim,#fao_rtea,#hotosm-project-15225,#elnino2023,#fao_rteaElimino,#hotosm-project-15254,#hotosm-project-15393,#fao_rteaOrtogonalizo",2023-08-15 00:00:00+00:00,2023-09-01 00:00:00+00:00
43,Julie Maingi,https://www.openstreetmap.org/user/Julie%20Maingi,16576192,50,9861,Kenya,iD 2.21.1,0,8095,14,210,1487,3,52,0,0,0,0,0,1487,1,0,2,0,0,0,0,"{""building"": 1487}","{""highway"": 2, ""building"": 1}","#hotosm-project-15387,#elnino2023,#omhesa,#fao_swalim,#fao_rtea,#hotosm-project-15386,#hotosm-project-15390,#krcs-elnino-mapping,#hotosm-project-15393",2023-08-15 00:00:00+00:00,2023-09-01 00:00:00+00:00
44,Echege,https://www.openstreetmap.org/user/Echege,17182763,75,9322,"Kenya,Somalia",iD 2.21.1,0,7836,0,60,1410,1,15,0,0,0,0,0,1410,1,0,0,0,0,0,0,"{""building"": 1410, ""layer"": 6}","{""building"": 1}","#hotosm-project-15392,#elnino2023,#omhesa,#fao_swalim,#fao_rtea,#hotosm-project-15385,#hotosm-project-15380,#hotosm-project-15395,#krcs-elnino-mapping",2023-08-15 00:00:00+00:00,2023-09-01 00:00:00+00:00
45,Everlyne Mwende,https://www.openstreetmap.org/user/Everlyne%20Mwende,20070259,49,8508,"Kenya,Somalia,Ethiopia",iD 2.21.1,0,6972,80,170,1252,9,25,0,0,0,0,0,1252,0,0,5,0,0,0,0,"{""building"": 1252, ""layer"": 1}","{""highway"": 5, ""landuse"": 4, ""source"": 1, ""surface"": 1}","#hotosm-project-15387,#elnino2023,#omhesa,#fao_swalim,#fao_rtea,#hotosm-project-15388,#hotosm-project-15392,#hotosm-project-15413,#hotosm-project-15390,#krcs-elnino-mapping,#hotosm-project-15393,#hotosm-project-15395,#hotosm-project-15400",2023-08-15 00:00:00+00:00,2023-09-01 00:00:00+00:00
46,vaston02,https://www.openstreetmap.org/user/vaston02,6989803,72,8189,"Kenya,Somalia",JOSM/1.5 (18570 en),0,6272,275,219,1364,19,40,0,0,0,0,0,1364,12,0,2,0,0,0,0,"{""building"": 1364}","{""building"": 12, ""landuse"": 5, ""highway"": 2, ""name"": 1, ""surface"": 1}","#hotosm-project-15386,#elnino2023,#omhesa,#fao_swalim,#fao_rtea,#hotosm-project-15388,#hotosm-project-15385,#hotosm-project-15387,#hotosm-project-15383,#hotosm-project-15390,#krcs-elnino-mapping,#hotosm-project-15413",2023-08-15 00:00:00+00:00,2023-09-01 00:00:00+00:00
47,Calyppe,https://www.openstreetmap.org/user/Calyppe,4839953,153,7988,"Ethiopia,Somalia,Kenya",iD 2.21.1,189,5579,1280,160,914,27,28,0,0,0,0,0,912,9,2,18,0,0,0,0,"{""building"": 912, ""highway"": 2}","{""highway"": 18, ""building"": 9}","#hotosm-project-15400,#elnino2023,#omhesa,#fao_swalim,#fao_rtea,#hotosm-project-15225,#elinino2023,#hotosm-project-15383",2023-08-15 00:00:00+00:00,2023-09-01 00:00:00+00:00
48,Gloria_DelPuerto,https://www.openstreetmap.org/user/Gloria_DelPuerto,18840385,30,7774,Kenya,JOSM/1.5 (18789 es),0,3735,2823,566,561,45,44,0,0,0,0,0,560,45,0,0,0,0,0,0,"{""building"": 560, ""barrier"": 1}","{""building"": 45}","#hotosm-project-15409,#elnino2023,#omhesa,#fao_swalim,#fao_rtea",2023-08-15 00:00:00+00:00,2023-09-01 00:00:00+00:00
49,ODULANA OLUWATOYIN,https://www.openstreetmap.org/user/ODULANA%20OLUWATOYIN,10483398,109,7671,"Somalia,Kenya,Ethiopia",JOSM/1.5 (18583 en),0,5640,589,48,1353,38,3,0,0,0,0,0,1353,25,0,13,0,0,0,0,"{""building"": 1353}","{""building"": 25, ""highway"": 13, ""surface"": 12, ""residential"": 1}","#hotosm-project-15383,#elnino2023,#omhesa,#fao_swalim,#fao_rtea,#building,#bingaerialimagery,#buildings,#hotosm-project-15400,#Esriimagery,#mapping,#hotosm-project-15256,#Mapping,#Hotdqi2022,#Buildings,#Esriworldimagery,#hotosm-project-15258,#addedbuildings,#hotdqi2022,#mapbox,#Building,#hotosm-project-15392,#added,#Bingimagery,#hotosm-project-15254,#hotosm-project-15395,#krcs-elnino-mapping,#hotosm-project-15376",2023-08-15 00:00:00+00:00,2023-09-01 00:00:00+00:00
50,tshedy,https://www.openstreetmap.org/user/tshedy,2640046,95,7384,"Ethiopia,Somalia,Kenya,Lesotho",JOSM/1.5 (18772 en),0,5791,701,6,822,64,0,0,0,0,0,0,822,51,0,5,0,2,0,0,"{""building"": 822}","{""building"": 51, ""highway"": 5, ""surface"": 5, ""landuse"": 4, ""source"": 3, ""name"": 2, ""waterway"": 2, ""motorcar"": 1, ""ref"": 1, ""natural"": 1, ""water"": 1}","#hotosm-project-15400,#elnino2023,#omhesa,#fao_swalim,#fao_rtea,#hotosm-project-15225,#hotosm-project-15386,#hotosm-project-15233,#hotosm-project-15232,#hotosm-project-15393,#hotosm-project-15377",2023-08-15 00:00:00+00:00,2023-09-01 00:00:00+00:00
51,Qwajo OSM,https://www.openstreetmap.org/user/Qwajo%20OSM,4853701,102,6999,"Somalia,Zambia,Rwanda,Comoros,Kenya","JOSM/1.5 (18789 en),JOSM/1.5 (18822 en)",0,1847,4316,262,402,144,27,1,0,0,0,1,398,113,0,28,0,0,0,2,"{""building"": 398, ""landuse"": 4, ""type"": 1}","{""building"": 113, ""highway"": 28, ""surface"": 25, ""tracktype"": 4, ""landuse"": 2, ""amenity"": 2, ""religion"": 2, ""name"": 1}","#hotosm-project-15227,#elnino2023,#omhesa,#fao_swalim,#fao_rtea,#hotosm-project-15232,#youthmappers,#uccyouthmappers,#hotosm-project-15254,#hotosm-project-15258,#hotosm-project-15371,#hotosm-project-15390,#krcs-elnino-mapping",2023-08-15 00:00:00+00:00,2023-09-01 00:00:00+00:00
52,Zekarias T Birhanu,https://www.openstreetmap.org/user/Zekarias%20T%20Birhanu,18417752,32,6889,"Somalia,Ethiopia",iD 2.21.1,0,6243,23,6,608,8,1,0,0,0,0,0,608,5,0,2,0,0,0,0,"{""building"": 608, ""layer"": 1}","{""building"": 5, ""highway"": 2, ""landuse"": 1}","#hotosm-project-15400,#elnino2023,#omhesa,#fao_swalim,#fao_rtea,#hotosm-project-15402,#hotosm-project-15405",2023-08-15 00:00:00+00:00,2023-09-01 00:00:00+00:00
53,Liza Ayoo,https://www.openstreetmap.org/user/Liza%20Ayoo,20068099,40,6802,Somalia,iD 2.21.1,0,4951,47,569,1064,32,139,0,0,0,0,0,1064,8,0,20,0,0,0,0,"{""building"": 1064, ""layer"": 5}","{""highway"": 20, ""building"": 8, ""landuse"": 4, ""attribution"": 1, ""surface"": 1, ""tracktype"": 1, ""layer"": 1}","#hotosm-project-15380,#elnino2023,#omhesa,#fao_swalim,#fao_rtea",2023-08-15 00:00:00+00:00,2023-09-01 00:00:00+00:00
54,Far_Omo,https://www.openstreetmap.org/user/Far_Omo,20077395,49,6348,"Kenya,Somalia",iD 2.21.1,0,5189,0,148,981,0,30,0,0,0,0,0,981,0,0,0,0,0,0,0,"{""building"": 981}",{},"#hotosm-project-15388,#elnino2023,#omhesa,#fao_swalim,#fao_rtea,#hotosm-project-15385,#hotosm-project-15386,#hotosm-project-15383,#hotosm-project-15380,#hotosm-project-15393",2023-08-15 00:00:00+00:00,2023-09-01 00:00:00+00:00
55,MIKWELL,https://www.openstreetmap.org/user/MIKWELL,2582756,90,6034,Somalia,iD 2.21.1,0,5358,49,41,564,17,5,0,0,0,0,0,563,2,0,10,0,0,0,0,"{""building"": 563, ""area"": 1}","{""highway"": 10, ""surface"": 10, ""tracktype"": 4, ""barrier"": 3, ""building"": 2, ""landuse"": 2}","#hotosm-project-15380,#elnino2023,#omhesa,#fao_swalim,#fao_rtea,#hotosm-project-15372",2023-08-15 00:00:00+00:00,2023-09-01 00:00:00+00:00
56,yonasnikola,https://www.openstreetmap.org/user/yonasnikola,3446205,39,6031,"Ethiopia,Kenya",iD 2.21.1,0,5087,7,2,929,6,0,0,0,0,0,0,929,1,0,2,0,1,0,0,"{""building"": 929}","{""highway"": 2, ""landuse"": 2, ""source"": 1, ""waterway"": 1, ""building"": 1}","#hotosm-project-15405,#elnino2023,#omhesa,#fao_swalim,#fao_rtea,#hotosm-project-15383",2023-08-15 00:00:00+00:00,2023-09-01 00:00:00+00:00
57,PRISCOVIA12,https://www.openstreetmap.org/user/PRISCOVIA12,12176699,75,5640,"Somalia,Kenya",JOSM/1.5 (18543 en),0,4611,107,18,891,9,4,0,0,0,0,0,891,3,0,1,0,0,0,0,"{""building"": 891}","{""building"": 3, ""barrier"": 2, ""landuse"": 2, ""highway"": 1, ""surface"": 1}","#hotosm-project-15232,#elnino2023,#omhesa,#fao_swalim,#fao_rtea,#hotosm-project-15226,#elinino2023,#hotosm-project-15233,#hotosm-project-15383,#hotosm-project-15234,#hotosm-project-15413,#hotosm-project-15392",2023-08-15 00:00:00+00:00,2023-09-01 00:00:00+00:00
58,DOPSS,https://www.openstreetmap.org/user/DOPSS,15741997,101,5565,"Somalia,Kenya","JOSM/1.5 (18570 fr),JOSM/1.5 (18789 fr)",4020,3901,637,99,839,68,20,1,0,0,20,7,770,14,25,41,0,2,0,0,"{""building"": 770, ""highway"": 25, ""landuse"": 25, ""place"": 20, ""surface"": 20, ""barrier"": 12, ""type"": 1, ""source"": 1}","{""highway"": 41, ""surface"": 36, ""building"": 14, ""landuse"": 5, ""place"": 4, ""source"": 3, ""ford"": 2, ""attribution"": 2, ""tracktype"": 2, ""name"": 2, ""waterway"": 2, ""intermittent"": 1}","#hotosm-project-15234,#elnino2023,#omhesa,#fao_swalim,#fao_rtea,#hotosm-project-15233,#hotosm-project-15258,#hotosm-project-15254,#modifications,#modification,#hotosm-project-15256,#hotosm-project-15393",2023-08-15 00:00:00+00:00,2023-09-01 00:00:00+00:00
59,Ponsyano,https://www.openstreetmap.org/user/Ponsyano,14927325,57,5381,"Somalia,Ecuador,Kenya",iD 2.21.1,2098,3862,433,234,783,23,46,0,0,0,0,0,775,7,6,15,1,1,0,0,"{""building"": 775, ""highway"": 6, ""waterway"": 1, ""natural"": 1, ""water"": 1}","{""highway"": 15, ""surface"": 13, ""building"": 7, ""name"": 1, ""source"": 1, ""waterway"": 1}","#hotosm-project-15232,#elnino2023,#omhesa,#fao_swalim,#fao_rtea,#osmtl",2023-08-15 00:00:00+00:00,2023-09-01 00:00:00+00:00
60,Bukenya Janan Baker,https://www.openstreetmap.org/user/Bukenya%20Janan%20Baker,10047805,68,5019,Somalia,JOSM/1.5 (18746 en),223,3715,409,35,795,65,0,0,0,0,0,0,793,39,2,26,0,0,0,0,"{""building"": 793, ""highway"": 2}","{""building"": 39, ""highway"": 26, ""surface"": 26}","#hotosm-project-15234,#elnino2023,#omhesa,#fao_swalim,#fao_rtea,#hotosm-project-15375",2023-08-15 00:00:00+00:00,2023-09-01 00:00:00+00:00
61,Satso,https://www.openstreetmap.org/user/Satso,20077594,58,4966,Kenya,iD 2.21.1,0,3996,72,4,892,1,1,0,0,0,0,0,892,0,0,1,0,0,0,0,"{""building"": 892}","{""highway"": 1}","#hotosm-project-15387,#elnino2023,#omhesa,#fao_swalim,#fao_rtea,#hotosm-project-15386,#hotosm-project-15383",2023-08-15 00:00:00+00:00,2023-09-01 00:00:00+00:00
62,maja_turkalj,https://www.openstreetmap.org/user/maja_turkalj,5249472,112,4731,"Somalia,Kenya,Ethiopia",JOSM/1.5 (18583 en_GB),0,3774,221,5,716,15,0,0,0,0,0,0,716,5,0,10,0,0,0,0,"{""building"": 716}","{""highway"": 10, ""surface"": 10, ""building"": 5}","#hotosm-project-15233,#elnino2023,#omhesa,#fao_swalim,#fao_rtea,#hotosm-project-15225,#hotosm-project-15254,#hotosm-project-15256,#hotosm-project-15395,#hotosm-project-15372,#hotosm-project-15409,#hotosm-project-15405,#hotosm-project-15375",2023-08-15 00:00:00+00:00,2023-09-01 00:00:00+00:00
63,HBanu,https://www.openstreetmap.org/user/HBanu,14545339,368,4369,"Kenya,Somalia,Ethiopia","iD 2.21.1,JOSM/1.5 (18789 en)",552,2688,1225,0,450,5,0,1,0,0,0,0,439,0,8,5,0,0,0,0,"{""building"": 439, ""highway"": 8, ""noname"": 7, ""wall"": 1, ""surface"": 1, ""type"": 1}","{""highway"": 5, ""noname"": 2, ""ref"": 1, ""surface"": 1}","#hotosm-project-15388,#elnino2023,#omhesa,#fao_swalim,#fao_rtea,#hotosm-project-15409,#hotosm-project-15254,#hotosm-project-15234,#Giscorps,#hotosm-project-15401,#GisCorps,#hotosm-project-15380,#hotosm-project-15371,#hotosm-project-15372,#hotosm-project-15377,#hotosm-project-15390,#krcs-elnino-mapping,#hotosm-project-15392",2023-08-15 00:00:00+00:00,2023-09-01 00:00:00+00:00
64,Chabota Munachoonga,https://www.openstreetmap.org/user/Chabota%20Munachoonga,5323285,80,4332,Somalia,"iD 2.21.1,JOSM/1.5 (18721 en)",0,3364,162,5,778,23,0,0,0,0,0,0,778,19,0,2,0,0,0,2,"{""building"": 778}","{""building"": 19, ""highway"": 2, ""surface"": 2, ""amenity"": 2, ""religion"": 2, ""landuse"": 1}","#hotosm-project-15256,#elnino2023,#omhesa,#fao_swalim,#fao_rtea,#hotosm-project-15374",2023-08-15 00:00:00+00:00,2023-09-01 00:00:00+00:00
65,Ashok Thakulla,https://www.openstreetmap.org/user/Ashok%20Thakulla,10963925,41,4284,"Kenya,Somalia",JOSM/1.5 (18772 en),17320,3430,245,0,593,16,0,0,0,0,0,0,537,0,54,14,0,2,0,0,"{""building"": 537, ""highway"": 54}","{""highway"": 14, ""source"": 5, ""ref"": 3, ""surface"": 3, ""name"": 2, ""waterway"": 2, ""wikipedia"": 2, ""alt_name"": 1, ""is_in:country"": 1, ""wikidata"": 1}","#hotosm-project-15388,#elnino2023,#omhesa,#fao_swalim,#fao_rtea,#hotosm-project-15387,#hotosm-project-15232,#added,#hotosm-project-15234",2023-08-15 00:00:00+00:00,2023-09-01 00:00:00+00:00
66,Hawa Adinani,https://www.openstreetmap.org/user/Hawa%20Adinani,3044490,23,4237,"Somalia,Kenya",JOSM/1.5 (18360 Debian en),96,3489,146,5,586,11,0,0,0,0,0,0,584,3,2,6,0,0,0,0,"{""building"": 584, ""highway"": 2}","{""highway"": 6, ""source"": 4, ""building"": 3, ""surface"": 1, ""landuse"": 1, ""barrier"": 1}","#hotosm-project-15256,#elnino2023,#omhesa,#fao_swalim,#fao_rtea,#hotosm-project-15395,#krcs-elnino-mapping",2023-08-15 00:00:00+00:00,2023-09-01 00:00:00+00:00
67,Godfrey Mgulwa,https://www.openstreetmap.org/user/Godfrey%20Mgulwa,16063487,55,4219,"Somalia,Kenya",JOSM/1.5 (18700 en_GB),966,3161,284,1,744,29,0,0,0,0,0,3,724,0,19,23,0,0,0,0,"{""building"": 724, ""highway"": 19, ""surface"": 1}","{""highway"": 23, ""surface"": 22, ""place"": 2, ""source"": 2, ""alt_name"": 1, ""name"": 1, ""pcode"": 1, ""ford"": 1, ""attribution"": 1}","#hotosm-project-15254,#elnino2023,#omhesa,#fao_swalim,#fao_rtea,#hotosm-project-15258,#hotosm-project-15388",2023-08-15 00:00:00+00:00,2023-09-01 00:00:00+00:00
68,Afolabi Victor Ayodeji,https://www.openstreetmap.org/user/Afolabi%20Victor%20Ayodeji,10476531,24,4124,"Somalia,Kenya","JOSM/1.5 (18360 en),JOSM/1.5 (18789 en)",0,2627,251,603,545,10,88,0,0,0,0,0,544,3,0,3,0,1,0,0,"{""building"": 544}","{""building"": 3, ""highway"": 3, ""natural"": 2, ""water"": 2, ""waterway"": 1, ""landuse"": 1}","#hotosm-project-15233,#elnino2023,#omhesa,#fao_swalim,#fao_rtea,#Youthmappersfuta,#hotosm-project-15390,#krcs-elnino-mapping,#hotosm-project-15393,#hotosm-project-15413",2023-08-15 00:00:00+00:00,2023-09-01 00:00:00+00:00
69,violeth salvatory,https://www.openstreetmap.org/user/violeth%20salvatory,20069947,18,3728,Kenya,iD 2.21.1,0,3111,0,0,613,4,0,0,0,0,0,0,613,0,0,4,0,0,0,0,"{""building"": 613}","{""highway"": 4, ""source"": 4, ""source_dat"": 1, ""surface"": 1}","#hotosm-project-15383,#elinino2023,#omhesa,#fao_swalim,#fao_rtea,#hotosm-project-15392,#elnino2023,#hotosm-project-15386",2023-08-15 00:00:00+00:00,2023-09-01 00:00:00+00:00
70,Razak21,https://www.openstreetmap.org/user/Razak21,13040649,22,3587,"Kenya,Ethiopia,Somalia","iD 2.21.1,JOSM/1.5 (18772 fr)",39,2812,63,206,453,9,44,0,0,0,0,0,452,3,1,4,0,0,0,0,"{""building"": 452, ""embankment"": 1, ""highway"": 1, ""tracktype"": 1}","{""highway"": 4, ""building"": 3, ""landuse"": 2}","#hotosm-project-15387,#elnino2023,#omhesa,#fao_swalim,#fao_rtea,#hotosm-project-15400,#hotosm-project-15413",2023-08-15 00:00:00+00:00,2023-09-01 00:00:00+00:00
71,Erick tamba,https://www.openstreetmap.org/user/Erick%20tamba,10570996,17,3453,"Ethiopia,Kenya,Somalia",JOSM/1.5 (17919 en),0,2906,9,0,538,0,0,0,0,0,0,0,538,0,0,0,0,0,0,0,"{""building"": 538}",{},"#hotosm-project-15401,#elnino2023,#omhesa,#fao_swalim,#fao_rtea,#hotosm-project-15409,#hotosm-project-15258",2023-08-15 00:00:00+00:00,2023-09-01 00:00:00+00:00
72,Jawahir Cabdi,https://www.openstreetmap.org/user/Jawahir%20Cabdi,20058120,462,3408,"Somalia,Kenya","iD 2.21.1,iD 2.27.1",936,2917,18,8,445,18,2,0,0,0,0,1,425,4,4,10,1,1,0,0,"{""building"": 425, ""name"": 38, ""building:levels"": 20, ""height"": 20, ""landuse"": 13, ""highway"": 4, ""natural"": 2, ""oneway"": 1, ""footway"": 1, ""waterway"": 1, ""water"": 1}","{""highway"": 10, ""building"": 4, ""alt_name"": 1, ""name"": 1, ""pcode"": 1, ""place"": 1, ""source"": 1, ""landuse"": 1, ""waterway"": 1, ""surface"": 1}","#hotosm-project-15413,#elnino2023,#omhesa,#fao_swalim,#fao_rtea,#hotosm-project-15380,#hotosm-project-15390,#krcs-elnino-mapping,#hotosm-project-15393,#hotosm-project-15375",2023-08-15 00:00:00+00:00,2023-09-01 00:00:00+00:00
73,Yeahya2,https://www.openstreetmap.org/user/Yeahya2,20076470,42,3356,Kenya,iD 2.21.1,0,1987,140,635,431,19,144,0,0,0,0,0,431,13,0,6,0,0,0,0,"{""building"": 431}","{""building"": 13, ""highway"": 6}","#building,#hotosm-project-15385,#elnino2023,#omhesa,#fao_swalim,#fao_rtea,#hotosm-project-15387,#hotosm-project-15383",2023-08-15 00:00:00+00:00,2023-09-01 00:00:00+00:00
74,AMETOVENA,https://www.openstreetmap.org/user/AMETOVENA,9602844,176,3218,Somalia,JOSM/1.5 (18427 fr),0,1773,817,200,357,28,43,0,0,0,0,2,357,21,0,5,0,0,0,0,"{""building"": 357}","{""building"": 21, ""highway"": 5, ""surface"": 5, ""place"": 2, ""alt_name"": 1, ""name"": 1, ""pcode"": 1, ""source"": 1, ""barrier"": 1}","#hotosm-project-15226,#elinino2023,#omhesa,#fao_swalim,#fao_rtea,#hotosm-project-15232,#elnino2023,#hotosm-project-15225",2023-08-15 00:00:00+00:00,2023-09-01 00:00:00+00:00
75,frozenrabi,https://www.openstreetmap.org/user/frozenrabi,10459757,21,3152,"Somalia,Kenya",JOSM/1.5 (18678 en),2744,1202,1674,8,252,14,0,2,0,0,0,3,247,9,1,5,0,0,0,0,"{""building"": 247, ""natural"": 2, ""type"": 2, ""highway"": 1, ""water"": 1}","{""building"": 9, ""highway"": 5, ""surface"": 4, ""man_made"": 2, ""tower:type"": 2, ""ford"": 1, ""source"": 1, ""source_dat"": 1}","#hotosm-project-15226,#elinino2023,#omhesa,#fao_swalim,#fao_rtea,#frozenrabi,#hotosm-project-15383,#elnino2023,#ges,#osmnepal,#hotosm-project-15386",2023-08-15 00:00:00+00:00,2023-09-01 00:00:00+00:00
76,etsyo,https://www.openstreetmap.org/user/etsyo,16197001,9,3084,Kenya,JOSM/1.5 (18772 en),0,2509,12,16,544,0,3,0,0,0,0,0,544,0,0,0,0,0,0,0,"{""building"": 544}",{},"#hotosm-project-15395,#elnino2023,#omhesa,#fao_swalim,#fao_rtea,#krcs-elnino-mapping",2023-08-15 00:00:00+00:00,2023-09-01 00:00:00+00:00
77,kombe1207,https://www.openstreetmap.org/user/kombe1207,3046993,13,2908,"Somalia,Kenya",JOSM/1.5 (18810 en),0,2282,97,8,516,3,1,1,0,0,0,0,515,3,0,0,0,0,0,0,"{""building"": 515, ""type"": 1}","{""building"": 3}","#hotosm-project-15226,#elinino2023,#omhesa,#fao_swalim,#fao_rtea,#hotosm-project-15254,#elnino2023,#hotosm-project-15395",2023-08-15 00:00:00+00:00,2023-09-01 00:00:00+00:00
78,WamburaJ,https://www.openstreetmap.org/user/WamburaJ,17745445,21,2770,Kenya,iD 2.21.1,0,2262,5,16,485,1,1,0,0,0,0,1,485,0,0,1,0,0,0,0,"{""building"": 485, ""name"": 2}","{""addr:city"": 1, ""addr:street"": 1, ""name"": 1, ""tourism"": 1, ""highway"": 1}","#hotosm-project-15388,#elnino2023,#omhesa,#fao_swalim,#fao_rtea,#hotosm-project-15386,#hotosm-project-15387,#hotosm-project-15383",2023-08-15 00:00:00+00:00,2023-09-01 00:00:00+00:00
79,Libor Bednarik,https://www.openstreetmap.org/user/Libor%20Bednarik,4355439,16,2730,Somalia,JOSM/1.5 (18789 cs),0,903,1563,87,154,12,11,0,0,0,0,1,154,3,0,6,0,0,0,0,"{""building"": 154}","{""highway"": 6, ""surface"": 4, ""building"": 3, ""landuse"": 2, ""natural"": 1, ""water"": 1, ""tracktype"": 1, ""name"": 1, ""pcode"": 1, ""place"": 1, ""source"": 1}","#hotosm-project-15232,#elnino2023,#omhesa,#fao_swalim,#fao_rtea,#hotosm-project-15234",2023-08-15 00:00:00+00:00,2023-09-01 00:00:00+00:00
80,adewi1997,https://www.openstreetmap.org/user/adewi1997,18133347,53,2659,Kenya,JOSM/1.5 (18678 fr),0,2099,22,21,508,7,2,0,0,0,0,0,508,7,0,0,0,0,0,0,"{""building"": 508}","{""building"": 7}","#hotosm-project-15383,#elnino2023,#omhesa,#fao_swalim,#fao_rtea",2023-08-15 00:00:00+00:00,2023-09-01 00:00:00+00:00
81,Amanuel Getachew Mamo,https://www.openstreetmap.org/user/Amanuel%20Getachew%20Mamo,18561187,12,2657,Ethiopia,iD 2.21.1,0,2115,0,0,521,21,0,0,0,0,0,0,521,3,0,18,0,0,0,0,"{""building"": 521}","{""highway"": 18, ""building"": 3}","#hotosm-project-15402,#elnino2023,#omhesa,#fao_swalim,#fao_rtea",2023-08-15 00:00:00+00:00,2023-09-01 00:00:00+00:00
82,Kilambega,https://www.openstreetmap.org/user/Kilambega,17395085,33,2459,Kenya,iD 2.21.1,0,2005,0,0,450,4,0,0,0,0,0,0,450,1,0,2,0,0,0,0,"{""building"": 450, ""layer"": 2}","{""highway"": 2, ""layer"": 2, ""landuse"": 1, ""building"": 1}","#hotosm-project-15387,#elnino2023,#omhesa,#fao_swalim,#fao_rtea,#hotosm-project-15383,#hotosm-project-15386,#hotosm-project-15393,#hotosm-project-15388,#hotosm-project-15390,#krcs-elnino-mapping,#hotosm-project-15392",2023-08-15 00:00:00+00:00,2023-09-01 00:00:00+00:00
83,R4berto,https://www.openstreetmap.org/user/R4berto,20104078,1,2430,Ethiopia,iD 2.21.1,0,2307,0,0,123,0,0,0,0,0,0,0,123,0,0,0,0,0,0,0,"{""building"": 123}",{},"#hotosm-project-15401,#elnino2023,#omhesa,#fao_swalim,#fao_rtea",2023-08-15 00:00:00+00:00,2023-09-01 00:00:00+00:00
84,Tade@yoni,https://www.openstreetmap.org/user/Tade%40yoni,17943802,26,2363,"Ethiopia,Somalia,Kenya",iD 2.21.1,0,1911,4,0,439,9,0,0,0,0,0,0,439,1,0,4,0,0,0,0,"{""building"": 439, ""layer"": 1}","{""highway"": 4, ""name"": 2, ""barrier"": 2, ""admin_level"": 1, ""border_type"": 1, ""boundary"": 1, ""left:country"": 1, ""name:ar"": 1, ""name:en"": 1, ""name:fr"": 1, ""right:country"": 1, ""right:state"": 1, ""source"": 1, ""landuse"": 1, ""building"": 1}","#hotosm-project-15400,#elnino2023,#omhesa,#fao_swalim,#fao_rtea,#hotosm-project-15413",2023-08-15 00:00:00+00:00,2023-09-01 00:00:00+00:00
85,Elts_F,https://www.openstreetmap.org/user/Elts_F,20088878,26,2238,Somalia,iD 2.21.1,0,1488,356,16,368,7,3,0,0,0,0,0,368,5,0,1,0,0,0,0,"{""building"": 368}","{""building"": 5, ""attribution"": 1, ""highway"": 1, ""surface"": 1, ""tracktype"": 1, ""landuse"": 1}","#hotosm-project-15380,#elnino2023,#omhesa,#fao_swalim,#fao_rtea",2023-08-15 00:00:00+00:00,2023-09-01 00:00:00+00:00
86,Vivek Dumre,https://www.openstreetmap.org/user/Vivek%20Dumre,13116824,12,2233,"Ethiopia,Kenya,Somalia",JOSM/1.5 (18700 en),0,1359,522,70,248,28,6,0,0,0,1,0,244,12,1,8,0,6,0,0,"{""building"": 244, ""landuse"": 3, ""ford"": 1, ""highway"": 1}","{""building"": 12, ""highway"": 8, ""waterway"": 6, ""source"": 4, ""layer"": 2, ""landuse"": 2, ""AUTO_ID"": 1, ""name"": 1, ""operator"": 1, ""plant:output:electricity"": 1, ""plant:source"": 1, ""power"": 1, ""wikidata"": 1, ""bridge"": 1, ""fixme"": 1, ""surface"": 1}","#hotosm-project-15400,#elinino2023,#omhesa,#fao_swalim,#fao_rtea,#hotosm-project-15395,#elnino2023,#hotosm-project-15393,#hotosm-project-15256,#hotosm-project-15255",2023-08-15 00:00:00+00:00,2023-09-01 00:00:00+00:00
87,charles_e,https://www.openstreetmap.org/user/charles_e,20090543,12,2190,Ethiopia,"iD 2.21.1,JOSM/1.5 (18789 en_GB)",0,2023,0,0,167,0,0,0,0,0,0,0,167,0,0,0,0,0,0,0,"{""building"": 167}",{},"#hotosm-project-15402,#elnino2023,#omhesa,#fao_swalim,#fao_rtea,#hotosm-project-15401",2023-08-15 00:00:00+00:00,2023-09-01 00:00:00+00:00
88,Benjaminokeyoh1,https://www.openstreetmap.org/user/Benjaminokeyoh1,10471608,11,2169,Somalia,JOSM/1.5 (18513 en),2325,1804,32,0,333,0,0,0,0,0,0,0,326,0,7,0,0,0,0,0,"{""building"": 326, ""highway"": 7}",{},"#hotosm-project-15376,#elnino2023,#omhesa,#fao_swalim,#fao_rtea,#Benjaminokeyoh1,#good",2023-08-15 00:00:00+00:00,2023-09-01 00:00:00+00:00
89,Bernard948,https://www.openstreetmap.org/user/Bernard948,20077054,21,2138,"Kenya,Ethiopia",iD 2.21.1,0,1683,1,125,314,3,12,0,0,0,0,0,314,1,0,2,0,0,0,0,"{""building"": 314, ""layer"": 1}","{""highway"": 2, ""layer"": 1, ""tunnel"": 1, ""building"": 1}","#hotosm-project-15385,#elnino2023,#omhesa,#fao_swalim,#fao_rtea,#hotosm-project-15387,#hotosm-project-15386,#hotosm-project-15400",2023-08-15 00:00:00+00:00,2023-09-01 00:00:00+00:00
90,Royalty2002,https://www.openstreetmap.org/user/Royalty2002,18436529,8,2110,Ethiopia,"iD 2.21.1,JOSM/1.5 (18583 en)",0,1952,4,0,154,0,0,0,0,0,0,0,154,0,0,0,0,0,0,0,"{""building"": 154}",{},"#hotosm-project-15400,#elnino2023,#omhesa,#fao_swalim,#fao_rtea,#youthmappersunilag,#youthmappers,#addedbuilding,#YouthMappers,#YouthMappersUnilag",2023-08-15 00:00:00+00:00,2023-09-01 00:00:00+00:00
91,Kimeu,https://www.openstreetmap.org/user/Kimeu,8813821,16,2072,Kenya,iD 2.21.1,0,1666,0,0,406,0,0,0,0,0,0,0,406,0,0,0,0,0,0,0,"{""building"": 406}",{},"#hotosm-project-15395,#elnino2023,#omhesa,#fao_swalim,#fao_rtea,#hotosm-project-15383",2023-08-15 00:00:00+00:00,2023-09-01 00:00:00+00:00
92,Lorlormich,https://www.openstreetmap.org/user/Lorlormich,19955469,6,2065,Kenya,iD 2.21.1,0,950,730,148,193,15,29,0,0,0,0,0,193,15,0,0,0,0,0,0,"{""building"": 193}","{""building"": 15}","#hotosm-project-15387,#elnino2023,#omhesa,#fao_swalim,#fao_rtea",2023-08-15 00:00:00+00:00,2023-09-01 00:00:00+00:00
93,Racheal Twesige Kirungi,https://www.openstreetmap.org/user/Racheal%20Twesige%20Kirungi,7542262,17,2011,Kenya,iD 2.21.1,0,1616,60,0,334,1,0,0,0,0,0,0,334,0,0,0,0,0,0,0,"{""building"": 334}","{""landuse"": 1, ""name"": 1}","#hotosm-project-15387,#elnino2023,#omhesa,#fao_swalim,#fao_rtea,#hotosm-project-15395,#hotosm-project-15393",2023-08-15 00:00:00+00:00,2023-09-01 00:00:00+00:00
94,Last Mufoya,https://www.openstreetmap.org/user/Last%20Mufoya,4001728,3,1974,Ethiopia,iD 2.21.1,0,1859,0,0,112,3,0,0,0,0,0,0,112,0,0,0,0,0,0,0,"{""building"": 112}","{""landuse"": 3}","#hotosm-project-15401,#elnino2023,#omhesa,#fao_swalim,#fao_rtea",2023-08-15 00:00:00+00:00,2023-09-01 00:00:00+00:00
95,charles chilufya,https://www.openstreetmap.org/user/charles%20chilufya,10294659,43,1968,"Somalia,Kenya",JOSM/1.5 (18463 en),0,926,813,16,174,36,2,1,0,0,0,0,173,27,0,4,0,0,0,0,"{""building"": 173, ""landuse"": 1, ""type"": 1}","{""building"": 27, ""highway"": 4, ""natural"": 3, ""leaf_cycle"": 2, ""leaf_type"": 2, ""landuse"": 1}","#hotosm-project-15233,#elnino2023,#omhesa,#fao_swalim,#fao_rtea,#hotosm-project-15234,#hotosm-project-15392",2023-08-15 00:00:00+00:00,2023-09-01 00:00:00+00:00
96,bernard98,https://www.openstreetmap.org/user/bernard98,9602945,14,1963,"Somalia,Kenya",JOSM/1.5 (18789 fr),1277,1286,311,100,238,28,0,0,0,0,0,0,234,26,4,2,0,0,0,0,"{""building"": 234, ""highway"": 4}","{""building"": 26, ""highway"": 2}","#hotosm-project-15232,#elnino2023,#omhesa,#fao_swalim,#fao_rtea,#hotosm-project-15225,#elinino2023,#hotosm-project-15383,#hotosm-project-15387",2023-08-15 00:00:00+00:00,2023-09-01 00:00:00+00:00
97,theo95,https://www.openstreetmap.org/user/theo95,10165554,32,1869,"Somalia,Kenya",JOSM/1.5 (18700 fr),1582,1425,85,4,335,20,0,0,0,0,0,0,315,5,20,14,0,0,0,0,"{""building"": 315, ""highway"": 20, ""surface"": 5}","{""highway"": 14, ""surface"": 14, ""building"": 5}","#hotosm-project-15383,#elnino2023,#omhesa,#fao_swalim,#fao_rtea,#hotosm-project-15225,#hotosm-project-15233",2023-08-15 00:00:00+00:00,2023-09-01 00:00:00+00:00
98,lmourine,https://www.openstreetmap.org/user/lmourine,11361108,22,1785,Kenya,iD 2.21.1,0,1449,4,0,330,2,0,0,0,0,0,0,330,0,0,0,0,0,0,0,"{""building"": 330}","{""landuse"": 2, ""name"": 1}","#hotosm-project-15385,#elnino2023,#omhesa,#fao_swalim,#fao_rtea,#AGGES,#hotosm-project-15386,#hotosm-project-15383,#fao_rteaB,#hotosm-project-15393",2023-08-15 00:00:00+00:00,2023-09-01 00:00:00+00:00
99,Eduard Rene,https://www.openstreetmap.org/user/Eduard%20Rene,18240622,30,1734,"Kenya,Ethiopia",JOSM/1.5 (18789 en),0,1288,18,108,293,0,27,0,0,0,0,0,292,0,0,0,0,0,0,0,"{""building"": 292, ""leisure"": 1}",{},"#hotosm-project-15385,#elnino2023,#omhesa,#fao_swalim,#fao_rtea,#hotosm-project-15387,#hotosm-project-15383,#hotosm-project-15386,#hotosm-project-15402",2023-08-15 00:00:00+00:00,2023-09-01 00:00:00+00:00
100,Mutumwa,https://www.openstreetmap.org/user/Mutumwa,11526730,13,1692,"Somalia,Kenya",JOSM/1.5 (18789 fr),0,1434,15,3,237,2,1,0,0,0,0,0,237,2,0,0,0,0,0,0,"{""building"": 237}","{""building"": 2}","#hotosm-project-15380,#elnino2023,#omhesa,#fao_swalim,#fao_rtea,#hotosm-project-15392",2023-08-15 00:00:00+00:00,2023-09-01 00:00:00+00:00
101,Manish Adhikari,https://www.openstreetmap.org/user/Manish%20Adhikari,10019754,13,1685,Somalia,JOSM/1.5 (18570 en),0,1228,136,17,288,12,3,1,0,0,0,0,288,9,0,1,0,0,0,0,"{""building"": 288, ""type"": 1}","{""building"": 9, ""attribution"": 1, ""highway"": 1, ""source"": 1, ""surface"": 1, ""tracktype"": 1, ""landuse"": 1}","#hotosm-project-15233,#elnino2023,#omhesa,#fao_swalim,#fao_rtea,#gesan",2023-08-15 00:00:00+00:00,2023-09-01 00:00:00+00:00
102,Becky Candy,https://www.openstreetmap.org/user/Becky%20Candy,8970545,17,1618,"Somalia,Ethiopia","JOSM/1.5 (18700 en),iD 2.21.1,JOSM/1.5 (18463 en)",0,851,587,7,165,7,1,0,0,0,0,0,165,4,0,3,0,0,0,0,"{""building"": 165}","{""building"": 4, ""highway"": 3, ""surface"": 3}","#hotosm-project-15225,#elnino2023,#omhesa,#fao_swalim,#fao_rtea,#hotosm-project-15400,#elinino2023,#hotosm-project-15413,#hotosm-project-15258,#hotosm-project-15375",2023-08-15 00:00:00+00:00,2023-09-01 00:00:00+00:00
103,clepp,https://www.openstreetmap.org/user/clepp,14839787,5,1612,Kenya,JOSM/1.5 (18789 en_GB),0,1299,0,0,313,0,0,0,0,0,0,0,313,0,0,0,0,0,0,0,"{""building"": 313}",{},"#hotosm-project-15388,#elnino2023,#omhesa,#fao_swalim,#fao_rtea",2023-08-15 00:00:00+00:00,2023-09-01 00:00:00+00:00
104,briankibiwott,https://www.openstreetmap.org/user/briankibiwott,9590637,16,1537,"Somalia,Kenya",iD 2.21.1,0,1104,68,156,189,2,18,0,0,0,0,0,188,1,0,0,0,0,0,0,"{""building"": 188, ""area"": 1}","{""landuse"": 1, ""building"": 1}","#hotosm-project-15380,#elnino2023,#omhesa,#fao_swalim,#fao_rtea,#hotosm-project-15413,#hotosm-project-15393",2023-08-15 00:00:00+00:00,2023-09-01 00:00:00+00:00
105,Nibyo,https://www.openstreetmap.org/user/Nibyo,18825197,19,1521,Kenya,JOSM/1.5 (18678 en_GB),0,1106,167,38,201,5,4,0,0,0,0,0,201,5,0,0,0,0,0,0,"{""building"": 201}","{""building"": 5}","#hotosm-project-15383,#elnino2023,#omhesa,#fao_swalim,#fao_rtea,#OSMRwanda,#Ecomappers",2023-08-15 00:00:00+00:00,2023-09-01 00:00:00+00:00
106,Raisha Ritu,https://www.openstreetmap.org/user/Raisha%20Ritu,19702359,51,1506,"Kenya,Ethiopia",iD 2.21.1,41,944,322,70,91,72,7,0,0,0,0,0,88,69,1,0,0,2,0,0,"{""building"": 88, ""highway"": 1, ""natural"": 1, ""residential area"": 1}","{""building"": 69, ""name"": 2, ""waterway"": 2, ""intermittent"": 1, ""source"": 1, ""landuse"": 1}","#hotosm-project-15386,#elnino2023,#omhesa,#fao_swalim,#fao_rtea,#hotosm-project-15387,#hotosm-project-15383,#elinino2023,#hotosm-project-15400",2023-08-15 00:00:00+00:00,2023-09-01 00:00:00+00:00
107,RAytoun,https://www.openstreetmap.org/user/RAytoun,1414812,15,1492,"Somalia,Ethiopia",JOSM/1.5 (18746 en_GB),915,860,383,112,110,27,0,0,0,0,4,0,105,10,4,4,0,0,0,0,"{""building"": 105, ""place"": 4, ""highway"": 4, ""surface"": 3, ""landuse"": 1}","{""landuse"": 13, ""building"": 10, ""highway"": 4, ""surface"": 1}","#hotosm-project-15225,#elnino2023,#omhesa,#fao_swalim,#fao_rtea,#hotosm-project-15402",2023-08-15 00:00:00+00:00,2023-09-01 00:00:00+00:00
108,,https://www.openstreetmap.org/user/%EC%84%B1%EC%98%88%EC%9D%80,19386660,9,1481,Ethiopia,iD 2.21.1,0,1393,0,0,88,0,0,0,0,0,0,0,88,0,0,0,0,0,0,0,"{""building"": 88}",{},"#hotosm-project-15405,#elinino2023,#omhesa,#fao_swalim,#fao_rtea",2023-08-15 00:00:00+00:00,2023-09-01 00:00:00+00:00
109,Richard Dalmat,https://www.openstreetmap.org/user/Richard%20Dalmat,3767710,11,1359,Somalia,JOSM/1.5 (18543 en_GB),0,1091,0,0,268,0,0,0,0,0,0,0,268,0,0,0,0,0,0,0,"{""building"": 268}",{},"#hotosm-project-15225,#elnino2023,#omhesa,#fao_swalim,#fao_rtea",2023-08-15 00:00:00+00:00,2023-09-01 00:00:00+00:00
110,judithmurage,https://www.openstreetmap.org/user/judithmurage,17275323,217,1351,"Kenya,Somalia","JOSM/1.5 (18772 en),iD 2.21.1",1848,1038,66,4,240,3,0,0,0,0,0,0,236,2,3,1,0,0,0,0,"{""building"": 236, ""source"": 27, ""highway"": 3, ""landuse"": 1}","{""building"": 2, ""highway"": 1, ""name"": 1}","#hotosm-project-15387,#elnino2023,#omhesa,#fao_swalim,#fao_rtea,#hotosm-project-15393,#AGGES,#hotosm-project-15388,#hotosm-project-15390,#krcs-elnino-mapping,#hotosm-project-15395,#hotosm-project-15380,#hotosm-project-15392",2023-08-15 00:00:00+00:00,2023-09-01 00:00:00+00:00
111,Chisom,https://www.openstreetmap.org/user/Chisom,7115155,18,1342,Somalia,JOSM/1.5 (18746 en),0,1077,34,0,219,9,3,0,0,0,0,0,219,4,0,4,0,0,0,0,"{""building"": 219}","{""highway"": 4, ""surface"": 4, ""building"": 4, ""landuse"": 1}","#hotosm-project-15375,#elnino2023,#omhesa,#fao_swalim,#fao_rtea",2023-08-15 00:00:00+00:00,2023-09-01 00:00:00+00:00
112,Faithchimphondah1,https://www.openstreetmap.org/user/Faithchimphondah1,19239127,9,1327,Ethiopia,iD 2.21.1,0,1069,0,11,246,0,1,0,0,0,0,0,246,0,0,0,0,0,0,0,"{""building"": 246}",{},"#hotosm-project-15400,#elnino2023,#omhesa,#fao_swalim,#fao_rtea",2023-08-15 00:00:00+00:00,2023-09-01 00:00:00+00:00
113,Walter Mayeku,https://www.openstreetmap.org/user/Walter%20Mayeku,6201821,10,1306,"Somalia,Kenya","iD 2.21.1,JOSM/1.5 (18789 en),JOSM/1.5 (18822 en)",0,830,240,81,113,25,17,0,0,0,0,2,112,8,1,16,0,1,0,0,"{""building"": 112, ""highway"": 1}","{""highway"": 16, ""building"": 8, ""surface"": 4, ""attribution"": 3, ""source"": 3, ""tracktype"": 3, ""ford"": 2, ""seasonal"": 1, ""waterway"": 1}","#hotosm-project-15256,#elnino2023,#omhesa,#fao_swalim,#fao_rtea,#hotosm-project-15390,#krcs-elnino-mapping,#hotosm-project-15395,#hotosm-project-15375",2023-08-15 00:00:00+00:00,2023-09-01 00:00:00+00:00
114,Jonny Collin,https://www.openstreetmap.org/user/Jonny%20Collin,9122940,27,1242,Kenya,iD 2.21.1,0,935,7,71,216,0,13,0,0,0,0,0,216,0,0,0,0,0,0,0,"{""building"": 216}",{},"#hotosm-project-15383,#elnino2023,#omhesa,#fao_swalim,#fao_rtea,#hotosm-project-15385",2023-08-15 00:00:00+00:00,2023-09-01 00:00:00+00:00
115,Nuwashaba dativah,https://www.openstreetmap.org/user/Nuwashaba%20dativah,10359470,22,1237,Somalia,JOSM/1.5 (18360 en),0,885,128,2,218,4,0,0,0,0,0,0,218,3,0,1,0,0,0,0,"{""building"": 218}","{""building"": 3, ""highway"": 1, ""surface"": 1}","#hotosm-project-15226,#elinino2023,#omhesa,#fao_swalim,#fao_rtea",2023-08-15 00:00:00+00:00,2023-09-01 00:00:00+00:00
116,bjona8,https://www.openstreetmap.org/user/bjona8,11704918,6,1214,Ethiopia,iD 2.21.1,0,1110,13,14,71,4,2,0,0,0,0,0,71,3,0,0,0,0,0,0,"{""building"": 71}","{""building"": 3, ""landuse"": 1}","#hotosm-project-15400,#elnino2023,#omhesa,#fao_swalim,#fao_rtea",2023-08-15 00:00:00+00:00,2023-09-01 00:00:00+00:00
117,Akrimullah,https://www.openstreetmap.org/user/Akrimullah,4159996,5,1213,Somalia,JOSM/1.5 (18746 en),0,942,42,4,218,7,0,0,0,0,0,0,218,2,0,5,0,0,0,0,"{""building"": 218}","{""highway"": 5, ""surface"": 5, ""building"": 2}","#hotosm-project-15225,#elinino2023,#omhesa,#fao_swalim,#fao_rtea",2023-08-15 00:00:00+00:00,2023-09-01 00:00:00+00:00
118,nugentme,https://www.openstreetmap.org/user/nugentme,20076088,22,1138,Kenya,iD 2.21.1,0,927,0,0,206,5,0,0,0,0,0,0,206,1,0,2,0,0,0,0,"{""building"": 206, ""layer"": 3}","{""highway"": 2, ""source"": 2, ""name"": 1, ""place"": 1, ""admin_level"": 1, ""boundary"": 1, ""building"": 1}","#hotosm-project-15385,#elnino2023,#omhesa,#fao_swalim,#fao_rtea,#hotosm-project-15409,#hotosm-project-15383",2023-08-15 00:00:00+00:00,2023-09-01 00:00:00+00:00
119,NeemaAlphonce,https://www.openstreetmap.org/user/NeemaAlphonce,6364092,12,1133,Somalia,JOSM/1.5 (18746 en),0,908,6,0,218,1,0,0,0,0,0,0,218,0,0,1,0,0,0,0,"{""building"": 218}","{""attribution"": 1, ""highway"": 1, ""source"": 1, ""surface"": 1}","#hotosm-project-15258,#elnino2023,#omhesa,#fao_swalim,#fao_rtea",2023-08-15 00:00:00+00:00,2023-09-01 00:00:00+00:00
120,Faith Mugure,https://www.openstreetmap.org/user/Faith%20Mugure,9966136,16,1105,"Kenya,Ethiopia",iD 2.21.1,0,1009,0,6,88,1,1,0,0,0,0,0,87,1,0,0,0,0,0,0,"{""building"": 87, ""area"": 1}","{""building"": 1}","#hotosm-project-15409,#elnino2023,#omhesa,#fao_swalim,#fao_rtea,#hotosm-project-15390,#krcs-elnino-mapping,#hotosm-project-15402",2023-08-15 00:00:00+00:00,2023-09-01 00:00:00+00:00
121,Interoperable10,https://www.openstreetmap.org/user/Interoperable10,8508739,12,1098,Kenya,iD 2.21.1,580,890,14,0,193,1,0,0,0,0,0,0,190,0,3,1,0,0,0,0,"{""building"": 190, ""highway"": 3}","{""highway"": 1, ""name"": 1}","#hotosm-project-15386,#elnino2023,#omhesa,#fao_swalim,#fao_rtea,#hotosm-project-15393",2023-08-15 00:00:00+00:00,2023-09-01 00:00:00+00:00
122,lukbern,https://www.openstreetmap.org/user/lukbern,1727362,20,1050,Kenya,iD 2.21.1,0,840,0,0,207,3,0,0,0,0,0,0,207,1,0,0,0,0,0,0,"{""building"": 207, ""name"": 1}","{""building"": 1, ""landuse"": 1}","#hotosm-project-15409,#elnino2023,#omhesa,#fao_swalim,#fao_rtea,#hotosm-project-15385,#hotosm-project-15383,#hotosm-project-15395",2023-08-15 00:00:00+00:00,2023-09-01 00:00:00+00:00
123,Shamillah,https://www.openstreetmap.org/user/Shamillah,3592184,2,1005,Ethiopia,iD 2.21.1,0,954,0,0,51,0,0,0,0,0,0,0,51,0,0,0,0,0,0,0,"{""building"": 51}",{},"#hotosm-project-15400,#elnino2023,#omhesa,#fao_swalim,#fao_rtea",2023-08-15 00:00:00+00:00,2023-09-01 00:00:00+00:00
124,Abutunghe,https://www.openstreetmap.org/user/Abutunghe,18791964,17,989,"Kenya,Somalia,Ethiopia",iD 2.21.1,0,795,32,8,150,2,2,0,0,0,0,0,146,1,0,1,0,0,0,1,"{""building"": 146}","{""amenity"": 1, ""building"": 1, ""healthcare"": 1, ""name"": 1, ""operator"": 1, ""highway"": 1}","#hotosm-project-15383,#elnino2023,#omhesa,#fao_swalim,#fao_rtea,#hotosm-project-15409,#hotosm-project-15413,#hotosm-project-15400",2023-08-15 00:00:00+00:00,2023-09-01 00:00:00+00:00
125,LCdinesh,https://www.openstreetmap.org/user/LCdinesh,10129956,94,952,Somalia,iD 2.21.1,0,854,1,0,93,4,0,0,0,0,0,0,93,2,0,2,0,0,0,0,"{""building"": 93}","{""highway"": 2, ""surface"": 2, ""building"": 2, ""attribution"": 1, ""source"": 1}","#hotosm-project-15258,#elnino2023,#omhesa,#fao_swalim,#fao_rtea,#hotosm-project-15380",2023-08-15 00:00:00+00:00,2023-09-01 00:00:00+00:00
126,Vickystickz,https://www.openstreetmap.org/user/Vickystickz,9580960,8,930,"Somalia,Kenya",JOSM/1.5 (18721 en),0,584,175,24,135,6,6,0,0,0,0,0,135,6,0,0,0,0,0,0,"{""building"": 135}","{""building"": 6}","#hotosm-project-15226,#elinino2023,#omhesa,#fao_swalim,#fao_rtea,#youthmappersfuta,#hotosm-project-15393,#elnino2023",2023-08-15 00:00:00+00:00,2023-09-01 00:00:00+00:00
127,Telvino Americo,https://www.openstreetmap.org/user/Telvino%20Americo,11367001,12,906,"Kenya,Ethiopia",iD 2.21.1,0,760,1,0,144,1,0,0,0,0,0,0,144,0,0,1,0,0,0,0,"{""building"": 144}","{""highway"": 1}","#hotosm-project-15390,#elnino2023,#omhesa,#fao_swalim,#fao_rtea,#hotosm-project-15387,#hotosm-project-15393,#hotosm-project-15402,#hotosm-project-15392",2023-08-15 00:00:00+00:00,2023-09-01 00:00:00+00:00
128,ingasia,https://www.openstreetmap.org/user/ingasia,17275217,18,859,Kenya,"iD 2.21.1,JOSM/1.5 (18789 en)",0,636,52,20,147,2,2,0,0,0,0,0,147,2,0,0,0,0,0,0,"{""building"": 147}","{""building"": 2}","#hotosm-project-15387,#elnino2023,#omhesa,#fao_swalim,#fao_rtea,#hotosm-project-15383,#hotosm-project-15385,#hotosm-project-15390,#krcs-elnino-mapping,#hotosm-project-15392",2023-08-15 00:00:00+00:00,2023-09-01 00:00:00+00:00
129,rakshya77,https://www.openstreetmap.org/user/rakshya77,14667107,18,812,Somalia,JOSM/1.5 (18463 en),2188,673,13,0,126,0,0,0,0,0,0,0,118,0,8,0,0,0,0,0,"{""building"": 118, ""highway"": 8}",{},"#hotosm-project-15255,#elnino2023,#omhesa,#fao_swalim,#fao_rtea",2023-08-15 00:00:00+00:00,2023-09-01 00:00:00+00:00
130,Zkwosch,https://www.openstreetmap.org/user/Zkwosch,108500,8,798,Somalia,iD 2.21.1,0,685,0,0,113,0,0,0,0,0,0,0,113,0,0,0,0,0,0,0,"{""building"": 113}",{},"#hotosm-project-15254,#elnino2023,#omhesa,#fao_swalim,#fao_rtea",2023-08-15 00:00:00+00:00,2023-09-01 00:00:00+00:00
131,Levis Ruto,https://www.openstreetmap.org/user/Levis%20Ruto,19871716,10,796,Kenya,iD 2.21.1,0,659,0,0,137,0,0,0,0,0,0,0,137,0,0,0,0,0,0,0,"{""building"": 137}",{},"#hotosm-project-15388,#elnino2023,#omhesa,#fao_swalim,#fao_rtea",2023-08-15 00:00:00+00:00,2023-09-01 00:00:00+00:00
132,Isaboke,https://www.openstreetmap.org/user/Isaboke,10868348,14,794,"Somalia,Kenya",JOSM/1.5 (18427 en),2520,701,0,0,83,10,0,0,0,0,27,0,58,7,14,3,0,0,0,0,"{""building"": 58, ""roof:material"": 53, ""highway"": 14, ""barrier"": 13, ""bridge:structure"": 5, ""name"": 1}","{""building"": 7, ""roof:material"": 7, ""highway"": 3}","#hotosm-project-15232,#elnino2023,#omhesa,#fao_swalim,#fao_rtea,#hotosm-project-15386",2023-08-15 00:00:00+00:00,2023-09-01 00:00:00+00:00
133,ILoveSara,https://www.openstreetmap.org/user/ILoveSara,20096201,4,788,Kenya,iD 2.21.1,0,336,278,73,81,3,17,0,0,0,0,0,81,3,0,0,0,0,0,0,"{""building"": 81}","{""building"": 3}","#hotosm-project-15393,#elnino2023,#omhesa,#fao_swalim,#fao_rtea",2023-08-15 00:00:00+00:00,2023-09-01 00:00:00+00:00
134,Privieh,https://www.openstreetmap.org/user/Privieh,14926777,14,738,Kenya,iD 2.21.1,0,474,4,121,111,0,28,0,0,0,0,0,111,0,0,0,0,0,0,0,"{""building"": 111}",{},"#hotosm-project-15393,#elnino2023,#omhesa,#fao_swalim,#fao_rtea,#hotosm-project-15388",2023-08-15 00:00:00+00:00,2023-09-01 00:00:00+00:00
135,Evans Tallam,https://www.openstreetmap.org/user/Evans%20Tallam,12055047,26,732,"Kenya,Somalia",JOSM/1.5 (18570 en),379,505,99,1,112,14,1,0,0,0,0,1,108,8,3,6,0,0,0,1,"{""building"": 108, ""highway"": 3}","{""building"": 8, ""highway"": 6, ""surface"": 5, ""amenity"": 1, ""name"": 1}","#Fixing,#hotosm-project-15225,#elnino2023,#omhesa,#fao_swalim,#fao_rtea,#hotosm-project-15234",2023-08-15 00:00:00+00:00,2023-09-01 00:00:00+00:00
136,Landan,https://www.openstreetmap.org/user/Landan,20077996,4,727,Kenya,iD 2.21.1,0,616,0,0,111,0,0,0,0,0,0,0,111,0,0,0,0,0,0,0,"{""building"": 111}",{},"#hotosm-project-15390,#elnino2023,#omhesa,#fao_swalim,#fao_rtea,#krcs-elnino-mapping,#hotosm-project-15392",2023-08-15 00:00:00+00:00,2023-09-01 00:00:00+00:00
137,sab27,https://www.openstreetmap.org/user/sab27,4367139,8,723,Somalia,JOSM/1.5 (18772 en_GB),0,81,310,267,13,13,39,0,0,0,0,0,13,11,0,2,0,0,0,0,"{""building"": 13}","{""building"": 11, ""highway"": 2, ""surface"": 2}","#hotosm-project-15234,#elnino2023,#omhesa,#fao_swalim,#fao_rtea",2023-08-15 00:00:00+00:00,2023-09-01 00:00:00+00:00
138,Tadiwa59,https://www.openstreetmap.org/user/Tadiwa59,18586474,1,676,Kenya,iD 2.21.1,0,153,91,352,37,0,43,0,0,0,0,0,37,0,0,0,0,0,0,0,"{""building"": 37}",{},"#hotosm-project-15393,#elnino2023,#omhesa,#fao_swalim,#fao_rtea",2023-08-15 00:00:00+00:00,2023-09-01 00:00:00+00:00
139,Brahm_1,https://www.openstreetmap.org/user/Brahm_1,20080066,22,660,"Kenya,Somalia,Ethiopia",iD 2.21.1,0,550,0,0,108,2,0,0,0,0,0,0,108,0,0,1,0,0,0,0,"{""building"": 108}","{""highway"": 1, ""landuse"": 1}","#hotosm-project-15392,#elnino2023,#omhesa,#fao_swalim,#fao_rtea,#hotosm-project-15413,#hotosm-project-15405,#hotosm-project-15402",2023-08-15 00:00:00+00:00,2023-09-01 00:00:00+00:00
140,Laura Mugeha,https://www.openstreetmap.org/user/Laura%20Mugeha,4015712,4,647,"Kenya,Chad",iD 2.21.1,0,323,166,77,72,9,0,0,0,0,0,0,72,9,0,0,0,0,0,0,"{""building"": 72}","{""building"": 9}","#hotosm-project-15387,#elnino2023,#omhesa,#fao_swalim,#fao_rtea",2023-08-15 00:00:00+00:00,2023-09-01 00:00:00+00:00
141,Henry_the_Wave,https://www.openstreetmap.org/user/Henry_the_Wave,9346134,7,647,Somalia,iD 2.21.1,0,593,12,0,38,4,0,0,0,0,0,0,38,0,0,4,0,0,0,0,"{""building"": 38}","{""highway"": 4, ""surface"": 4}","#hotosm-project-15234,#elnino2023,#omhesa,#fao_swalim,#fao_rtea",2023-08-15 00:00:00+00:00,2023-09-01 00:00:00+00:00
142,Terry Mungai,https://www.openstreetmap.org/user/Terry%20Mungai,19819497,26,641,"Somalia,Ethiopia",iD 2.21.1,0,506,2,8,122,1,2,0,0,0,0,0,122,0,0,0,0,0,0,0,"{""building"": 122, ""layer"": 2}","{""landuse"": 1}","#hotosm-project-15380,#elnino2023,#omhesa,#fao_swalim,#fao_rtea,#hotosm-project-15400",2023-08-15 00:00:00+00:00,2023-09-01 00:00:00+00:00
143,b_rey952,https://www.openstreetmap.org/user/b_rey952,12395643,7,629,Somalia,JOSM/1.5 (18789 en),0,496,16,16,94,3,4,0,0,0,0,1,94,1,0,0,0,0,0,0,"{""building"": 94}","{""place"": 1, ""landuse"": 1, ""barrier"": 1, ""building"": 1}","#hotosm-project-15371,#elnino2023,#omhesa,#fao_swalim,#fao_rtea",2023-08-15 00:00:00+00:00,2023-09-01 00:00:00+00:00
144,SecureTenure,https://www.openstreetmap.org/user/SecureTenure,4845614,4,629,Somalia,iD 2.21.1,0,546,23,0,56,4,0,0,0,0,0,0,56,0,0,3,0,0,0,0,"{""building"": 56}","{""highway"": 3, ""surface"": 3, ""attribution"": 1, ""source"": 1, ""tracktype"": 1, ""landuse"": 1}","#hotosm-project-15258,#elnino2023,#omhesa,#fao_swalim,#fao_rtea",2023-08-15 00:00:00+00:00,2023-09-01 00:00:00+00:00
145,GaelleS,https://www.openstreetmap.org/user/GaelleS,1861496,11,624,Somalia,iD 2.21.1,0,511,0,0,113,0,0,0,0,0,0,0,113,0,0,0,0,0,0,0,"{""building"": 113}",{},"#hotosm-project-15234,#elnino2023,#omhesa,#fao_swalim,#fao_rtea",2023-08-15 00:00:00+00:00,2023-09-01 00:00:00+00:00
146,Patrik_B,https://www.openstreetmap.org/user/Patrik_B,10478691,7,620,Somalia,JOSM/1.5 (18789 en_GB),0,234,256,66,48,4,12,0,0,0,0,0,48,4,0,0,0,0,0,0,"{""building"": 48}","{""building"": 4}","#hotosm-project-15234,#elnino2023,#omhesa,#fao_swalim,#fao_rtea,#hotosm-project-15232",2023-08-15 00:00:00+00:00,2023-09-01 00:00:00+00:00
147,Chama Mumba,https://www.openstreetmap.org/user/Chama%20Mumba,20111471,20,601,"Kenya,Ethiopia",iD 2.21.1,0,430,14,77,67,0,13,0,0,0,0,0,67,0,0,0,0,0,0,0,"{""building"": 67}",{},"#hotosm-project-15392,#elnino2023,#omhesa,#fao_swalim,#fao_rtea,#hotosm-project-15400,#hotosm-project-15405",2023-08-15 00:00:00+00:00,2023-09-01 00:00:00+00:00
148,amour_nyl,https://www.openstreetmap.org/user/amour_nyl,3043299,3,585,"Kenya,Somalia",JOSM/1.5 (18789 en),0,470,0,0,115,0,0,0,0,0,0,0,115,0,0,0,0,0,0,0,"{""building"": 115}",{},"#hotosm-project-15387,#elnino2023,#omhesa,#fao_swalim,#fao_rtea,#hotosm-project-15234,#hotosm-project-15226,#elinino2023",2023-08-15 00:00:00+00:00,2023-09-01 00:00:00+00:00
149,Seems7,https://www.openstreetmap.org/user/Seems7,18459031,5,568,Kenya,iD 2.21.1,0,455,0,0,113,0,0,0,0,0,0,0,113,0,0,0,0,0,0,0,"{""building"": 113}",{},"#hotosm-project-15392,#elnino2023,#omhesa,#fao_swalim,#fao_rtea",2023-08-15 00:00:00+00:00,2023-09-01 00:00:00+00:00
150,Emil Larsen,https://www.openstreetmap.org/user/Emil%20Larsen,10147732,5,517,Kenya,iD 2.21.1,0,149,153,155,30,0,30,0,0,0,0,0,30,0,0,0,0,0,0,0,"{""building"": 30}",{},"#hotosm-project-15392,#elnino2023,#omhesa,#fao_swalim,#fao_rtea",2023-08-15 00:00:00+00:00,2023-09-01 00:00:00+00:00
151,Jeremiah_TG,https://www.openstreetmap.org/user/Jeremiah_TG,20080683,1,470,Somalia,iD 2.21.1,0,445,0,0,25,0,0,0,0,0,0,0,25,0,0,0,0,0,0,0,"{""building"": 25}",{},"#hotosm-project-15413,#elnino2023,#omhesa,#fao_swalim,#fao_rtea",2023-08-15 00:00:00+00:00,2023-09-01 00:00:00+00:00
152,kadrigal,https://www.openstreetmap.org/user/kadrigal,13086886,8,460,Kenya,JOSM/1.5 (18531 en),0,126,176,106,22,10,20,0,0,0,0,0,22,10,0,0,0,0,0,0,"{""building"": 22}","{""building"": 10}","#hotosm-project-15390,#elnino2023,#omhesa,#fao_swalim,#fao_rtea,#krcs-elnino-mapping,#youthmappersfuta",2023-08-15 00:00:00+00:00,2023-09-01 00:00:00+00:00
153,Promise99,https://www.openstreetmap.org/user/Promise99,10784634,2,459,Somalia,JOSM/1.5 (18746 en),0,344,19,11,82,1,2,0,0,0,0,0,82,0,0,1,0,0,0,0,"{""building"": 82}","{""highway"": 1, ""surface"": 1}","#hotosm-project-15233,#elnino2023,#omhesa,#fao_swalim,#fao_rtea,#umt6thanniversary,#uniquemappersnetwork,#uniquemappetsnetwork2023,#umtosmfightaugust2023",2023-08-15 00:00:00+00:00,2023-09-01 00:00:00+00:00
154,Kateregga1,https://www.openstreetmap.org/user/Kateregga1,704762,3,443,Somalia,JOSM/1.5 (18789 en),0,406,0,0,37,0,0,0,0,0,0,0,37,0,0,0,0,0,0,0,"{""building"": 37}",{},"#hotosm-project-15380,#elnino2023,#omhesa,#fao_swalim,#fao_rtea",2023-08-15 00:00:00+00:00,2023-09-01 00:00:00+00:00
155,Juliet Inyele,https://www.openstreetmap.org/user/Juliet%20Inyele,11288589,2,435,Somalia,iD 2.21.1,0,378,0,0,57,0,0,0,0,0,0,0,57,0,0,0,0,0,0,0,"{""building"": 57}",{},"#hotosm-project-15232,#elnino2023,#omhesa,#fao_swalim,#fao_rtea",2023-08-15 00:00:00+00:00,2023-09-01 00:00:00+00:00
156,Tsu-Yi Su,https://www.openstreetmap.org/user/Tsu-Yi%20Su,11583647,9,434,"Kenya,Somalia",iD 2.21.1,0,335,4,12,80,0,3,0,0,0,0,0,80,0,0,0,0,0,0,0,"{""building"": 80}",{},"#hotosm-project-15393,#elnino2023,#omhesa,#fao_swalim,#fao_rtea,#hotosm-project-15392,#hotosm-project-15254",2023-08-15 00:00:00+00:00,2023-09-01 00:00:00+00:00
157,Jairus_Kip,https://www.openstreetmap.org/user/Jairus_Kip,10294434,79,421,Kenya,iD 2.21.1,0,334,5,0,77,5,0,0,0,0,0,0,74,5,0,0,0,0,0,0,"{""building"": 74, ""area"": 3, ""name"": 1}","{""building"": 5}","#hotosm-project-15388,#elnino2023,#omhesa,#fao_swalim,#fao_rtea,#hotosm-project-15383,#hotosm-project-15390,#krcs-elnino-mapping,#hotosm-project-15392",2023-08-15 00:00:00+00:00,2023-09-01 00:00:00+00:00
158,carla_martins,https://www.openstreetmap.org/user/carla_martins,10021511,7,408,Somalia,iD 2.21.1,0,318,34,1,50,5,0,0,0,0,0,0,50,3,0,2,0,0,0,0,"{""building"": 50}","{""building"": 3, ""highway"": 2, ""surface"": 2}","#hotosm-project-15233,#elnino2023,#omhesa,#fao_swalim,#fao_rtea",2023-08-15 00:00:00+00:00,2023-09-01 00:00:00+00:00
159,fondolucy,https://www.openstreetmap.org/user/fondolucy,265690,15,397,Kenya,JOSM/1.5 (18772 en),0,317,8,0,70,2,0,0,0,0,0,0,70,2,0,0,0,0,0,0,"{""building"": 70}","{""building"": 2}","#hotosm-project-15383,#elnino2023,#omhesa,#fao_swalim,#fao_rtea",2023-08-15 00:00:00+00:00,2023-09-01 00:00:00+00:00
160,@minayo,https://www.openstreetmap.org/user/%40minayo,16102811,6,386,Kenya,iD 2.21.1,0,317,0,0,69,0,0,0,0,0,0,0,69,0,0,0,0,0,0,0,"{""building"": 69}",{},"#hotosm-project-15388,#elnino2023,#omhesa,#fao_swalim,#fao_rtea",2023-08-15 00:00:00+00:00,2023-09-01 00:00:00+00:00
161,Kiplangat_Brian,https://www.openstreetmap.org/user/Kiplangat_Brian,17321918,9,381,Kenya,iD 2.21.1,0,327,0,0,54,0,0,0,0,0,0,0,54,0,0,0,0,0,0,0,"{""building"": 54}",{},"#hotosm-project-15386,#elnino2023,#omhesa,#fao_swalim,#fao_rtea,#hotosm-project-15385,#hotosm-project-15383,#hotosm-project-15387",2023-08-15 00:00:00+00:00,2023-09-01 00:00:00+00:00
162,aturk,https://www.openstreetmap.org/user/aturk,13792140,2,376,Kenya,iD 2.21.1,0,24,221,117,6,1,7,0,0,0,0,0,6,1,0,0,0,0,0,0,"{""building"": 6}","{""building"": 1}","#hotosm-project-15395,#elnino2023,#omhesa,#fao_swalim,#fao_rtea",2023-08-15 00:00:00+00:00,2023-09-01 00:00:00+00:00
163,Vincent Mukungatu,https://www.openstreetmap.org/user/Vincent%20Mukungatu,12486525,9,370,Kenya,iD 2.21.1,0,298,0,0,71,1,0,0,0,0,0,0,71,0,0,1,0,0,0,0,"{""building"": 71}","{""highway"": 1, ""source"": 1}","#hotosm-project-15385,#elnino2023,#omhesa,#fao_swalim,#fao_rtea,#hotosm-project-15383",2023-08-15 00:00:00+00:00,2023-09-01 00:00:00+00:00
164,Elizaphan,https://www.openstreetmap.org/user/Elizaphan,18574540,2,369,Kenya,iD 2.21.1,0,139,56,124,27,0,23,0,0,0,0,0,27,0,0,0,0,0,0,0,"{""building"": 27}",{},"#hotosm-project-15392,#elnino2023,#omhesa,#fao_swalim,#fao_rtea",2023-08-15 00:00:00+00:00,2023-09-01 00:00:00+00:00
165,MercyGoodness,https://www.openstreetmap.org/user/MercyGoodness,12051045,5,340,Kenya,iD 2.21.1,0,276,0,0,64,0,0,0,0,0,0,0,64,0,0,0,0,0,0,0,"{""building"": 64}",{},"#hotosm-project-15383,#elnino2023,#omhesa,#fao_swalim,#fao_rtea,#AGGES",2023-08-15 00:00:00+00:00,2023-09-01 00:00:00+00:00
166,Hills95,https://www.openstreetmap.org/user/Hills95,3512887,6,337,Somalia,JOSM/1.5 (18772 en),0,272,0,0,65,0,0,0,0,0,0,0,65,0,0,0,0,0,0,0,"{""building"": 65}",{},"#hotosm-project-15234,#elnino2023,#omhesa,#fao_swalim,#fao_rtea",2023-08-15 00:00:00+00:00,2023-09-01 00:00:00+00:00
167,KALUBA MICHEAL,https://www.openstreetmap.org/user/KALUBA%20MICHEAL,4516666,5,332,Somalia,JOSM/1.5 (18772 en),0,185,100,0,45,2,0,0,0,0,0,0,45,0,0,2,0,0,0,0,"{""building"": 45}","{""highway"": 2, ""surface"": 2}","#hotosm-project-15258,#elnino2023,#omhesa,#fao_swalim,#fao_rtea",2023-08-15 00:00:00+00:00,2023-09-01 00:00:00+00:00
168,alineszvarca,https://www.openstreetmap.org/user/alineszvarca,20099076,3,269,Somalia,iD 2.21.1,0,165,21,39,33,3,8,0,0,0,0,0,0,2,0,0,0,0,0,0,{},"{""building"": 2}","#hotosm-project-15380,#elnino2023,#omhesa,#fao_swalim,#fao_rtea",2023-08-15 00:00:00+00:00,2023-09-01 00:00:00+00:00
169,jjsevene,https://www.openstreetmap.org/user/jjsevene,13852451,2,262,Kenya,iD 2.21.1,0,260,0,0,1,1,0,0,0,0,0,0,0,0,0,0,0,0,0,0,"{""surface"": 1}","{""natural"": 1, ""water"": 1}","#hotosm-project-15383,#elnino2023,#omhesa,#fao_swalim,#fao_rtea",2023-08-15 00:00:00+00:00,2023-09-01 00:00:00+00:00
170,saliousoft,https://www.openstreetmap.org/user/saliousoft,1717441,9,261,"Somalia,Kenya","JOSM/1.5 (18772 fr),iD 2.21.1",0,103,108,9,25,14,2,0,0,0,0,0,25,13,0,1,0,0,0,0,"{""building"": 25}","{""building"": 13, ""highway"": 1, ""surface"": 1}","#hotosm-project-15226,#elinino2023,#omhesa,#fao_swalim,#fao_rtea,#hotosm-project-15395,#elnino2023,#krcs-elnino-mapping",2023-08-15 00:00:00+00:00,2023-09-01 00:00:00+00:00
171,Njerikc,https://www.openstreetmap.org/user/Njerikc,9652011,4,244,Kenya,iD 2.21.1,0,109,105,11,8,11,0,0,0,0,0,0,8,11,0,0,0,0,0,0,"{""building"": 8}","{""building"": 11}","#hotosm-project-15390,#elnino2023,#omhesa,#fao_swalim,#fao_rtea,#krcs-elnino-mapping",2023-08-15 00:00:00+00:00,2023-09-01 00:00:00+00:00
172,Byron S,https://www.openstreetmap.org/user/Byron%20S,20082310,3,239,Ethiopia,iD 2.21.1,0,196,0,0,43,0,0,0,0,0,0,0,43,0,0,0,0,0,0,0,"{""building"": 43}",{},"#hotosm-project-15400,#elnino2023,#omhesa,#fao_swalim,#fao_rtea",2023-08-15 00:00:00+00:00,2023-09-01 00:00:00+00:00
173,Samwel Kyando,https://www.openstreetmap.org/user/Samwel%20Kyando,7898946,2,237,Somalia,iD 2.21.1,0,211,0,0,26,0,0,0,0,0,0,0,26,0,0,0,0,0,0,0,"{""building"": 26}",{},"#hotosm-project-15227,#elnino2023,#omhesa,#fao_swalim,#fao_rtea,#hotosm-project-15232",2023-08-15 00:00:00+00:00,2023-09-01 00:00:00+00:00
174,Bella997,https://www.openstreetmap.org/user/Bella997,20096233,2,237,Kenya,iD 2.21.1,0,74,2,118,18,0,25,0,0,0,0,0,18,0,0,0,0,0,0,0,"{""building"": 18}",{},"#hotosm-project-15388,#elnino2023,#omhesa,#fao_swalim,#fao_rtea",2023-08-15 00:00:00+00:00,2023-09-01 00:00:00+00:00
175,Loud__Introvert,https://www.openstreetmap.org/user/Loud__Introvert,12414647,5,226,Kenya,iD 2.21.1,0,184,0,0,42,0,0,0,0,0,0,0,42,0,0,0,0,0,0,0,"{""building"": 42}",{},"#hotosm-project-15383,#elnino2023,#omhesa,#fao_swalim,#fao_rtea",2023-08-15 00:00:00+00:00,2023-09-01 00:00:00+00:00
176,Bloomberg- Cynthia Li,https://www.openstreetmap.org/user/Bloomberg-%20Cynthia%20Li,19706571,2,221,Kenya,iD 2.21.1,0,126,51,14,27,0,3,0,0,0,0,0,27,0,0,0,0,0,0,0,"{""building"": 27}",{},"#hotosm-project-15392,#elnino2023,#omhesa,#fao_swalim,#fao_rtea",2023-08-15 00:00:00+00:00,2023-09-01 00:00:00+00:00
177,Serenavocado,https://www.openstreetmap.org/user/Serenavocado,13574778,3,204,Somalia,iD 2.21.1,0,161,8,3,30,2,0,0,0,0,0,0,0,0,0,2,0,0,0,0,{},"{""highway"": 2, ""surface"": 2}","#hotosm-project-15254,#elnino2023,#omhesa,#fao_swalim,#fao_rtea,#hotosm-project-15233,#hotosm-project-15256",2023-08-15 00:00:00+00:00,2023-09-01 00:00:00+00:00
178,Leticia Makafui,https://www.openstreetmap.org/user/Leticia%20Makafui,18440315,3,199,"Ethiopia,Somalia",iD 2.21.1,0,152,10,0,37,0,0,0,0,0,0,0,37,0,0,0,0,0,0,0,"{""building"": 37}",{},"#hotosm-project-15401,#elnino2023,#omhesa,#fao_swalim,#fao_rtea,#hotosm-project-15400",2023-08-15 00:00:00+00:00,2023-09-01 00:00:00+00:00
179,briankip2021,https://www.openstreetmap.org/user/briankip2021,13290923,5,190,Somalia,iD 2.21.1,0,169,0,0,21,0,0,0,0,0,0,0,19,0,0,0,0,0,0,0,"{""building"": 19, ""landuse"": 2, ""name"": 2}",{},"#hotosm-project-15413,#elnino2023,#omhesa,#fao_swalim,#fao_rtea",2023-08-15 00:00:00+00:00,2023-09-01 00:00:00+00:00
180,Gaya Moustapha,https://www.openstreetmap.org/user/Gaya%20Moustapha,13559832,1,188,Kenya,iD 2.21.1,0,64,108,0,16,0,0,0,0,0,0,0,16,0,0,0,0,0,0,0,"{""building"": 16}",{},"#hotosm-project-15392,#elnino2023,#omhesa,#fao_swalim,#fao_rtea",2023-08-15 00:00:00+00:00,2023-09-01 00:00:00+00:00
181,Kathyaus,https://www.openstreetmap.org/user/Kathyaus,1225312,4,185,Somalia,JOSM/1.5 (18789 en_AU),0,124,16,12,30,0,3,0,0,0,0,0,30,0,0,0,0,0,0,0,"{""building"": 30}",{},"#hotosm-project-15232,#elnino2023,#omhesa,#fao_swalim,#fao_rtea",2023-08-15 00:00:00+00:00,2023-09-01 00:00:00+00:00
182,zillindra,https://www.openstreetmap.org/user/zillindra,12546406,2,185,Kenya,iD 2.21.1,0,100,0,48,25,0,12,0,0,0,0,0,25,0,0,0,0,0,0,0,"{""building"": 25}",{},"#hotosm-project-15390,#elnino2023,#omhesa,#fao_swalim,#fao_rtea",2023-08-15 00:00:00+00:00,2023-09-01 00:00:00+00:00
183,Mariam Japhary,https://www.openstreetmap.org/user/Mariam%20Japhary,18581248,9,184,"Kenya,Somalia",iD 2.21.1,0,157,1,0,25,1,0,0,0,0,0,0,11,0,0,1,0,0,0,0,"{""building"": 11, ""landuse"": 9, ""surface"": 2, ""natural"": 1, ""addr:village"": 1}","{""highway"": 1}","#hotosm-project-15383,#elnino2023,#omhesa,#fao_swalim,#fao_rtea,#hotosm-project-15413,#maruam21",2023-08-15 00:00:00+00:00,2023-09-01 00:00:00+00:00
184,mjabiri,https://www.openstreetmap.org/user/mjabiri,20096195,2,181,Kenya,iD 2.21.1,0,145,1,0,35,0,0,0,0,0,0,0,35,0,0,0,0,0,0,0,"{""building"": 35}",{},"#hotosm-project-15387,#elnino2023,#omhesa,#fao_swalim,#fao_rtea",2023-08-15 00:00:00+00:00,2023-09-01 00:00:00+00:00
185,Blitzkrieg01,https://www.openstreetmap.org/user/Blitzkrieg01,18417032,4,166,"Kenya,Somalia",iD 2.21.1,0,136,0,0,30,0,0,0,0,0,0,0,30,0,0,0,0,0,0,0,"{""building"": 30}",{},"#hotosm-project-15383,#elnino2023,#omhesa,#fao_swalim,#fao_rtea,#hotosm-project-15413",2023-08-15 00:00:00+00:00,2023-09-01 00:00:00+00:00
186,Anastasiia Shchepina,https://www.openstreetmap.org/user/Anastasiia%20Shchepina,20103321,3,162,Somalia,iD 2.21.1,0,130,0,0,32,0,0,0,0,0,0,0,32,0,0,0,0,0,0,0,"{""building"": 32}",{},"#hotosm-project-15380,#elnino2023,#omhesa,#fao_swalim,#fao_rtea",2023-08-15 00:00:00+00:00,2023-09-01 00:00:00+00:00
187,Faheem Chui,https://www.openstreetmap.org/user/Faheem%20Chui,17310942,2,156,Somalia,JOSM/1.5 (18772 en),0,43,80,16,9,4,4,0,0,0,0,0,9,3,0,1,0,0,0,0,"{""building"": 9}","{""building"": 3, ""highway"": 1, ""surface"": 1}","#hotosm-project-15255,#elnino2023,#omhesa,#fao_swalim,#fao_rtea,#hotosm-project-15234",2023-08-15 00:00:00+00:00,2023-09-01 00:00:00+00:00
188,Masskpante,https://www.openstreetmap.org/user/Masskpante,7287846,4,155,Kenya,JOSM/1.5 (18789 fr),628,127,0,0,28,0,0,0,0,0,0,0,27,0,1,0,0,0,0,0,"{""building"": 27, ""highway"": 1, ""tracktype"": 1}",{},"#hotosm-project-15392,#elnino2023,#omhesa,#fao_swalim,#fao_rtea",2023-08-15 00:00:00+00:00,2023-09-01 00:00:00+00:00
189,Ismail khalif,https://www.openstreetmap.org/user/Ismail%20khalif,20082718,18,146,,iD 2.21.1,0,82,12,29,14,4,5,0,0,0,0,0,14,3,0,1,0,0,0,1,"{""building"": 14, ""addr:city"": 10, ""addr:postcode"": 9}","{""building"": 3, ""attribution"": 1, ""highway"": 1, ""surface"": 1, ""amenity"": 1, ""religion"": 1, ""addr:city"": 1, ""addr:postcode"": 1}","#hotosm-project-15413,#elnino2023,#omhesa,#fao_swalim,#fao_rtea",2023-08-15 00:00:00+00:00,2023-09-01 00:00:00+00:00
190,lusdavo,https://www.openstreetmap.org/user/lusdavo,2695612,1,134,Somalia,JOSM/1.5 (18789 en),0,100,12,0,22,0,0,0,0,0,0,0,22,0,0,0,0,0,0,0,"{""building"": 22}",{},"#hotosm-project-15225,#elnino2023,#omhesa,#fao_swalim,#fao_rtea",2023-08-15 00:00:00+00:00,2023-09-01 00:00:00+00:00
191,lp310,https://www.openstreetmap.org/user/lp310,11917354,1,130,Somalia,iD 2.21.1,0,106,0,0,24,0,0,0,0,0,0,0,24,0,0,0,0,0,0,0,"{""building"": 24}",{},"#hotosm-project-15233,#elnino2023,#omhesa,#fao_swalim,#fao_rtea",2023-08-15 00:00:00+00:00,2023-09-01 00:00:00+00:00
192,SELEMAN IMAN RWEYEMAMU,https://www.openstreetmap.org/user/SELEMAN%20IMAN%20RWEYEMAMU,16981930,11,125,Somalia,iD 2.21.1,0,79,29,1,8,8,0,0,0,0,0,0,8,8,0,0,0,0,0,0,"{""building"": 8}","{""building"": 8}","#hotosm-project-15234,#elnino2023,#omhesa,#fao_swalim,#fao_rtea",2023-08-15 00:00:00+00:00,2023-09-01 00:00:00+00:00
193,Shweta Pardeshi,https://www.openstreetmap.org/user/Shweta%20Pardeshi,20089976,2,110,"Somalia,Ethiopia",iD 2.21.1,0,90,0,0,20,0,0,0,0,0,0,0,20,0,0,0,0,0,0,0,"{""building"": 20, ""name"": 1}",{},"#hotosm-project-15413,#elnino2023,#omhesa,#fao_swalim,#fao_rtea,#hotosm-project-15400",2023-08-15 00:00:00+00:00,2023-09-01 00:00:00+00:00
194,Lingjun Dai,https://www.openstreetmap.org/user/Lingjun%20Dai,16657010,4,104,Somalia,iD 2.21.1,0,84,2,0,17,1,0,0,0,0,0,0,17,0,0,1,0,0,0,0,"{""building"": 17}","{""highway"": 1, ""surface"": 1}","#hotosm-project-15234,#elnino2023,#omhesa,#fao_swalim,#fao_rtea",2023-08-15 00:00:00+00:00,2023-09-01 00:00:00+00:00
195,Dencia,https://www.openstreetmap.org/user/Dencia,18860089,1,102,Kenya,iD 2.21.1,0,82,0,0,20,0,0,0,0,0,0,0,20,0,0,0,0,0,0,0,"{""building"": 20}",{},"#hotosm-project-15388,#elnino2023,#omhesa,#fao_swalim,#fao_rtea",2023-08-15 00:00:00+00:00,2023-09-01 00:00:00+00:00
196,Aachal312,https://www.openstreetmap.org/user/Aachal312,18313656,1,98,Ethiopia,JOSM/1.5 (18822 en),2835,90,1,0,7,0,0,0,0,0,0,0,5,0,2,0,0,0,0,0,"{""building"": 5, ""highway"": 2, ""name"": 2}",{},"#hotosm-project-15400,#elnino2023,#omhesa,#fao_swalim,#fao_rtea",2023-08-15 00:00:00+00:00,2023-09-01 00:00:00+00:00
197,Abdirahman Shire,https://www.openstreetmap.org/user/Abdirahman%20Shire,17704636,2,84,Kenya,iD 2.21.1,0,68,0,0,16,0,0,0,0,0,0,0,16,0,0,0,0,0,0,0,"{""building"": 16}",{},"#hotosm-project-15386,#elnino2023,#omhesa,#fao_swalim,#fao_rtea",2023-08-15 00:00:00+00:00,2023-09-01 00:00:00+00:00
198,JohanHoogland,https://www.openstreetmap.org/user/JohanHoogland,6534559,4,75,Somalia,iD 2.21.1,0,57,3,0,14,1,0,0,0,0,0,0,14,0,0,1,0,0,0,0,"{""building"": 14}","{""highway"": 1, ""surface"": 1, ""tracktype"": 1}","#hotosm-project-15255,#elnino2023,#omhesa,#fao_swalim,#fao_rtea,#hotosm-project-15254",2023-08-15 00:00:00+00:00,2023-09-01 00:00:00+00:00
199,lobaru,https://www.openstreetmap.org/user/lobaru,16436688,1,71,Kenya,iD 2.21.1,0,62,0,0,9,0,0,0,0,0,0,0,9,0,0,0,0,0,0,0,"{""building"": 9}",{},"#hotosm-project-15385,#elnino2023,#omhesa,#fao_swalim,#fao_rtea",2023-08-15 00:00:00+00:00,2023-09-01 00:00:00+00:00
200,peculiar theater,https://www.openstreetmap.org/user/peculiar%20theater,11880034,4,69,Somalia,JOSM/1.5 (18789 Debian en_GB),0,49,3,4,11,1,1,0,0,0,0,0,11,1,0,0,0,0,0,0,"{""building"": 11}","{""building"": 1}","#hotosm-project-15232,#elnino2023,#omhesa,#fao_swalim,#fao_rtea",2023-08-15 00:00:00+00:00,2023-09-01 00:00:00+00:00
201,AShakya,https://www.openstreetmap.org/user/AShakya,6577302,1,66,Kenya,iD 2.21.1,0,65,0,0,1,0,0,0,0,0,0,0,0,0,0,0,0,0,0,0,"{""description"": 1, ""landuse"": 1, ""name"": 1, ""note"": 1, ""source"": 1}",{},"#hotosm-project-15388,#elnino2023,#omhesa,#fao_swalim,#fao_rtea",2023-08-15 00:00:00+00:00,2023-09-01 00:00:00+00:00
202,KAYINDA JOHN,https://www.openstreetmap.org/user/KAYINDA%20JOHN,14408268,3,66,Kenya,"JOSM/1.5 (18746 en),iD 2.21.1",0,54,0,0,12,0,0,0,0,0,0,0,11,0,0,0,0,0,0,0,"{""building"": 11}",{},"#hotosm-project-15385,#elnino2023,#omhesa,#fao_swalim,#fao_rtea",2023-08-15 00:00:00+00:00,2023-09-01 00:00:00+00:00
203,robepre,https://www.openstreetmap.org/user/robepre,17677854,6,64,Kenya,iD 2.21.1,0,48,0,4,11,0,1,0,0,0,0,0,11,0,0,0,0,0,0,0,"{""building"": 11}",{},"#hotosm-project-15383,#elnino2023,#omhesa,#fao_swalim,#fao_rtea",2023-08-15 00:00:00+00:00,2023-09-01 00:00:00+00:00
204,dusziv,https://www.openstreetmap.org/user/dusziv,1861065,1,55,Somalia,JOSM/1.5 (18789 en),0,44,0,0,11,0,0,0,0,0,0,0,11,0,0,0,0,0,0,0,"{""building"": 11}",{},"#hotosm-project-15256,#elnino2023,#omhesa,#fao_swalim,#fao_rtea",2023-08-15 00:00:00+00:00,2023-09-01 00:00:00+00:00
205,Daniel_Simpson,https://www.openstreetmap.org/user/Daniel_Simpson,18380973,1,55,Somalia,iD 2.21.1,0,50,0,0,5,0,0,0,0,0,0,0,5,0,0,0,0,0,0,0,"{""building"": 5}",{},"#hotosm-project-15413,#elnino2023,#omhesa,#fao_swalim,#fao_rtea",2023-08-15 00:00:00+00:00,2023-09-01 00:00:00+00:00
206,IBRAHIM ABDULAI KARGBO,https://www.openstreetmap.org/user/IBRAHIM%20ABDULAI%20KARGBO,12787959,7,50,Somalia,iD 2.21.1,0,40,0,0,10,0,0,0,0,0,0,0,10,0,0,0,0,0,0,0,"{""building"": 10, ""addr:street"": 1, ""layer"": 1}",{},"#hotosm-project-15232,#elnino2023,#omhesa,#fao_swalim,#fao_rtea",2023-08-15 00:00:00+00:00,2023-09-01 00:00:00+00:00
207,SColchester,https://www.openstreetmap.org/user/SColchester,2708355,1,45,Somalia,JOSM/1.5 (18570 en_GB),0,36,0,0,9,0,0,0,0,0,0,0,9,0,0,0,0,0,0,0,"{""building"": 9}",{},"#hotosm-project-15234,#elnino2023,#omhesa,#fao_swalim,#fao_rtea",2023-08-15 00:00:00+00:00,2023-09-01 00:00:00+00:00
208,Jack Stephens,https://www.openstreetmap.org/user/Jack%20Stephens,16174202,1,45,Kenya,iD 2.21.1,0,36,0,0,9,0,0,0,0,0,0,0,9,0,0,0,0,0,0,0,"{""building"": 9}",{},"#hotosm-project-15383,#elinino2023,#omhesa,#fao_swalim,#fao_rtea",2023-08-15 00:00:00+00:00,2023-09-01 00:00:00+00:00
209,Munyu,https://www.openstreetmap.org/user/Munyu,14035664,1,39,Kenya,iD 2.21.1,0,31,0,0,8,0,0,0,0,0,0,0,8,0,0,0,0,0,0,0,"{""building"": 8, ""building:levels"": 1}",{},"#hotosm-project-15383,#elnino2023,#omhesa,#fao_swalim,#fao_rtea",2023-08-15 00:00:00+00:00,2023-09-01 00:00:00+00:00
210,George Odero,https://www.openstreetmap.org/user/George%20Odero,17126867,1,37,Kenya,iD 2.21.1,0,28,0,0,9,0,0,0,0,0,0,0,9,0,0,0,0,0,0,0,"{""building"": 9, ""addr:city"": 5}",{},"#hotosm-project-15383,#elnino2023,#omhesa,#fao_swalim,#fao_rtea",2023-08-15 00:00:00+00:00,2023-09-01 00:00:00+00:00
211,gnoye,https://www.openstreetmap.org/user/gnoye,8520420,1,20,Somalia,JOSM/1.5 (18789 en_AU),0,16,0,0,4,0,0,0,0,0,0,0,4,0,0,0,0,0,0,0,"{""building"": 4}",{},"#hotosm-project-15254,#elnino2023,#omhesa,#fao_swalim,#fao_rtea",2023-08-15 00:00:00+00:00,2023-09-01 00:00:00+00:00
212,Akinfasoye,https://www.openstreetmap.org/user/Akinfasoye,13770612,1,20,Somalia,JOSM/1.5 (18543 en),0,16,0,0,4,0,0,0,0,0,0,0,4,0,0,0,0,0,0,0,"{""building"": 4}",{},"#hotosm-project-15234,#elnino2023,#omhesa,#fao_swalim,#fao_rtea",2023-08-15 00:00:00+00:00,2023-09-01 00:00:00+00:00
213,Korir Ronald,https://www.openstreetmap.org/user/Korir%20Ronald,13933323,1,15,Kenya,iD 2.21.1,0,12,0,0,3,0,0,0,0,0,0,0,3,0,0,0,0,0,0,0,"{""building"": 3}",{},"#hotosm-project-15387,#elnino2023,#omhesa,#fao_swalim,#fao_rtea",2023-08-15 00:00:00+00:00,2023-09-01 00:00:00+00:00
214,Jepchumba,https://www.openstreetmap.org/user/Jepchumba,14471209,1,10,Ethiopia,JOSM/1.5 (18789 en),0,8,0,0,2,0,0,0,0,0,0,0,2,0,0,0,0,0,0,0,"{""building"": 2}",{},"#hotosm-project-15400,#elnino2023,#omhesa,#fao_swalim,#fao_rtea",2023-08-15 00:00:00+00:00,2023-09-01 00:00:00+00:00
215,ndemamapper,https://www.openstreetmap.org/user/ndemamapper,20061986,3,9,"Somalia,Kenya",iD 2.21.1,0,1,1,4,0,2,1,0,0,0,0,0,0,2,0,0,0,0,0,0,{},"{""building"": 2, ""building:levels"": 1, ""height"": 1}","#hotosm-project-15380,#elnino2023,#omhesa,#fao_swalim,#fao_rtea",2023-08-15 00:00:00+00:00,2023-09-01 00:00:00+00:00
216,Takudzwa P Murwadzi,https://www.openstreetmap.org/user/Takudzwa%20P%20Murwadzi,17380064,1,7,Kenya,iD 2.21.1,0,6,0,0,1,0,0,0,0,0,0,0,1,0,0,0,0,0,0,0,"{""building"": 1}",{},"#hotosm-project-15387,#elnino2023,#omhesa,#fao_swalim,#fao_rtea",2023-08-15 00:00:00+00:00,2023-09-01 00:00:00+00:00
217,Cynthiajep,https://www.openstreetmap.org/user/Cynthiajep,17320276,1,6,Kenya,iD 2.21.1,0,5,0,0,1,0,0,0,0,0,0,0,1,0,0,0,0,0,0,0,"{""building"": 1}",{},"#hotosm-project-15385,#elnino2023,#omhesa,#fao_swalim,#fao_rtea",2023-08-15 00:00:00+00:00,2023-09-01 00:00:00+00:00
218,kauevestena,https://www.openstreetmap.org/user/kauevestena,2052228,1,5,Somalia,iD 2.21.1,0,4,0,0,1,0,0,0,0,0,0,0,1,0,0,0,0,0,0,0,"{""building"": 1}",{},"#hotosm-project-15226,#elinino2023,#omhesa,#fao_swalim,#fao_rtea",2023-08-15 00:00:00+00:00,2023-09-01 00:00:00+00:00
