timestamp,users,changesets,map_changes,highway_len_m,nodes.create,nodes.modify,nodes.delete,ways.create,ways.modify,ways.delete,relations.create,relations.modify,relations.delete,poi.create,poi.modify,building.create,building.modify,highway.create,highway.modify,amenity.create,amenity.modify,waterway.create,waterway.modify,editors,tags_create,tags_modify
2023-02-22,1.0,3.0,21.0,0.0,1.0,20.0,0.0,0.0,0.0,0.0,0.0,0.0,0.0,1.0,2.0,0.0,0.0,0.0,0.0,1.0,2.0,0.0,0.0,"{""id "": 21}","{""amenity"": 1, ""check_date"": 1, ""addr:district"": 1, ""note"": 1, ""source"": 1, ""healthcare"": 1, ""name"": 1, ""fixme"": 1}","{""amenity"": 2, ""check_date"": 2, ""addr:district"": 2, ""note"": 2, ""source"": 2, ""healthcare"": 2, ""name"": 2, ""fixme"": 2, ""phone"": 1}"
2023-02-23,9.0,56.0,10935.0,7571.0,4462.0,5170.0,95.0,831.0,365.0,12.0,0.0,0.0,0.0,12.0,1.0,802.0,257.0,28.0,83.0,0.0,1.0,0.0,1.0,"{""josm"": 10253, ""rapid "": 682}","{""building"": 802, ""source"": 153, ""highway"": 28, ""ruins:building"": 1}","{""building"": 257, ""source"": 112, ""highway"": 83, ""landuse"": 11, ""ruins:building"": 6, ""layer"": 4, ""surface"": 3, ""leisure"": 2, ""name"": 2, ""natural"": 2, ""waterway"": 1, ""name:en"": 1, ""service"": 1, ""is_in"": 1, ""name:ru"": 1, ""amenity"": 1, ""bridge"": 1, ""oneway"": 1, ""name:fr"": 1, ""name:ar"": 1, ""place"": 1, ""turkey_class"": 1, ""sport"": 1}"
2023-02-24,23.0,208.0,35478.0,47168.0,21526.0,9111.0,137.0,4033.0,647.0,20.0,4.0,0.0,0.0,19.0,51.0,3821.0,379.0,192.0,209.0,15.0,45.0,5.0,15.0,"{""josm"": 27402, ""id "": 4276, ""rapid "": 3800}","{""building"": 3821, ""source"": 484, ""highway"": 192, ""amenity"": 15, ""check_date"": 12, ""addr:district"": 12, ""healthcare"": 12, ""note"": 12, ""name"": 12, ""fixme"": 12, ""man_made"": 11, ""waterway"": 5, ""type"": 4, ""ford"": 4, ""layer"": 4, ""ruins:building"": 1, ""generator:method"": 1, ""power"": 1, ""bridge"": 1, ""generator:output:electricity"": 1, ""generator:type"": 1, ""generator:source"": 1}","{""building"": 379, ""highway"": 209, ""source"": 136, ""amenity"": 45, ""landuse"": 36, ""name"": 29, ""waterway"": 15, ""check_date"": 12, ""addr:district"": 12, ""note"": 12, ""fixme"": 12, ""healthcare"": 11, ""surface"": 11, ""phone"": 10, ""oneway"": 7, ""man_made"": 5, ""operator"": 5, ""dispensing"": 4, ""intermittent"": 4, ""layer"": 3, ""addr:city"": 3, ""ruins:building"": 3, ""ref"": 3, ""residential"": 3, ""boundary"": 2, ""lanes"": 2, ""tower:type"": 2, ""barrier"": 2, ""tracktype"": 2, ""railway"": 2, ""name:ar"": 2, ""shop"": 2, ""admin_level"": 2, ""name:en"": 1, ""junction"": 1, ""name:tr"": 1, ""int_ref"": 1, ""tourism"": 1, ""bridge"": 1, ""religion"": 1, ""denomination"": 1}"
2023-02-25,20.0,693.0,23088.0,52771.0,16118.0,3339.0,174.0,3185.0,254.0,18.0,0.0,0.0,0.0,318.0,148.0,2907.0,102.0,268.0,133.0,303.0,147.0,2.0,0.0,"{""josm"": 14147, ""id "": 8941}","{""building"": 2907, ""check_date"": 321, ""addr:district"": 321, ""source"": 321, ""note"": 321, ""name"": 321, ""fixme"": 321, ""amenity"": 303, ""healthcare"": 302, ""highway"": 268, ""layer"": 78, ""shop"": 18, ""phone"": 18, ""ruins:building"": 5, ""waterway"": 2, ""water"": 2, ""surface"": 2, ""natural"": 2, ""bridge"": 1, ""lanes"": 1, ""maxspeed"": 1}","{""name"": 155, ""amenity"": 147, ""healthcare"": 144, ""phone"": 136, ""highway"": 133, ""source"": 118, ""check_date"": 102, ""addr:district"": 102, ""building"": 102, ""note"": 102, ""fixme"": 101, ""landuse"": 13, ""shop"": 9, ""surface"": 9, ""layer"": 5, ""ref"": 4, ""ruins:building"": 3, ""tracktype"": 3, ""addr:street"": 3, ""addr:city"": 3, ""lanes"": 3, ""maxspeed"": 3, ""addr:housenumber"": 2, ""oneway"": 2, ""name:ar"": 2, ""name:en"": 1, ""ref:ar"": 1, ""int_ref"": 1}"
2023-02-26,13.0,615.0,31313.0,32429.0,18346.0,9269.0,156.0,3095.0,426.0,19.0,2.0,0.0,0.0,446.0,85.0,3021.0,162.0,69.0,232.0,240.0,71.0,1.0,5.0,"{""josm"": 24379, ""id "": 6934}","{""building"": 3021, ""name"": 447, ""source"": 446, ""check_date"": 445, ""addr:district"": 445, ""note"": 445, ""fixme"": 445, ""healthcare"": 240, ""amenity"": 240, ""shop"": 203, ""phone"": 197, ""highway"": 69, ""layer"": 27, ""name:en"": 2, ""type"": 2, ""bridge"": 2, ""oneway"": 2, ""hop"": 2, ""waterway"": 1, ""power"": 1}","{""highway"": 232, ""source"": 191, ""building"": 162, ""name"": 87, ""addr:district"": 79, ""check_date"": 78, ""note"": 78, ""fixme"": 78, ""healthcare"": 71, ""amenity"": 71, ""phone"": 63, ""landuse"": 21, ""oneway"": 11, ""surface"": 7, ""shop"": 6, ""power"": 5, ""addr:city"": 5, ""waterway"": 5, ""layer"": 4, ""name:en"": 3, ""ruins:building"": 3, ""ref"": 3, ""name:ar"": 3, ""name:ru"": 2, ""name:tr"": 2, ""lanes"": 2, ""maxspeed"": 2, ""natural"": 2, ""intermittent"": 2, ""addr:street"": 2, ""bridge"": 2, ""cables"": 1, ""dispensing"": 1, ""addr:neighbourhood"": 1, ""drive_through"": 1, ""height"": 1, ""voltage"": 1}"
2023-02-27,20.0,220.0,28130.0,28571.0,18233.0,6113.0,42.0,3327.0,406.0,9.0,0.0,0.0,0.0,71.0,9.0,3189.0,149.0,135.0,232.0,0.0,3.0,0.0,4.0,"{""josm"": 16519, ""id "": 11370, ""rapid "": 241}","{""building"": 3189, ""highway"": 135, ""source"": 114, ""check_date"": 66, ""addr:district"": 66, ""note"": 66, ""shop"": 66, ""name"": 66, ""phone"": 66, ""fixme"": 64, ""layer"": 10, ""ford"": 4, ""barrier"": 2, ""covered"": 1, ""water"": 1, ""natural"": 1}","{""highway"": 232, ""source"": 160, ""building"": 149, ""landuse"": 15, ""surface"": 7, ""ford"": 6, ""oneway"": 4, ""waterway"": 4, ""layer"": 3, ""amenity"": 3, ""name"": 3, ""check_date"": 2, ""addr:district"": 2, ""fixme"": 2, ""damage:date"": 2, ""name:ru"": 2, ""intermittent"": 2, ""damage:type"": 2, ""ruins:building"": 2, ""ref"": 2, ""damage:event"": 2, ""earthquake:damage"": 2, ""religion"": 2, ""note"": 2, ""shop"": 2, ""phone"": 2, ""boundary"": 1, ""government"": 1, ""footway"": 1, ""office"": 1, ""construction"": 1, ""destroyed:building"": 1, ""service"": 1, ""railway"": 1, ""admin_level"": 1}"
2023-02-28,33.0,164.0,29521.0,23259.0,15759.0,9779.0,214.0,3361.0,374.0,32.0,2.0,0.0,0.0,8.0,0.0,3242.0,177.0,110.0,170.0,2.0,2.0,0.0,0.0,"{""josm"": 20719, ""id "": 5223, ""rapid "": 3579}","{""building"": 3242, ""source"": 424, ""highway"": 110, ""check_date"": 8, ""addr:district"": 8, ""barrier"": 8, ""note"": 8, ""shop"": 8, ""name"": 8, ""phone"": 8, ""fixme"": 7, ""type"": 2, ""amenity"": 2, ""man_made"": 1, ""area"": 1}","{""building"": 177, ""highway"": 170, ""source"": 89, ""ruins:building"": 10, ""landuse"": 10, ""surface"": 7, ""building:part"": 4, ""layer"": 3, ""service"": 2, ""amenity"": 2, ""residential"": 2, ""name"": 2, ""natural"": 2, ""boundary"": 1, ""addr:district"": 1, ""government"": 1, ""addr:neighbourhood"": 1, ""addr:housenumber"": 1, ""addr:street"": 1, ""office"": 1, ""addr:city"": 1, ""height"": 1, ""lanes"": 1, ""building:levels"": 1, ""admin_level"": 1}"
2023-03-01,15.0,104.0,18225.0,17331.0,9160.0,7010.0,20.0,1781.0,249.0,5.0,0.0,0.0,0.0,48.0,6.0,1707.0,129.0,71.0,100.0,1.0,2.0,0.0,0.0,"{""josm"": 14109, ""id "": 4116}","{""building"": 1707, ""highway"": 71, ""name"": 48, ""check_date"": 47, ""addr:district"": 47, ""note"": 47, ""shop"": 47, ""source"": 47, ""fixme"": 47, ""phone"": 46, ""ruins:building"": 2, ""amenity"": 1, ""barrier"": 1}","{""building"": 129, ""highway"": 100, ""source"": 64, ""ruins:building"": 11, ""surface"": 11, ""name"": 8, ""landuse"": 7, ""name:en"": 5, ""oneway"": 4, ""name:ar"": 4, ""int_name"": 3, ""name:de"": 3, ""name:ar1"": 3, ""name:fr"": 3, ""place"": 3, ""alt_name"": 3, ""ref"": 2, ""layer"": 2, ""name:ru"": 2, ""amenity"": 2, ""name:tr"": 2, ""railway"": 2, ""check_date"": 1, ""addr:district"": 1, ""note"": 1, ""lanes"": 1, ""maxspeed"": 1, ""phone"": 1, ""int_ref"": 1, ""shop"": 1, ""fixme"": 1}"
2023-03-02,30.0,374.0,32998.0,39794.0,19791.0,9144.0,61.0,3464.0,529.0,9.0,0.0,0.0,0.0,269.0,16.0,3299.0,284.0,153.0,214.0,0.0,6.0,0.0,0.0,"{""josm"": 26238, ""id "": 6626, ""rapid "": 134}","{""building"": 3299, ""source"": 272, ""name"": 270, ""check_date"": 269, ""addr:district"": 269, ""note"": 269, ""fixme"": 269, ""shop"": 268, ""phone"": 265, ""highway"": 153, ""tracktype"": 13, ""noname"": 8, ""landuse"": 6, ""natural"": 5, ""layer"": 3, ""bridge"": 3, ""oneway"": 2, ""name:en"": 1, ""sport"": 1, ""brand"": 1, ""brand:wikidata"": 1, ""name:ar"": 1, ""leisure"": 1}","{""building"": 284, ""highway"": 214, ""source"": 131, ""name"": 31, ""landuse"": 18, ""oneway"": 16, ""surface"": 16, ""check_date"": 12, ""addr:district"": 12, ""fixme"": 12, ""shop"": 12, ""phone"": 12, ""note"": 11, ""name:en"": 10, ""noname"": 10, ""name:ar"": 10, ""amenity"": 6, ""layer"": 4, ""natural"": 4, ""leisure"": 3, ""ruins:building"": 3, ""ref"": 3, ""boundary"": 2, ""healthcare"": 2, ""addr:city"": 2, ""brand:wikidata"": 2, ""service"": 2, ""addr:street"": 2, ""bridge"": 2, ""brand"": 2, ""cables"": 1, ""description"": 1, ""power"": 1, ""voltage"": 1, ""maxspeed"": 1, ""lanes"": 1, ""int_ref"": 1, ""int_name"": 1, ""addr:housenumber"": 1, ""ref:ar"": 1, ""religion"": 1, ""place"": 1, ""admin_level"": 1}"
2023-03-03,64.0,223.0,56694.0,72448.0,39118.0,8596.0,405.0,7770.0,717.0,81.0,5.0,2.0,0.0,35.0,49.0,7208.0,279.0,528.0,373.0,8.0,47.0,2.0,4.0,"{""id "": 33527, ""josm"": 23167}","{""building"": 7208, ""highway"": 528, ""layer"": 35, ""name"": 34, ""surface"": 26, ""building:levels"": 17, ""shop"": 17, ""brand:wikidata"": 16, ""brand"": 16, ""leisure"": 15, ""source"": 12, ""landuse"": 10, ""amenity"": 8, ""type"": 5, ""addr:district"": 4, ""healthcare"": 3, ""addr:city"": 3, ""sport"": 3, ""oneway"": 2, ""noname"": 2, ""natural"": 2, ""waterway"": 2, ""ford"": 2, ""barrier"": 2, ""bridge"": 2, ""religion"": 2, ""denomination"": 2, ""man_made"": 1, ""check_date"": 1, ""operator"": 1, ""tunnel"": 1, ""emergency"": 1, ""operator:wikidata"": 1, ""tower:type"": 1, ""note"": 1, ""fixme"": 1}","{""highway"": 373, ""building"": 279, ""source"": 116, ""name"": 61, ""amenity"": 47, ""healthcare"": 37, ""landuse"": 36, ""noname"": 28, ""surface"": 23, ""phone"": 21, ""layer"": 19, ""oneway"": 18, ""name:ar"": 9, ""building:part"": 8, ""name:en"": 7, ""ref"": 6, ""power"": 5, ""waterway"": 4, ""barrier"": 4, ""residential"": 4, ""operator"": 3, ""name:ku"": 3, ""leisure"": 3, ""religion"": 3, ""type"": 2, ""description"": 2, ""dispensing"": 2, ""voltage"": 2, ""bicycle_parking"": 2, ""wall"": 2, ""usage"": 2, ""bridge"": 2, ""note"": 2, ""railway"": 2, ""foot"": 2, ""denomination"": 2, ""shop"": 2, ""refugee"": 2, ""cables"": 1, ""boundary"": 1, ""addr:district"": 1, ""addr:city"": 1, ""int_ref"": 1, ""circuits"": 1, ""tourism"": 1, ""admin_level"": 1}"
2023-03-04,35.0,416.0,45110.0,252663.0,28398.0,11393.0,502.0,4224.0,526.0,67.0,0.0,0.0,0.0,180.0,6.0,3273.0,191.0,951.0,294.0,31.0,6.0,0.0,0.0,"{""rapid "": 36112, ""josm"": 6425, ""id "": 2573}","{""building"": 3273, ""source"": 2473, ""highway"": 951, ""name"": 181, ""check_date"": 180, ""addr:district"": 180, ""note"": 180, ""fixme"": 179, ""shop"": 148, ""phone"": 126, ""amenity"": 31, ""healthcare"": 31, ""layer"": 8, ""bridge"": 3, ""ref"": 1}","{""highway"": 294, ""source"": 247, ""building"": 191, ""name"": 27, ""oneway"": 21, ""landuse"": 21, ""surface"": 16, ""layer"": 9, ""name:en"": 7, ""name:ar"": 7, ""amenity"": 6, ""ref"": 4, ""addr:district"": 3, ""brand:wikidata"": 3, ""shop"": 3, ""brand"": 3, ""check_date"": 2, ""fixme"": 2, ""power"": 2, ""leisure"": 2, ""ford"": 2, ""note"": 2, ""phone"": 2, ""man_made"": 1, ""fuel:lpg"": 1, ""healthcare"": 1, ""addr:neighbourhood"": 1, ""website"": 1, ""operator"": 1, ""brand:wikipedia"": 1, ""junction"": 1, ""addr:city"": 1, ""voltage"": 1, ""area"": 1, ""natural"": 1, ""contact:fax"": 1, ""url"": 1, ""floating"": 1, ""addr:postcode"": 1, ""contact:phone"": 1, ""addr:housenumber"": 1, ""addr:street"": 1, ""bridge"": 1, ""residential"": 1, ""fuel:diesel"": 1, ""addr:country"": 1, ""alt_name"": 1}"
2023-03-05,15.0,93.0,12765.0,7163.0,4593.0,6954.0,19.0,743.0,452.0,0.0,0.0,4.0,0.0,38.0,5.0,716.0,259.0,27.0,174.0,38.0,6.0,0.0,2.0,"{""josm"": 12628, ""id "": 137}","{""building"": 716, ""source"": 40, ""amenity"": 38, ""check_date"": 38, ""addr:district"": 38, ""note"": 38, ""phone"": 38, ""healthcare"": 38, ""name"": 38, ""fixme"": 38, ""highway"": 27}","{""building"": 259, ""source"": 212, ""highway"": 174, ""name"": 23, ""oneway"": 9, ""surface"": 9, ""landuse"": 9, ""name:en"": 7, ""ref"": 7, ""name:ar"": 7, ""amenity"": 6, ""layer"": 5, ""note"": 5, ""type"": 4, ""description"": 4, ""route"": 4, ""name:ku"": 4, ""network"": 4, ""fixme"": 4, ""check_date"": 3, ""addr:district"": 3, ""healthcare"": 3, ""phone"": 3, ""boundary"": 2, ""description:fr"": 2, ""e-road:class"": 2, ""right:province"": 2, ""wikipedia"": 2, ""name:tr"": 2, ""name:fr"": 2, ""lanes"": 2, ""maxspeed"": 2, ""int_ref"": 2, ""wikidata"": 2, ""name:ckb"": 2, ""waterway"": 2, ""left:governate"": 2, ""barrier"": 2, ""right:country"": 2, ""service"": 2, ""name:nl"": 2, ""tracktype"": 2, ""left:country"": 2, ""religion"": 2, ""border_type"": 2, ""name:sk"": 2, ""admin_level"": 2, ""bicycle"": 1, ""leisure"": 1, ""ruins:building"": 1, ""motor_vehicle"": 1, ""foot"": 1, ""horse"": 1}"
2023-03-06,15.0,104.0,23357.0,37690.0,15061.0,5054.0,105.0,2892.0,240.0,5.0,0.0,0.0,0.0,29.0,3.0,2696.0,74.0,195.0,137.0,26.0,1.0,0.0,1.0,"{""id "": 14044, ""josm"": 9313}","{""building"": 2696, ""highway"": 195, ""source"": 32, ""name"": 31, ""check_date"": 29, ""addr:district"": 29, ""note"": 29, ""phone"": 29, ""fixme"": 29, ""amenity"": 26, ""healthcare"": 26, ""shop"": 3, ""natural"": 1}","{""highway"": 137, ""building"": 74, ""source"": 62, ""landuse"": 20, ""name"": 11, ""oneway"": 10, ""ref"": 7, ""name:en"": 5, ""natural"": 5, ""name:ar"": 5, ""barrier"": 3, ""name:de"": 2, ""name:fr"": 2, ""lanes"": 2, ""maxspeed"": 2, ""int_name"": 2, ""name:ar1"": 2, ""alt_name"": 2, ""surface"": 2, ""check_date"": 1, ""addr:district"": 1, ""layer"": 1, ""fixme"": 1, ""healthcare"": 1, ""short_name:ar"": 1, ""amenity"": 1, ""name:ku"": 1, ""building:levels"": 1, ""waterway"": 1, ""usage"": 1, ""note"": 1, ""railway"": 1, ""place"": 1, ""phone"": 1}"
2023-03-07,15.0,87.0,15460.0,19388.0,8424.0,5023.0,0.0,1692.0,318.0,2.0,1.0,0.0,0.0,1.0,0.0,1583.0,198.0,102.0,75.0,0.0,1.0,6.0,7.0,"{""josm"": 9372, ""id "": 6088}","{""building"": 1583, ""highway"": 102, ""waterway"": 6, ""source"": 4, ""bridge"": 3, ""layer"": 3, ""name"": 2, ""type"": 1, ""check_date"": 1, ""addr:district"": 1, ""note"": 1, ""shop"": 1, ""phone"": 1, ""leisure"": 1, ""fixme"": 1}","{""building"": 198, ""highway"": 75, ""source"": 63, ""construction"": 50, ""landuse"": 31, ""name"": 8, ""waterway"": 7, ""layer"": 6, ""name:ar"": 5, ""name:de"": 3, ""name:ru"": 3, ""oneway"": 3, ""name:uk"": 3, ""name:en"": 2, ""name:sr"": 2, ""name:grc"": 2, ""boat"": 2, ""tunnel"": 2, ""name:es"": 2, ""barrier"": 2, ""name:fa"": 2, ""name:azb"": 2, ""residential"": 2, ""name:gr"": 2, ""name:be"": 2, ""name:ur"": 2, ""name:bg"": 1, ""name:he"": 1, ""man_made"": 1, ""amenity"": 1, ""wikipedia"": 1, ""name:tr"": 1, ""wikidata"": 1, ""historic"": 1, ""leisure"": 1, ""natural"": 1, ""sport"": 1, ""name:hu"": 1, ""name:ja"": 1, ""tourism"": 1, ""name:lt"": 1, ""bridge"": 1, ""alt_name"": 1}"
2023-03-08,34.0,289.0,40531.0,52399.0,28882.0,5477.0,170.0,5617.0,360.0,24.0,1.0,0.0,0.0,6.0,3.0,5280.0,187.0,244.0,148.0,0.0,0.0,0.0,3.0,"{""id "": 27218, ""josm"": 12704, ""rapid "": 609}","{""building"": 5280, ""highway"": 244, ""landuse"": 70, ""natural"": 13, ""name"": 12, ""source"": 9, ""generator:source"": 7, ""power"": 7, ""check_date"": 6, ""addr:district"": 6, ""note"": 6, ""shop"": 6, ""fixme"": 6, ""generator:method"": 5, ""generator:output:electricity"": 5, ""generator:type"": 5, ""phone"": 4, ""layer"": 3, ""office"": 2, ""bridge"": 2, ""surface"": 2, ""area"": 2, ""type"": 1, ""residential"": 1, ""leisure"": 1}","{""building"": 187, ""highway"": 148, ""source"": 135, ""landuse"": 18, ""oneway"": 12, ""name"": 10, ""ref"": 6, ""name:ar"": 4, ""surface"": 4, ""name:en"": 3, ""waterway"": 3, ""boundary"": 2, ""description"": 2, ""tunnel"": 2, ""int_ref"": 2, ""natural"": 2, ""ref:ar"": 2, ""layer"": 1, ""government"": 1, ""name:de"": 1, ""highres"": 1, ""craft"": 1, ""operator"": 1, ""office"": 1, ""name:fr"": 1, ""lanes"": 1, ""maxspeed"": 1, ""intermittent"": 1, ""int_name"": 1, ""level"": 1, ""is_in"": 1, ""addr:street"": 1, ""residential"": 1, ""name:ar1"": 1, ""alt_name"": 1, ""admin_level"": 1}"
2023-03-09,10.0,67.0,17587.0,35200.0,12325.0,2420.0,1.0,2553.0,286.0,2.0,0.0,0.0,0.0,0.0,2.0,2374.0,77.0,179.0,196.0,1.0,0.0,0.0,1.0,"{""id "": 13092, ""josm"": 4495}","{""building"": 2374, ""highway"": 179, ""source"": 1, ""name"": 1, ""amenity"": 1}","{""highway"": 196, ""building"": 77, ""source"": 60, ""landuse"": 10, ""oneway"": 8, ""layer"": 5, ""name"": 4, ""ref"": 3, ""barrier"": 2, ""waterway"": 1, ""power"": 1, ""bridge"": 1, ""tunnel"": 1, ""place"": 1, ""turkey_class"": 1, ""surface"": 1, ""leisure"": 1}"
2023-03-10,6.0,56.0,13317.0,21515.0,9935.0,1095.0,0.0,2183.0,104.0,0.0,0.0,0.0,0.0,27.0,1.0,2048.0,13.0,135.0,87.0,28.0,1.0,0.0,0.0,"{""id "": 12219, ""josm"": 1098}","{""building"": 2048, ""highway"": 135, ""amenity"": 28, ""check_date"": 27, ""addr:district"": 27, ""note"": 27, ""fixme"": 27, ""phone"": 27, ""source"": 27, ""healthcare"": 27, ""name"": 27}","{""highway"": 87, ""source"": 14, ""building"": 13, ""name"": 4, ""name:en"": 3, ""ref"": 3, ""landuse"": 3, ""description"": 2, ""oneway"": 2, ""check_date"": 1, ""addr:district"": 1, ""layer"": 1, ""healthcare"": 1, ""amenity"": 1, ""note"": 1, ""railway"": 1, ""name:ar"": 1, ""phone"": 1, ""fixme"": 1}"
2023-03-11,8.0,29.0,6056.0,8999.0,2767.0,2744.0,0.0,415.0,130.0,0.0,0.0,0.0,0.0,5.0,4.0,363.0,91.0,51.0,31.0,5.0,0.0,0.0,2.0,"{""josm"": 5049, ""id "": 1007}","{""building"": 363, ""highway"": 51, ""amenity"": 5, ""check_date"": 5, ""addr:district"": 5, ""note"": 5, ""phone"": 5, ""source"": 5, ""healthcare"": 5, ""name"": 5, ""fixme"": 5, ""bridge"": 1}","{""building"": 91, ""highway"": 31, ""source"": 18, ""landuse"": 6, ""name"": 5, ""ref"": 4, ""oneway"": 3, ""waterway"": 2, ""ford"": 2, ""check_date"": 2, ""addr:district"": 2, ""layer"": 2, ""note"": 2, ""shop"": 2, ""phone"": 2, ""surface"": 2, ""intermittent"": 2, ""fixme"": 2, ""int_ref"": 1}"
2023-03-12,6.0,12.0,3343.0,2322.0,1490.0,1481.0,0.0,311.0,61.0,0.0,0.0,0.0,0.0,0.0,0.0,298.0,35.0,13.0,23.0,0.0,0.0,0.0,0.0,"{""josm"": 2048, ""id "": 1295}","{""building"": 298, ""highway"": 13}","{""building"": 35, ""highway"": 23, ""source"": 19, ""landuse"": 2, ""ref"": 1, ""surface"": 1, ""leisure"": 1, ""name"": 1}"
2023-03-13,10.0,55.0,15968.0,5146.0,12338.0,937.0,0.0,2542.0,151.0,0.0,0.0,0.0,0.0,16.0,4.0,2483.0,41.0,55.0,102.0,14.0,7.0,2.0,1.0,"{""id "": 15104, ""josm"": 860, ""rapid "": 4}","{""building"": 2483, ""highway"": 55, ""name"": 19, ""check_date"": 15, ""addr:district"": 15, ""source"": 15, ""healthcare"": 15, ""note"": 15, ""fixme"": 15, ""amenity"": 14, ""phone"": 14, ""shop"": 4, ""brand:wikidata"": 3, ""brand"": 3, ""waterway"": 2, ""layer"": 2, ""tunnel"": 2, ""railway"": 1}","{""highway"": 102, ""building"": 41, ""source"": 19, ""name"": 11, ""healthcare"": 7, ""amenity"": 7, ""oneway"": 7, ""check_date"": 6, ""addr:district"": 6, ""fixme"": 6, ""note"": 6, ""phone"": 6, ""name:en"": 3, ""layer"": 3, ""int_ref"": 3, ""ref"": 3, ""name:ar"": 3, ""landuse"": 3, ""railway"": 2, ""min_level"": 1, ""man_made"": 1, ""payment:credit_cards"": 1, ""junction"": 1, ""tunnel"": 1, ""payment:debit_cards"": 1, ""building:levels"": 1, ""waterway"": 1, ""tower:type"": 1, ""service"": 1, ""payment:cash"": 1, ""bridge"": 1, ""building:use"": 1, ""shop"": 1, ""surface"": 1}"
2023-03-14,12.0,111.0,11491.0,1631.0,7924.0,1695.0,0.0,1706.0,164.0,0.0,2.0,0.0,0.0,73.0,6.0,1692.0,73.0,13.0,81.0,1.0,6.0,2.0,1.0,"{""id "": 8522, ""josm"": 2969}","{""building"": 1692, ""name"": 75, ""check_date"": 73, ""addr:district"": 73, ""source"": 73, ""shop"": 73, ""fixme"": 73, ""note"": 72, ""phone"": 51, ""highway"": 13, ""waterway"": 2, ""type"": 2, ""layer"": 1, ""addr:street"": 1, ""amenity"": 1, ""brand:wikidata"": 1, ""leisure"": 1, ""brand"": 1}","{""highway"": 81, ""building"": 73, ""source"": 12, ""name"": 8, ""check_date"": 6, ""addr:district"": 6, ""amenity"": 6, ""fixme"": 6, ""note"": 5, ""shop"": 4, ""phone"": 4, ""healthcare"": 3, ""landuse"": 3, ""service"": 2, ""layer"": 2, ""waterway"": 1, ""dispensing"": 1, ""ref"": 1, ""addr:street"": 1, ""brand:wikipedia"": 1, ""religion"": 1, ""brand:wikidata"": 1, ""surface"": 1, ""brand"": 1}"
2023-03-15,7.0,73.0,8077.0,835.0,5885.0,915.0,0.0,1124.0,153.0,0.0,0.0,0.0,0.0,59.0,11.0,1106.0,89.0,18.0,57.0,32.0,7.0,0.0,0.0,"{""id "": 6770, ""josm"": 1307}","{""building"": 1106, ""check_date"": 59, ""addr:district"": 59, ""source"": 59, ""name"": 59, ""fixme"": 59, ""note"": 58, ""phone"": 46, ""amenity"": 32, ""healthcare"": 32, ""shop"": 27, ""highway"": 18, ""brand:wikidata"": 1, ""brand"": 1}","{""building"": 89, ""highway"": 57, ""source"": 29, ""name"": 17, ""check_date"": 13, ""addr:district"": 13, ""note"": 13, ""fixme"": 13, ""phone"": 12, ""healthcare"": 7, ""amenity"": 7, ""shop"": 6, ""landuse"": 4, ""surface"": 3, ""service"": 2, ""boundary"": 1, ""layer"": 1, ""bicycle"": 1, ""addr:city"": 1, ""oneway"": 1, ""motor_vehicle"": 1, ""emergency"": 1, ""foot"": 1, ""lanes"": 1, ""admin_level"": 1}"
2023-03-16,8.0,79.0,14079.0,1386.0,10568.0,1256.0,14.0,2121.0,117.0,3.0,0.0,0.0,0.0,51.0,1.0,2115.0,68.0,2.0,39.0,53.0,1.0,0.0,0.0,"{""id "": 11891, ""josm"": 2188}","{""building"": 2115, ""amenity"": 53, ""addr:district"": 52, ""source"": 52, ""fixme"": 52, ""check_date"": 51, ""healthcare"": 51, ""note"": 51, ""name"": 51, ""phone"": 50, ""highway"": 2, ""leisure"": 2, ""addr:province"": 1, ""damage:date"": 1, ""damage:event"": 1, ""office"": 1, ""addr:full"": 1, ""damage:type"": 1}","{""building"": 68, ""highway"": 39, ""source"": 31, ""landuse"": 8, ""residential"": 3, ""name"": 3, ""boundary"": 1, ""check_date"": 1, ""addr:district"": 1, ""healthcare"": 1, ""amenity"": 1, ""note"": 1, ""phone"": 1, ""leisure"": 1, ""admin_level"": 1, ""fixme"": 1}"
2023-03-17,7.0,120.0,11423.0,564.0,9189.0,420.0,0.0,1780.0,34.0,0.0,0.0,0.0,0.0,90.0,1.0,1772.0,3.0,6.0,18.0,91.0,9.0,0.0,0.0,"{""id "": 11248, ""josm"": 165, ""rapid "": 10}","{""building"": 1772, ""addr:district"": 92, ""source"": 92, ""fixme"": 92, ""amenity"": 91, ""check_date"": 90, ""healthcare"": 90, ""note"": 90, ""name"": 90, ""phone"": 87, ""highway"": 6, ""addr:province"": 2, ""damage:date"": 2, ""damage:event"": 2, ""addr:full"": 2, ""damage:type"": 2, ""area"": 1}","{""highway"": 18, ""source"": 13, ""name"": 10, ""fixme"": 10, ""check_date"": 9, ""addr:district"": 9, ""healthcare"": 9, ""amenity"": 9, ""note"": 9, ""phone"": 9, ""building"": 3, ""surface"": 2, ""landuse"": 2, ""name:en"": 1, ""addr:province"": 1, ""is_in"": 1, ""name:de"": 1, ""name:alt"": 1, ""damage:date"": 1, ""name:ru"": 1, ""damage:event"": 1, ""name:ar1"": 1, ""name:fr"": 1, ""name:ar"": 1, ""alt_name"": 1, ""place"": 1, ""natural"": 1, ""damage:type"": 1}"
2023-03-18,8.0,236.0,2781.0,2368.0,1167.0,1274.0,0.0,229.0,110.0,0.0,1.0,0.0,0.0,149.0,4.0,141.0,20.0,26.0,70.0,211.0,16.0,0.0,0.0,"{""id "": 1859, ""josm"": 922}","{""amenity"": 211, ""addr:district"": 210, ""source"": 210, ""fixme"": 210, ""building"": 141, ""healthcare"": 139, ""check_date"": 138, ""note"": 138, ""name"": 138, ""phone"": 137, ""addr:province"": 72, ""damage:date"": 72, ""damage:event"": 72, ""addr:full"": 72, ""damage:type"": 72, ""area"": 59, ""highway"": 26, ""addr:street"": 2, ""type"": 1}","{""highway"": 70, ""building"": 20, ""source"": 20, ""name"": 20, ""check_date"": 16, ""healthcare"": 16, ""amenity"": 16, ""note"": 16, ""fixme"": 16, ""phone"": 15, ""addr:district"": 14, ""emergency"": 5, ""landuse"": 5, ""addr:city"": 4, ""operator"": 2, ""oneway"": 2, ""operator:wikidata"": 2, ""boundary"": 1, ""barrier"": 1, ""ref"": 1, ""operator:wikipedia"": 1, ""addr:street"": 1, ""religion"": 1, ""embankment"": 1, ""surface"": 1, ""int_ref"": 1, ""admin_level"": 1}"
2023-03-19,8.0,170.0,3158.0,1591.0,1752.0,1040.0,0.0,306.0,60.0,0.0,0.0,0.0,0.0,109.0,11.0,259.0,17.0,13.0,39.0,142.0,12.0,1.0,0.0,"{""josm"": 2344, ""id "": 814}","{""building"": 259, ""source"": 144, ""addr:district"": 142, ""amenity"": 142, ""fixme"": 142, ""check_date"": 104, ""note"": 104, ""phone"": 104, ""name"": 104, ""addr:province"": 38, ""damage:date"": 38, ""damage:event"": 38, ""addr:full"": 38, ""damage:type"": 38, ""brand:wikidata"": 37, ""brand"": 37, ""area"": 32, ""highway"": 13, ""bridge"": 2, ""branch"": 2, ""waterway"": 1, ""layer"": 1, ""drive_through"": 1}","{""highway"": 39, ""source"": 21, ""building"": 17, ""name"": 17, ""amenity"": 12, ""brand:wikidata"": 9, ""brand"": 9, ""check_date"": 8, ""addr:district"": 8, ""note"": 8, ""fixme"": 8, ""operator"": 5, ""phone"": 4, ""operator:wikidata"": 4, ""atm"": 3, ""boundary"": 3, ""addr:street"": 3, ""brand:wikipedia"": 3, ""addr:city"": 2, ""opening_hours"": 2, ""name:en"": 1, ""addr:postcode"": 1, ""addr:housenumber"": 1, ""addr:neighbourhood"": 1, ""oneway"": 1, ""branch"": 1, ""landuse"": 1, ""wheelchair"": 1}"
