rank,uid,profile,start_date,end_date,name,changesets,map_changes,highway_len_m,nodes.create,nodes.modify,nodes.delete,ways.create,ways.modify,ways.delete,relations.create,relations.modify,relations.delete,poi.create,poi.modify,building.create,building.modify,highway.create,highway.modify,amenity.create,amenity.modify,waterway.create,waterway.modify,countries,editors,hashtags,tags_create,tags_modify
1,2112246,https://www.openstreetmap.org/user/yunita%20sari,2023-02-21 00:00:00+00:00,2023-03-13 21:21:53+00:00,yunita sari,78.0,58325.0,104045.0,46630.0,1552.0,8.0,9788.0,347.0,0.0,0.0,0.0,0.0,0.0,2.0,9224.0,19.0,562.0,311.0,2.0,0.0,2.0,4.0,Syrian Arab Republic,iD 2.21.1,"#AKDN,#Syria,#MissingMaps,#hotosm-project-14230,#TürkiyeEQ060223,#SMforST2023,#OMHAP","{""building"": 9224, ""highway"": 562, ""name"": 11, ""layer"": 4, ""tunnel"": 2, ""bridge"": 2, ""office"": 2, ""amenity"": 2, ""waterway"": 2, ""shop"": 1}","{""highway"": 311, ""source"": 41, ""oneway"": 19, ""building"": 19, ""ref"": 16, ""name"": 10, ""landuse"": 9, ""name:en"": 5, ""layer"": 4, ""waterway"": 4, ""tunnel"": 3, ""description"": 3, ""int_ref"": 2, ""railway"": 2, ""name:ar"": 2, ""operator"": 1, ""bridge"": 1, ""office"": 1, ""boundary"": 1, ""building:levels"": 1, ""craft"": 1, ""maxspeed"": 1, ""junction"": 1, ""highres"": 1, ""usage"": 1, ""natural"": 1, ""surface"": 1, ""government"": 1, ""level"": 1, ""lanes"": 1}"
2,781054,https://www.openstreetmap.org/user/Manoj%20Thapa,2023-02-21 00:00:00+00:00,2023-03-13 21:21:53+00:00,Manoj Thapa,156.0,35569.0,16186.0,17665.0,13137.0,3.0,3954.0,810.0,0.0,0.0,0.0,0.0,1.0,7.0,3888.0,447.0,66.0,311.0,0.0,2.0,0.0,4.0,"Syrian Arab Republic,Turkey",JOSM/1.5 (18570 en),"#AKDN,#Syria,#MissingMaps,#hotosm-project-14234,#turkiye,#TürkiyeEQ060223,#hotosm-project-14233,#kll,#SMforST2023,#OMHAP,#turkey,#hotosm-project-14246,#hotosm-project-14232,#osmnepal,#yercizenler,#hotosm-project-14235","{""building"": 3888, ""highway"": 66, ""source"": 12, ""bridge"": 2, ""layer"": 2, ""power"": 1}","{""building"": 447, ""highway"": 311, ""source"": 258, ""landuse"": 41, ""name"": 10, ""oneway"": 7, ""surface"": 7, ""power"": 6, ""ref"": 6, ""layer"": 5, ""waterway"": 4, ""residential"": 3, ""name:ar"": 3, ""barrier"": 3, ""natural"": 3, ""tunnel"": 2, ""ref:ar"": 2, ""amenity"": 2, ""addr:city"": 1, ""int_name"": 1, ""alt_name"": 1, ""bridge"": 1, ""voltage"": 1, ""name:fr"": 1, ""name:en"": 1, ""addr:neighbourhood"": 1, ""addr:street"": 1, ""religion"": 1, ""name:ar1"": 1, ""addr:district"": 1, ""cables"": 1, ""name:de"": 1}"
3,13533370,https://www.openstreetmap.org/user/Rafiq%20Haidari,2023-02-21 00:00:00+00:00,2023-03-13 21:21:53+00:00,Rafiq Haidari,63.0,24753.0,0.0,19382.0,628.0,70.0,4621.0,37.0,15.0,0.0,0.0,0.0,0.0,0.0,4621.0,11.0,0.0,23.0,0.0,0.0,0.0,0.0,"Syrian Arab Republic,Turkey","RapiD 1.1.9-tm.1,iD 2.21.1","#AKDN,#Syria,#MissingMaps,#TürkiyeEQ060223,#SMforST2023,#OMHAP,#hotosm-project-14232","{""building"": 4621}","{""highway"": 23, ""building"": 11, ""landuse"": 3, ""name:ar"": 1, ""oneway"": 1, ""surface"": 1, ""name:en"": 1, ""name"": 1, ""name:ku"": 1, ""ref"": 1, ""short_name:ar"": 1}"
4,6075053,https://www.openstreetmap.org/user/Rabin%20Ojha,2023-02-21 00:00:00+00:00,2023-03-13 21:21:53+00:00,Rabin Ojha,141.0,21736.0,19203.0,6578.0,13005.0,25.0,1053.0,1065.0,9.0,1.0,0.0,0.0,2.0,5.0,952.0,519.0,89.0,444.0,0.0,0.0,3.0,10.0,"Syrian Arab Republic,Turkey",JOSM/1.5 (18646 en),"#Syria,#kll,#OMHAP,#turkey,#cscrs,#osmnepal,#hotosm-project-14262,#AKDN,#MissingMaps,#hotosm-project-14230,#TürkiyeEQ060223,#SMforST2023,#youthmappers,#hotosm-project-14245,#hotosm-project-14233,#hotosm-project-14246,#nibar,#hotosm-project-14264,#uhuzam,#yercizenler,#turkiye,#hotosm-project-14232,#gesan","{""building"": 952, ""highway"": 89, ""ruins:building"": 9, ""source"": 5, ""surface"": 4, ""waterway"": 3, ""ford"": 2, ""layer"": 2, ""lanes"": 1, ""maxspeed"": 1, ""type"": 1}","{""building"": 519, ""highway"": 444, ""source"": 203, ""landuse"": 49, ""ruins:building"": 42, ""surface"": 38, ""name"": 10, ""waterway"": 10, ""layer"": 5, ""barrier"": 4, ""bridge"": 3, ""ref"": 3, ""place"": 3, ""maxspeed"": 3, ""turkey_class"": 2, ""ford"": 2, ""lanes"": 2, ""residential"": 1, ""tunnel"": 1, ""admin_level"": 1, ""name:ru"": 1, ""voltage"": 1, ""power"": 1, ""boundary"": 1, ""int_ref"": 1, ""name:ar"": 1, ""oneway"": 1, ""name:fr"": 1, ""name:en"": 1, ""footway"": 1, ""is_in"": 1, ""cables"": 1, ""construction"": 1}"
5,8316170,https://www.openstreetmap.org/user/Gaurav%20Parajuli,2023-02-21 00:00:00+00:00,2023-03-13 21:21:53+00:00,Gaurav Parajuli,71.0,19299.0,23163.0,4527.0,13621.0,60.0,652.0,435.0,4.0,0.0,0.0,0.0,11.0,3.0,603.0,194.0,46.0,222.0,6.0,1.0,2.0,7.0,"Syrian Arab Republic,Turkey","JOSM/1.5 (18583 en),iD 2.25.1","#Syria,#OMHAP,#turkey,#osmnepal,#AKDN,#MissingMaps,#hotosm-project-14230,#hotosm-project-14234,#mapbuds,#TürkiyeEQ060223,#SMforST2023,#youthmappers,#gaurav,#hotosm,#hotosm-project-14245,#hotosm-project-14233,#missingmaps,#yercizenler,#turkiye,#gesan","{""building"": 603, ""highway"": 46, ""source"": 20, ""amenity"": 6, ""note"": 5, ""name"": 5, ""healthcare"": 5, ""addr:district"": 5, ""phone"": 5, ""check_date"": 5, ""ford"": 5, ""fixme"": 4, ""waterway"": 2, ""man_made"": 1}","{""highway"": 222, ""source"": 215, ""building"": 194, ""construction"": 50, ""landuse"": 12, ""name"": 7, ""waterway"": 7, ""intermittent"": 4, ""surface"": 4, ""oneway"": 2, ""tracktype"": 2, ""ref"": 2, ""man_made"": 2, ""layer"": 2, ""addr:district"": 2, ""maxspeed"": 2, ""tower:type"": 2, ""lanes"": 2, ""residential"": 1, ""addr:city"": 1, ""office"": 1, ""note"": 1, ""fixme"": 1, ""building:levels"": 1, ""healthcare"": 1, ""addr:neighbourhood"": 1, ""addr:street"": 1, ""height"": 1, ""junction"": 1, ""addr:housenumber"": 1, ""amenity"": 1, ""government"": 1, ""phone"": 1, ""check_date"": 1}"
6,16060450,https://www.openstreetmap.org/user/Dibikshya%20Shrestha,2023-02-21 00:00:00+00:00,2023-03-13 21:21:53+00:00,Dibikshya Shrestha,53.0,17484.0,14185.0,5125.0,11583.0,14.0,474.0,283.0,1.0,0.0,4.0,0.0,0.0,3.0,440.0,111.0,34.0,164.0,0.0,0.0,0.0,2.0,"Syrian Arab Republic,Turkey","JOSM/1.5 (18463 en),JOSM/1.5 (18427 en)","#Syria,#KLL,#YILAB,#OMHAP,#turkey,#naxa,#YouthMappers,#AKDN,#MissingMaps,#hotosm-project-14230,#hotosm-project-14234,#mapbuds,#TürkiyeEQ060223,#SMforST2023,#geoneer,#GESAN,#youthmappers,#hotosm-project-14233,#yercizenler,#turkiye,#OSMNepal,#gesan","{""building"": 440, ""highway"": 34, ""source"": 3, ""oneway"": 2, ""name"": 2, ""layer"": 2, ""bridge"": 2, ""name:en"": 2}","{""highway"": 164, ""building"": 111, ""source"": 71, ""oneway"": 10, ""name"": 10, ""landuse"": 5, ""name:en"": 4, ""ref"": 4, ""network"": 4, ""type"": 4, ""route"": 4, ""description"": 4, ""surface"": 3, ""name:nl"": 2, ""name:ru"": 2, ""bridge"": 2, ""int_ref"": 2, ""note"": 2, ""name:ar"": 2, ""name:fr"": 2, ""tracktype"": 2, ""description:fr"": 2, ""wikipedia"": 2, ""layer"": 2, ""maxspeed"": 2, ""wikidata"": 2, ""e-road:class"": 2, ""natural"": 2, ""lanes"": 2, ""name:sk"": 2, ""waterway"": 2, ""bicycle"": 1, ""motor_vehicle"": 1, ""foot"": 1, ""horse"": 1}"
7,18539471,https://www.openstreetmap.org/user/Indah%20Sal,2023-02-21 00:00:00+00:00,2023-03-13 21:21:53+00:00,Indah Sal,201.0,15896.0,3909.0,10284.0,3327.0,36.0,2099.0,144.0,6.0,0.0,0.0,0.0,95.0,14.0,2045.0,42.0,54.0,97.0,14.0,13.0,0.0,0.0,"Syrian Arab Republic,Turkey","iD 2.24.2,iD 2.25.1,iD 2.21.1","#AKDN,#Syria,#MissingMaps,#hotosm-project-14230,#hotosm,#turkiye,#smforst2023,#TürkiyeEQ060223,#SMforST2023,#OMHAP,#turkey,#yercizenler,#maproulette","{""building"": 2045, ""name"": 94, ""addr:district"": 94, ""check_date"": 94, ""source"": 94, ""note"": 94, ""fixme"": 93, ""shop"": 80, ""phone"": 75, ""highway"": 54, ""healthcare"": 14, ""amenity"": 14, ""railway"": 1}","{""highway"": 97, ""building"": 42, ""name"": 22, ""source"": 14, ""amenity"": 13, ""addr:district"": 12, ""note"": 12, ""fixme"": 12, ""oneway"": 12, ""check_date"": 12, ""name:ar"": 9, ""phone"": 9, ""name:en"": 8, ""healthcare"": 5, ""addr:city"": 3, ""layer"": 3, ""railway"": 3, ""landuse"": 2, ""service"": 2, ""bridge"": 1, ""office"": 1, ""name:tr"": 1, ""surface"": 1, ""government"": 1}"
8,14854690,https://www.openstreetmap.org/user/Lochan%20Pant,2023-02-21 00:00:00+00:00,2023-03-13 21:21:53+00:00,Lochan Pant,68.0,15596.0,13803.0,5126.0,9349.0,26.0,728.0,367.0,0.0,0.0,0.0,0.0,12.0,6.0,663.0,295.0,64.0,52.0,0.0,4.0,0.0,2.0,"Syrian Arab Republic,Turkey","JOSM/1.5 (18678 en),JOSM/1.5 (18570 en)","#AKDN,#Syria,#MissingMaps,#hotosm-project-14230,#ges,#GES,#TürkiyeEQ060223,#SMforST2023,#OMHAP,#hotosm-project-14246,#SMforST,#KU","{""building"": 663, ""highway"": 64, ""source"": 12, ""bridge"": 2}","{""building"": 295, ""highway"": 52, ""source"": 29, ""landuse"": 14, ""name"": 8, ""layer"": 4, ""amenity"": 4, ""name:ar"": 4, ""ref"": 3, ""int_name"": 2, ""religion"": 2, ""place"": 2, ""name:ar1"": 2, ""intermittent"": 2, ""alt_name"": 2, ""name:ru"": 2, ""name:tr"": 2, ""natural"": 2, ""ford"": 2, ""oneway"": 2, ""name:en"": 2, ""name:fr"": 2, ""name:de"": 2, ""waterway"": 2}"
9,18434194,https://www.openstreetmap.org/user/HarryKMapper,2023-02-21 00:00:00+00:00,2023-03-13 21:21:53+00:00,HarryKMapper,66.0,13827.0,21480.0,8400.0,3633.0,11.0,1522.0,260.0,1.0,0.0,0.0,0.0,29.0,23.0,1377.0,169.0,141.0,86.0,29.0,22.0,0.0,0.0,"Syrian Arab Republic,Turkey","JOSM/1.5 (18646 en_AU),RapiD 1.1.9-tm.1,iD 2.25.1","#Syria,#MissingMaps,#hotosm,#turkiye,#TürkiyeEQ060223,#SMforST2023,#OMHAP,#hotosm-project-14311,#turkey,#hotosm-project-14264,#cscrs,#uhuzam,#yercizenler","{""building"": 1377, ""highway"": 141, ""source"": 30, ""amenity"": 29, ""addr:district"": 27, ""note"": 27, ""fixme"": 27, ""name"": 27, ""healthcare"": 27, ""phone"": 27, ""check_date"": 27, ""power"": 3, ""generator:source"": 3, ""generator:output:electricity"": 1, ""generator:method"": 1, ""leisure"": 1, ""generator:type"": 1}","{""building"": 169, ""highway"": 86, ""source"": 76, ""amenity"": 22, ""landuse"": 4, ""oneway"": 4, ""layer"": 3, ""ref"": 3, ""int_ref"": 3, ""surface"": 3, ""name"": 2, ""man_made"": 1, ""addr:district"": 1, ""note"": 1, ""sport"": 1, ""fixme"": 1, ""healthcare"": 1, ""leisure"": 1, ""phone"": 1, ""check_date"": 1}"
10,14357745,https://www.openstreetmap.org/user/AayushChand123,2023-02-21 00:00:00+00:00,2023-03-13 21:21:53+00:00,AayushChand123,36.0,11081.0,18154.0,6690.0,3439.0,12.0,739.0,199.0,0.0,2.0,0.0,0.0,2.0,17.0,674.0,99.0,59.0,72.0,0.0,12.0,0.0,5.0,"Syrian Arab Republic,Turkey",JOSM/1.5 (18463 en),"#Syria,#KLL,#YILAB,#OMHAP,#turkey,#naxa,#YouthMappers,#AKDN,#MissingMaps,#hotosm-project-14230,#mapbuds,#hotosm-project-14234,#TürkiyeEQ060223,#SMforST2023,#geoneer,#GESAN,#hotosm-project-14233,#yercizenler,#turkiye,#OSMNepal","{""building"": 674, ""highway"": 59, ""type"": 2, ""ford"": 2, ""water"": 1, ""natural"": 1}","{""building"": 99, ""highway"": 72, ""source"": 66, ""landuse"": 16, ""name"": 14, ""amenity"": 12, ""operator"": 5, ""healthcare"": 5, ""waterway"": 5, ""intermittent"": 4, ""dispensing"": 4, ""ford"": 4, ""surface"": 4, ""name:ar"": 3, ""shop"": 3, ""layer"": 2, ""name:ru"": 2, ""damage:type"": 2, ""natural"": 2, ""earthquake:damage"": 2, ""damage:event"": 2, ""damage:date"": 2, ""tourism"": 1, ""religion"": 1, ""destroyed:building"": 1, ""name:en"": 1}"
11,13882764,https://www.openstreetmap.org/user/JoshuaOrais,2023-02-21 00:00:00+00:00,2023-03-13 21:21:53+00:00,JoshuaOrais,525.0,9469.0,9286.0,6827.0,1271.0,81.0,1116.0,160.0,14.0,0.0,0.0,0.0,393.0,112.0,1088.0,106.0,27.0,39.0,357.0,118.0,0.0,0.0,"Syrian Arab Republic,Turkey","iD 2.24.2,JOSM/1.5 (18583 en),iD 2.21.1","#AKDN,#Syria,#MissingMaps,#hotosm-project-14230,#hotosm,#turkiye,#phfortrsy,#TürkiyeEQ060223,#ymph23,#SMforST2023,#OMHAP,#turkey,#hotosm-project-14262,#yercizenler","{""building"": 1088, ""source"": 655, ""name"": 395, ""fixme"": 393, ""addr:district"": 393, ""check_date"": 393, ""note"": 393, ""amenity"": 357, ""healthcare"": 356, ""shop"": 37, ""phone"": 37, ""highway"": 27, ""oneway"": 2, ""name:ar"": 1, ""name:en"": 1}","{""source"": 138, ""name"": 129, ""amenity"": 118, ""addr:district"": 111, ""note"": 111, ""fixme"": 111, ""check_date"": 111, ""healthcare"": 110, ""building"": 106, ""phone"": 93, ""highway"": 39, ""oneway"": 19, ""name:ar"": 11, ""name:en"": 11, ""addr:city"": 8, ""landuse"": 7, ""layer"": 5, ""shop"": 4, ""addr:street"": 3, ""brand"": 3, ""brand:wikidata"": 3, ""name:tr"": 2, ""surface"": 2, ""drive_through"": 1, ""int_name"": 1, ""religion"": 1, ""dispensing"": 1, ""addr:housenumber"": 1, ""int_ref"": 1, ""leisure"": 1, ""service"": 1}"
12,16378761,https://www.openstreetmap.org/user/Ashim%20Paudel,2023-02-21 00:00:00+00:00,2023-03-13 21:21:53+00:00,Ashim Paudel,40.0,8871.0,4321.0,5939.0,1596.0,84.0,1207.0,42.0,3.0,0.0,0.0,0.0,0.0,1.0,1199.0,25.0,8.0,9.0,0.0,0.0,0.0,1.0,Syrian Arab Republic,JOSM/1.5 (18583 en_GB),"#AKDN,#youthmappers,#MissingMaps,#hotosm-project-14230,#mapbuds,#Syria,#naxa,#TürkiyeEQ060223,#kll,#SMforST2023,#OMHAP,#geoneer,#OSMNepal,#gesan","{""building"": 1199, ""highway"": 8}","{""building"": 25, ""highway"": 9, ""landuse"": 6, ""source"": 4, ""railway"": 2, ""waterway"": 1}"
13,10459757,https://www.openstreetmap.org/user/frozenrabi,2023-02-21 00:00:00+00:00,2023-03-13 21:21:53+00:00,frozenrabi,62.0,8769.0,2439.0,2985.0,4945.0,3.0,528.0,307.0,1.0,0.0,0.0,0.0,0.0,2.0,500.0,241.0,10.0,38.0,0.0,2.0,6.0,5.0,"Syrian Arab Republic,Turkey",JOSM/1.5 (18622 en),"#AKDN,#Syria,#MissingMaps,#hotosm-project-14230,#hotosm-project-14234,#turkiye,#ges,#mapbuds,#TürkiyeEQ060223,#hotosm-project-14233,#SMforST2023,#OMHAP,#turkey,#hotosm-project-14246,#frozenrabi,#osmnepal,#yercizenler","{""building"": 500, ""man_made"": 11, ""highway"": 10, ""waterway"": 6, ""source"": 5, ""layer"": 4, ""bridge"": 3, ""leisure"": 1}","{""building"": 241, ""source"": 155, ""highway"": 38, ""landuse"": 20, ""name"": 7, ""layer"": 5, ""waterway"": 5, ""name:ru"": 3, ""name:ar"": 3, ""man_made"": 3, ""name:de"": 3, ""name:uk"": 3, ""name:be"": 2, ""boat"": 2, ""name:azb"": 2, ""oneway"": 2, ""name:fa"": 2, ""name:es"": 2, ""amenity"": 2, ""ford"": 2, ""name:gr"": 2, ""leisure"": 2, ""name:grc"": 2, ""name:ur"": 2, ""name:sr"": 2, ""name:ja"": 1, ""name:he"": 1, ""alt_name"": 1, ""name:tr"": 1, ""name:bg"": 1, ""name:en"": 1, ""wikipedia"": 1, ""addr:street"": 1, ""tourism"": 1, ""religion"": 1, ""maxspeed"": 1, ""junction"": 1, ""wikidata"": 1, ""denomination"": 1, ""sport"": 1, ""name:lt"": 1, ""historic"": 1, ""lanes"": 1, ""name:hu"": 1}"
14,12208610,https://www.openstreetmap.org/user/Jarin%20Fardous,2023-02-21 00:00:00+00:00,2023-03-13 21:21:53+00:00,Jarin Fardous,375.0,8725.0,21535.0,7052.0,0.0,33.0,1542.0,88.0,10.0,0.0,0.0,0.0,1.0,0.0,1355.0,6.0,187.0,72.0,1.0,2.0,0.0,3.0,Syrian Arab Republic,iD 2.21.1,"#AKDN,#YouthMappersBD,#MissingMaps,#hotosm-project-14230,#Syria,#OSMBD,#TürkiyeEQ060223,#SMforST2023,#OMHAP,#YouthMappers","{""building"": 1355, ""highway"": 187, ""layer"": 1, ""amenity"": 1}","{""highway"": 72, ""building"": 6, ""landuse"": 5, ""oneway"": 3, ""name"": 3, ""name:en"": 3, ""waterway"": 3, ""amenity"": 2, ""name:ar"": 2, ""int_name"": 1, ""name:ar1"": 1, ""intermittent"": 1, ""ref"": 1, ""alt_name"": 1, ""is_in"": 1, ""source"": 1, ""description"": 1, ""name:fr"": 1, ""name:de"": 1}"
15,17465873,https://www.openstreetmap.org/user/Mag%27ladroth,2023-02-21 00:00:00+00:00,2023-03-13 21:21:53+00:00,Mag'ladroth,16.0,8549.0,30950.0,6896.0,233.0,75.0,1301.0,30.0,12.0,2.0,0.0,0.0,0.0,52.0,1195.0,2.0,102.0,28.0,0.0,52.0,0.0,0.0,"Syrian Arab Republic,Turkey","iD 2.24.2,RapiD 1.1.9-tm.1,JOSM/1.5 (18570 en)","#AKDN,#youthmappers,#MissingMaps,#hotosm-project-14230,#hotosm,#turkiye,#Syria,#TürkiyeEQ060223,#hotosm-project-14233,#gesan,#SMforST2023,#OMHAP,#turkey,#hotosm-project-14264,#cscrs,#uhuzam,#yercizenler","{""building"": 1195, ""source"": 268, ""highway"": 102, ""water"": 2, ""natural"": 2, ""type"": 2}","{""name"": 53, ""healthcare"": 52, ""phone"": 52, ""amenity"": 52, ""highway"": 28, ""source"": 16, ""surface"": 3, ""tracktype"": 3, ""building"": 2, ""oneway"": 1, ""name:ar"": 1, ""ref"": 1, ""ref:ar"": 1}"
16,10971400,https://www.openstreetmap.org/user/Chisom%20Okwuchi,2023-02-21 00:00:00+00:00,2023-03-13 21:21:53+00:00,Chisom Okwuchi,209.0,7539.0,17415.0,6076.0,428.0,0.0,994.0,41.0,0.0,0.0,0.0,0.0,184.0,19.0,932.0,23.0,62.0,15.0,50.0,6.0,0.0,0.0,"Syrian Arab Republic,Turkey","JOSM/1.5 (18513 en),iD 2.24.2,iD 2.25.1","#Syria,#OMHAP,#turkey,#osmnigeria,#AKDN,#MissingMaps,#hotosm-project-14230,#uniquemappersteam,#uniquemappersteam2023,#TürkiyeEQ060223,#SMforST2023,#hotosm,#letgirlsmap,#SMforST,#yercizenler,#maproulette,#turkiye,#uniquemappersnetwork,#uniquemappersnetwork2023","{""building"": 932, ""fixme"": 184, ""name"": 184, ""addr:district"": 184, ""check_date"": 184, ""source"": 184, ""note"": 184, ""phone"": 156, ""shop"": 133, ""highway"": 62, ""healthcare"": 50, ""amenity"": 50}","{""building"": 23, ""source"": 22, ""name"": 17, ""addr:district"": 15, ""note"": 15, ""fixme"": 15, ""highway"": 15, ""check_date"": 15, ""phone"": 12, ""shop"": 7, ""amenity"": 6, ""healthcare"": 6, ""landuse"": 3, ""int_name"": 2, ""place"": 2, ""name:ar1"": 2, ""alt_name"": 2, ""railway"": 2, ""name:ar"": 2, ""name:fr"": 2, ""name:de"": 2, ""name:en"": 2, ""ref"": 1, ""int_ref"": 1, ""oneway"": 1}"
17,11589667,https://www.openstreetmap.org/user/Lalit_IAAS,2023-02-21 00:00:00+00:00,2023-03-13 21:21:53+00:00,Lalit_IAAS,15.0,6978.0,18726.0,4002.0,2428.0,0.0,404.0,144.0,0.0,0.0,0.0,0.0,0.0,0.0,352.0,70.0,44.0,62.0,0.0,0.0,0.0,0.0,Syrian Arab Republic,JOSM/1.5 (18004 en),"#AKDN,#Syria,#MissingMaps,#hotosm-project-14230,#TürkiyeEQ060223,#SMforST2023,#OMHAP,#AgrimappersPaklihawa,#OSMNepal","{""building"": 352, ""highway"": 44, ""noname"": 10, ""landuse"": 6, ""natural"": 2}","{""building"": 70, ""highway"": 62, ""noname"": 38, ""surface"": 14, ""source"": 14, ""landuse"": 10, ""oneway"": 4, ""layer"": 4, ""residential"": 2, ""name"": 2, ""leisure"": 2, ""service"": 2, ""bridge"": 2, ""name:en"": 2}"
18,10934301,https://www.openstreetmap.org/user/Sarojpokhrel,2023-02-21 00:00:00+00:00,2023-03-13 21:21:53+00:00,Sarojpokhrel,23.0,6850.0,22104.0,5476.0,481.0,90.0,755.0,42.0,6.0,0.0,0.0,0.0,0.0,0.0,683.0,6.0,65.0,36.0,0.0,0.0,0.0,0.0,"Syrian Arab Republic,Turkey",JOSM/1.5 (18463 en),"#AKDN,#Mapbuds,#MissingMaps,#hotosm-project-14262,#Syria,#turkiye,#TürkiyeEQ060223,#hotosm-project-14233,#SMforST20223,#SMforST2023,#OMHAP,#turkey,#hotosm-project-14232,#osmnepal,#yercizenler","{""building"": 683, ""highway"": 65, ""natural"": 6, ""sport"": 1, ""leisure"": 1}","{""highway"": 36, ""source"": 23, ""building"": 6, ""oneway"": 4, ""name"": 2}"
19,236945,https://www.openstreetmap.org/user/shashish,2023-02-21 00:00:00+00:00,2023-03-13 21:21:53+00:00,shashish,20.0,6607.0,1498.0,5260.0,92.0,19.0,1218.0,14.0,4.0,0.0,0.0,0.0,0.0,0.0,1212.0,0.0,6.0,11.0,0.0,2.0,0.0,0.0,Syrian Arab Republic,JOSM/1.5 (18463 en),"#AKDN,#Syria,#MissingMaps,#hotosm-project-14230,#TürkiyeEQ060223,#SMforST2023,#OMHAP,#osmnepal","{""building"": 1212, ""highway"": 6}","{""highway"": 11, ""amenity"": 2, ""landuse"": 1, ""oneway"": 1, ""source"": 1}"
20,14488288,https://www.openstreetmap.org/user/May%20Torres,2023-02-21 00:00:00+00:00,2023-03-13 21:21:53+00:00,May Torres,33.0,6235.0,46875.0,3758.0,1830.0,29.0,581.0,33.0,4.0,0.0,0.0,0.0,0.0,0.0,417.0,11.0,164.0,22.0,0.0,0.0,0.0,0.0,Turkey,RapiD 1.1.9-tm.1,"#turkiye,#TürkiyeEQ060223,#SMFORST2023,#turkey,#hotosm-project-14262,#yercizenler","{""source"": 423, ""building"": 417, ""highway"": 164}","{""highway"": 22, ""source"": 20, ""building"": 11, ""ref"": 3, ""surface"": 1, ""name"": 1}"
21,2258022,https://www.openstreetmap.org/user/mikko_tamura,2023-02-21 00:00:00+00:00,2023-03-13 21:21:53+00:00,mikko_tamura,351.0,5764.0,43881.0,4455.0,682.0,7.0,545.0,73.0,2.0,0.0,0.0,0.0,289.0,47.0,337.0,33.0,206.0,33.0,157.0,46.0,2.0,0.0,"Syrian Arab Republic,Turkey","JOSM/1.5 (18646 en),RapiD 1.1.9-tm.1,iD 2.21.1,iD 2.25.1,iD 2.24.2","#AKDN,#Syria,#MissingMaps,#hotosm-project-14230,#hotosm,#turkiye,#TürkiyeEQ060223,#SMforST2023,#OMHAP,#turkey,#hotosm-project-14262,#SMforST,#yercizenler","{""building"": 337, ""source"": 302, ""name"": 288, ""addr:district"": 288, ""check_date"": 288, ""note"": 288, ""fixme"": 286, ""highway"": 206, ""healthcare"": 157, ""amenity"": 157, ""phone"": 140, ""shop"": 129, ""waterway"": 2, ""hop"": 2, ""barrier"": 1}","{""source"": 52, ""name"": 49, ""addr:district"": 47, ""note"": 47, ""check_date"": 47, ""amenity"": 46, ""fixme"": 46, ""healthcare"": 46, ""phone"": 37, ""highway"": 33, ""building"": 33, ""landuse"": 7, ""oneway"": 4, ""natural"": 2, ""surface"": 2, ""lanes"": 2, ""addr:street"": 1, ""height"": 1, ""maxspeed"": 1, ""ref"": 1, ""addr:housenumber"": 1, ""name:ar"": 1, ""name:en"": 1, ""shop"": 1}"
22,17187509,https://www.openstreetmap.org/user/Yhogen%20Julve,2023-02-21 00:00:00+00:00,2023-03-13 21:21:53+00:00,Yhogen Julve,14.0,5743.0,2100.0,4593.0,90.0,18.0,995.0,46.0,1.0,0.0,0.0,0.0,0.0,0.0,965.0,6.0,29.0,38.0,0.0,0.0,1.0,0.0,Syrian Arab Republic,iD 2.21.1,"#AKDN,#Syria,#MissingMaps,#hotosm-project-14230,#TürkiyeEQ060223,#SMforST2023,#OMHAP,#SMforST","{""building"": 965, ""layer"": 130, ""highway"": 29, ""bridge"": 1, ""waterway"": 1}","{""highway"": 38, ""layer"": 13, ""building"": 6, ""landuse"": 2, ""oneway"": 2, ""name:ar"": 1, ""name"": 1, ""name:en"": 1}"
23,9622928,https://www.openstreetmap.org/user/Honey%20Fombuena,2023-02-21 00:00:00+00:00,2023-03-13 21:21:53+00:00,Honey Fombuena,18.0,4916.0,2115.0,1519.0,3006.0,10.0,167.0,214.0,0.0,0.0,0.0,0.0,0.0,3.0,157.0,177.0,10.0,31.0,0.0,1.0,0.0,0.0,"Syrian Arab Republic,Turkey","JOSM/1.5 (18646 en),JOSM/1.5 (18678 en)","#AKDN,#Syria,#hotosm-project-14219,#MissingMaps,#hotosm-project-14234,#turkiye,#hotosm-project-14230,#TürkiyeEQ060223,#hotosm-project-14233,#SMforST2023,#OMHAP,#hotosm-project-14221,#turkey,#hotosm-project-14311,#yercizenler","{""building"": 157, ""highway"": 10}","{""building"": 177, ""source"": 135, ""highway"": 31, ""oneway"": 5, ""name"": 4, ""ref"": 4, ""barrier"": 4, ""layer"": 3, ""landuse"": 2, ""leisure"": 2, ""name:ku"": 2, ""lanes"": 2, ""fixme"": 1, ""surface"": 1, ""amenity"": 1}"
24,10963925,https://www.openstreetmap.org/user/Ashok%20Thakulla,2023-02-21 00:00:00+00:00,2023-03-13 21:21:53+00:00,Ashok Thakulla,16.0,4723.0,579.0,3297.0,608.0,19.0,793.0,2.0,4.0,0.0,0.0,0.0,0.0,0.0,792.0,0.0,1.0,2.0,0.0,0.0,0.0,0.0,Syrian Arab Republic,JOSM/1.5 (18557 en),"#AKDN,#Syria,#MissingMaps,#hotosm-project-14230,#ges,#TürkiyeEQ060223,#SMforST2023,#OMHAP,#ku,#hotosm-project-14232,#SMforST","{""building"": 792, ""highway"": 1}","{""highway"": 2, ""source"": 1}"
25,10239799,https://www.openstreetmap.org/user/Elyanard,2023-02-21 00:00:00+00:00,2023-03-13 21:21:53+00:00,Elyanard,8.0,4645.0,17259.0,3142.0,1065.0,20.0,315.0,100.0,3.0,0.0,0.0,0.0,0.0,0.0,249.0,55.0,66.0,45.0,0.0,0.0,0.0,0.0,"Syrian Arab Republic,Turkey","JOSM/1.5 (18583 en),iD 2.21.1","#AKDN,#Syria,#MissingMaps,#hotosm-project-14219,#hotosm-project-14230,#turkiye,#TürkiyeEQ060223,#SMforST202,#SMforST2023,#OMHAP,#turkey,#yercizenler","{""building"": 249, ""highway"": 66, ""surface"": 22, ""tracktype"": 13, ""bridge"": 3, ""source"": 3, ""layer"": 3}","{""building"": 55, ""source"": 52, ""highway"": 45, ""surface"": 1}"
26,6464545,https://www.openstreetmap.org/user/Irfandi%20Fauzi,2023-02-21 00:00:00+00:00,2023-03-13 21:21:53+00:00,Irfandi Fauzi,7.0,4488.0,517.0,3457.0,102.0,70.0,842.0,5.0,12.0,0.0,0.0,0.0,0.0,0.0,838.0,1.0,4.0,4.0,0.0,0.0,0.0,0.0,Syrian Arab Republic,JOSM/1.5 (18583 en),"#AKDN,#Syria,#MissingMaps,#hotosm-project-14230,#TürkiyeEQ060223,#SMforST2023,#OMHAP","{""building"": 838, ""highway"": 4}","{""highway"": 4, ""building"": 1}"
27,6471029,https://www.openstreetmap.org/user/kikihadwiyanti,2023-02-21 00:00:00+00:00,2023-03-13 21:21:53+00:00,kikihadwiyanti,5.0,4436.0,9446.0,2870.0,1116.0,8.0,332.0,109.0,1.0,0.0,0.0,0.0,0.0,0.0,284.0,35.0,48.0,70.0,0.0,0.0,0.0,0.0,"Syrian Arab Republic,Turkey","JOSM/1.5 (18583 en),iD 2.21.1","#AKDN,#Syria,#MissingMaps,#hotosm-project-14230,#turkiye,#TürkiyeEQ060223,#hotosm-project-14233,#SMforST2023,#OMHAP,#turkey,#yercizenler","{""building"": 284, ""highway"": 48}","{""highway"": 70, ""source"": 40, ""building"": 35, ""landuse"": 2, ""oneway"": 2, ""natural"": 2, ""surface"": 1, ""name:ar"": 1, ""name"": 1, ""lanes"": 1, ""maxspeed"": 1, ""ref"": 1, ""ref:ar"": 1}"
28,11818762,https://www.openstreetmap.org/user/caesaraprilia,2023-02-21 00:00:00+00:00,2023-03-13 21:21:53+00:00,caesaraprilia,15.0,4133.0,0.0,3327.0,73.0,0.0,718.0,15.0,0.0,0.0,0.0,0.0,0.0,0.0,717.0,1.0,1.0,11.0,0.0,0.0,0.0,0.0,Syrian Arab Republic,iD 2.21.1,"#AKDN,#Syria,#MissingMaps,#hotosm-project-14230,#TürkiyeEQ060223,#SMforST2023,#OMHAP","{""building"": 717, ""highway"": 1}","{""highway"": 11, ""landuse"": 2, ""leisure"": 1, ""building"": 1}"
29,13710733,https://www.openstreetmap.org/user/June%20Costales,2023-02-21 00:00:00+00:00,2023-03-13 21:21:53+00:00,June Costales,22.0,3991.0,74224.0,3440.0,88.0,132.0,294.0,21.0,16.0,0.0,0.0,0.0,0.0,0.0,115.0,0.0,179.0,20.0,0.0,0.0,0.0,0.0,Turkey,RapiD 1.1.9-tm.1,"#turkiye,#TürkiyeEQ060223,#turkey,#hotosm-project-14262,#SMforST,#yercizenler","{""highway"": 179, ""source"": 158, ""building"": 115, ""bridge"": 1, ""layer"": 1}","{""highway"": 20, ""source"": 11, ""name"": 1}"
30,10291369,https://www.openstreetmap.org/user/helnershingthapa,2023-02-21 00:00:00+00:00,2023-03-13 21:21:53+00:00,helnershingthapa,6.0,3483.0,3810.0,2477.0,512.0,1.0,470.0,23.0,0.0,0.0,0.0,0.0,0.0,0.0,458.0,13.0,12.0,10.0,0.0,0.0,0.0,0.0,Syrian Arab Republic,JOSM/1.5 (18646 en),"#AKDN,#Syria,#MissingMaps,#hotosm-project-14230,#TürkiyeEQ060223,#kll,#SMforST2023,#OMHAP,#kllmappinghour,#OSMNepal","{""building"": 458, ""highway"": 12}","{""building"": 13, ""source"": 11, ""highway"": 10, ""ref"": 2, ""description"": 1, ""oneway"": 1, ""name"": 1, ""name:en"": 1, ""int_ref"": 1}"
31,18427542,https://www.openstreetmap.org/user/Deo%20Vict,2023-02-21 00:00:00+00:00,2023-03-13 21:21:53+00:00,Deo Vict,7.0,3310.0,5240.0,2724.0,44.0,0.0,517.0,25.0,0.0,0.0,0.0,0.0,0.0,0.0,457.0,0.0,60.0,23.0,0.0,0.0,0.0,0.0,Syrian Arab Republic,iD 2.21.1,"#AKDN,#Syria,#MissingMaps,#hotosm-project-14230,#TürkiyeEQ060223,#SMforST2023,#OMHAP,#hotosm-project-14311","{""building"": 457, ""highway"": 60}","{""highway"": 23, ""landuse"": 2, ""name:ar"": 2, ""oneway"": 2, ""name"": 2, ""source"": 2}"
32,18516319,https://www.openstreetmap.org/user/Jason%20Tompong,2023-02-21 00:00:00+00:00,2023-03-13 21:21:53+00:00,Jason Tompong,14.0,2952.0,1444.0,2156.0,174.0,154.0,442.0,17.0,9.0,0.0,0.0,0.0,0.0,0.0,428.0,3.0,14.0,13.0,0.0,0.0,0.0,0.0,Turkey,RapiD 1.1.9-tm.1,"#turkiye,#TürkiyeEQ060223,#turkey,#hotosm-project-14262,#SMforST,#yercizenler","{""source"": 438, ""building"": 428, ""highway"": 14}","{""highway"": 13, ""source"": 13, ""oneway"": 5, ""building"": 3, ""name"": 1, ""leisure"": 1}"
33,6547685,https://www.openstreetmap.org/user/Mondal,2023-02-21 00:00:00+00:00,2023-03-13 21:21:53+00:00,Mondal,17.0,2936.0,2221.0,2175.0,277.0,0.0,435.0,49.0,0.0,0.0,0.0,0.0,0.0,0.0,423.0,10.0,12.0,38.0,0.0,0.0,0.0,0.0,"Syrian Arab Republic,Turkey","JOSM/1.5 (18646 en),iD 2.21.1","#AKDN,#Syria,#MissingMaps,#youthmappersatirs,#hotosm-project-14230,#TürkiyeEQ060223,#SMforST2023,#OMHAP,#hotosm-project-14246","{""building"": 423, ""highway"": 12}","{""highway"": 38, ""building"": 10, ""surface"": 6, ""source"": 3, ""landuse"": 1}"
34,680067,https://www.openstreetmap.org/user/amritkarma,2023-02-21 00:00:00+00:00,2023-03-13 21:21:53+00:00,amritkarma,25.0,2825.0,2890.0,1313.0,1140.0,14.0,306.0,51.0,1.0,0.0,0.0,0.0,0.0,0.0,284.0,34.0,12.0,11.0,0.0,0.0,0.0,0.0,"Syrian Arab Republic,Turkey",JOSM/1.5 (18646 en),"#Syria,#MissingMaps,#TürkiyeEQ060223,#SMforST2023,#OMHAP,#SolidarityMapping,#hotosm-project-14246,#OSMNepal","{""building"": 284, ""highway"": 12, ""barrier"": 10}","{""building"": 34, ""highway"": 11, ""source"": 6, ""building:part"": 4, ""landuse"": 2, ""service"": 2, ""residential"": 2}"
35,14570006,https://www.openstreetmap.org/user/fikriirvan,2023-02-21 00:00:00+00:00,2023-03-13 21:21:53+00:00,fikriirvan,16.0,2763.0,8310.0,2250.0,64.0,26.0,392.0,27.0,4.0,0.0,0.0,0.0,0.0,0.0,306.0,1.0,86.0,18.0,0.0,0.0,0.0,0.0,Syrian Arab Republic,iD 2.21.1,"#AKDN,#Syria,#MissingMaps,#hotosm-project-14230,#TürkiyeEQ060223,#SMforST2023,#OMHAP","{""building"": 306, ""highway"": 86}","{""highway"": 18, ""landuse"": 4, ""name"": 4, ""natural"": 4, ""oneway"": 3, ""name:ar"": 2, ""name:en"": 2, ""source"": 1, ""building"": 1}"
36,3686666,https://www.openstreetmap.org/user/Anil%20Basnet,2023-02-21 00:00:00+00:00,2023-03-13 21:21:53+00:00,Anil Basnet,7.0,2593.0,849.0,1026.0,1258.0,10.0,207.0,90.0,0.0,0.0,2.0,0.0,0.0,5.0,189.0,54.0,6.0,15.0,0.0,2.0,0.0,0.0,"Syrian Arab Republic,Turkey",JOSM/1.5 (18303 en),"#Syria,#OMHAP,#turkey,#dmd,#osmnepal,#AKDN,#hotosm-project-14230,#mapbuds,#TürkiyeEQ060223,#SMforST2023,#youthmappers,#hotosm-project-14233,#missingmaps,#hotosm-project-14246,#SMforST,#yercizenler,#osmguru,#turkiye,#gesan,#digitalnepal","{""building"": 189, ""landuse"": 10, ""highway"": 6, ""barrier"": 2, ""surface"": 1, ""source"": 1, ""layer"": 1}","{""building"": 54, ""source"": 25, ""highway"": 15, ""building:part"": 8, ""layer"": 8, ""landuse"": 6, ""power"": 4, ""name"": 4, ""barrier"": 4, ""residential"": 2, ""bicycle_parking"": 2, ""wall"": 2, ""type"": 2, ""amenity"": 2, ""note"": 2, ""description"": 2, ""refugee"": 2, ""name:ar"": 2, ""leisure"": 2, ""name:en"": 2, ""voltage"": 1, ""surface"": 1}"
37,2913188,https://www.openstreetmap.org/user/Sawan%20Shariar,2023-02-21 00:00:00+00:00,2023-03-13 21:21:53+00:00,Sawan Shariar,3.0,2510.0,10598.0,1600.0,572.0,0.0,311.0,23.0,2.0,2.0,0.0,0.0,0.0,0.0,270.0,9.0,41.0,7.0,0.0,0.0,0.0,0.0,Syrian Arab Republic,"JOSM/1.5 (18513 en),iD 2.21.1","#AKDN,#Syria,#MissingMaps,#hotosm-project-14230,#TürkiyeEQ060223,#SMforST2023,#OMHAP","{""building"": 270, ""highway"": 41, ""type"": 2}","{""building"": 9, ""highway"": 7, ""landuse"": 7, ""oneway"": 2}"
38,6133871,https://www.openstreetmap.org/user/Rizki907,2023-02-21 00:00:00+00:00,2023-03-13 21:21:53+00:00,Rizki907,5.0,2360.0,2073.0,1887.0,0.0,0.0,459.0,14.0,0.0,0.0,0.0,0.0,0.0,0.0,428.0,0.0,31.0,14.0,0.0,0.0,0.0,0.0,Syrian Arab Republic,iD 2.21.1,"#AKDN,#Syria,#MissingMaps,#hotosm-project-14230,#TürkiyeEQ060223,#SMforST2023,#OMHAP","{""building"": 428, ""highway"": 31}","{""highway"": 14, ""name:ar"": 4, ""name:en"": 4, ""name"": 4, ""oneway"": 3, ""ref"": 1}"
39,10478691,https://www.openstreetmap.org/user/Patrik_B,2023-02-21 00:00:00+00:00,2023-03-13 21:21:53+00:00,Patrik_B,3.0,2088.0,0.0,218.0,1772.0,0.0,40.0,58.0,0.0,0.0,0.0,0.0,0.0,0.0,40.0,50.0,0.0,8.0,0.0,0.0,0.0,0.0,Syrian Arab Republic,JOSM/1.5 (18646 en_GB),"#Syria,#MissingMaps,#TürkiyeEQ060223,#hotosm-project-14245,#SMforST2023,#OMHAP","{""building"": 40}","{""building"": 50, ""highway"": 8, ""surface"": 6}"
40,14454844,https://www.openstreetmap.org/user/Yannie28,2023-02-21 00:00:00+00:00,2023-03-13 21:21:53+00:00,Yannie28,12.0,1991.0,180.0,1586.0,77.0,2.0,321.0,5.0,0.0,0.0,0.0,0.0,0.0,0.0,320.0,1.0,1.0,4.0,0.0,0.0,0.0,0.0,Turkey,RapiD 1.1.9-tm.1,"#USTPyouthmappers,#turkiye,#TürkiyeEQ060223,#SMforST2023,#turkey,#hotosm-project-14262,#yercizenler","{""building"": 320, ""source"": 298, ""highway"": 1}","{""highway"": 4, ""surface"": 2, ""source"": 1, ""building"": 1}"
41,13702568,https://www.openstreetmap.org/user/Roberry%20Ello,2023-02-21 00:00:00+00:00,2023-03-13 21:21:53+00:00,Roberry Ello,11.0,1859.0,18420.0,1261.0,519.0,9.0,62.0,8.0,0.0,0.0,0.0,0.0,0.0,0.0,20.0,0.0,42.0,5.0,0.0,0.0,0.0,0.0,Turkey,RapiD 1.1.9-tm.1,"#turkiye,#TürkiyeEQ060223,#SMforST2023,#sSMforST2023,#turkey,#hotosm-project-14262,#yercizenler","{""highway"": 42, ""source"": 35, ""building"": 20}","{""highway"": 5, ""source"": 2}"
42,16730340,https://www.openstreetmap.org/user/Bengeber143,2023-02-21 00:00:00+00:00,2023-03-13 21:21:53+00:00,Bengeber143,38.0,1764.0,7630.0,693.0,908.0,17.0,112.0,33.0,1.0,0.0,0.0,0.0,16.0,4.0,77.0,11.0,35.0,20.0,0.0,0.0,0.0,0.0,Turkey,"iD 2.24.2,RapiD 1.1.9-tm.1","#hotosm,#turkiye,#TürkiyeEQ060223,#SMforST2023,#turkey,#hotosm-project-14262,#yercizenler","{""source"": 110, ""building"": 77, ""highway"": 35, ""fixme"": 19, ""name"": 19, ""addr:district"": 19, ""shop"": 19, ""phone"": 19, ""check_date"": 19, ""note"": 19}","{""highway"": 20, ""source"": 20, ""building"": 11, ""name"": 10, ""fixme"": 9, ""addr:district"": 9, ""shop"": 9, ""phone"": 9, ""check_date"": 9, ""note"": 9, ""man_made"": 1, ""floating"": 1, ""area"": 1}"
43,18532538,https://www.openstreetmap.org/user/benjmerales,2023-02-21 00:00:00+00:00,2023-03-13 21:21:53+00:00,benjmerales,11.0,1750.0,0.0,1354.0,53.0,19.0,322.0,1.0,1.0,0.0,0.0,0.0,0.0,0.0,321.0,0.0,1.0,1.0,0.0,0.0,0.0,0.0,Syrian Arab Republic,iD 2.21.1,"#Syria,#MissingMaps,#TürkiyeEQ060223,#SMforST2023,#OMHAP,#UPTaclobanYM,#hotosm-project-14311","{""building"": 321, ""highway"": 1, ""layer"": 1}","{""highway"": 1}"
44,18598241,https://www.openstreetmap.org/user/Ega%20Hamdika,2023-02-21 00:00:00+00:00,2023-03-13 21:21:53+00:00,Ega Hamdika,4.0,1682.0,199.0,1340.0,13.0,0.0,328.0,1.0,0.0,0.0,0.0,0.0,0.0,0.0,325.0,0.0,3.0,1.0,0.0,0.0,0.0,0.0,Syrian Arab Republic,iD 2.21.1,"#AKDN,#Syria,#MissingMaps,#hotosm-project-14230,#TürkiyeEQ060223,#SMforST2023,#OMHAP","{""building"": 325, ""highway"": 3}","{""highway"": 1}"
45,13165598,https://www.openstreetmap.org/user/gunturfajark,2023-02-21 00:00:00+00:00,2023-03-13 21:21:53+00:00,gunturfajark,1.0,1662.0,662.0,1352.0,16.0,0.0,276.0,14.0,0.0,4.0,0.0,0.0,0.0,0.0,262.0,4.0,10.0,10.0,0.0,0.0,0.0,0.0,,iD 2.21.1,"#AKDN,#Syria,#MissingMaps,#hotosm-project-14230,#TürkiyeEQ060223,#SMforST2023,#OMHAP","{""building"": 262, ""highway"": 10, ""type"": 4}","{""highway"": 10, ""building"": 4, ""foot"": 2}"
46,12214698,https://www.openstreetmap.org/user/Shahriar%20Hassan,2023-02-21 00:00:00+00:00,2023-03-13 21:21:53+00:00,Shahriar Hassan,3.0,1636.0,3187.0,1348.0,4.0,0.0,270.0,14.0,0.0,0.0,0.0,0.0,0.0,0.0,263.0,5.0,7.0,4.0,0.0,0.0,0.0,0.0,Syrian Arab Republic,iD 2.21.1,"#AKDN,#Syria,#MissingMaps,#hotosm-project-14230,#TürkiyeEQ060223,#SMforST2023,#OMHAP","{""building"": 263, ""highway"": 7, ""layer"": 1}","{""building"": 5, ""highway"": 4, ""source"": 3, ""admin_level"": 2, ""boundary"": 2, ""landuse"": 1, ""layer"": 1}"
47,8350413,https://www.openstreetmap.org/user/Harissalam,2023-02-21 00:00:00+00:00,2023-03-13 21:21:53+00:00,Harissalam,2.0,1616.0,1387.0,1358.0,8.0,0.0,246.0,4.0,0.0,0.0,0.0,0.0,0.0,0.0,239.0,1.0,7.0,3.0,0.0,0.0,0.0,0.0,Syrian Arab Republic,JOSM/1.5 (18622 en),"#AKDN,#Syria,#MissingMaps,#hotosm-project-14230,#TürkiyeEQ060223,#SMforST2023,#OMHAP","{""building"": 239, ""highway"": 7}","{""highway"": 3, ""building"": 1}"
48,18516171,https://www.openstreetmap.org/user/Zyre,2023-02-21 00:00:00+00:00,2023-03-13 21:21:53+00:00,Zyre,7.0,1534.0,3359.0,852.0,517.0,8.0,146.0,9.0,2.0,0.0,0.0,0.0,0.0,0.0,128.0,0.0,18.0,9.0,0.0,0.0,0.0,0.0,Turkey,RapiD 1.1.9-tm.1,"#turkiye,#TürkiyeEQ060223,#USTPYouthMappers,#SMforST2023,#turkey,#hotosm-project-14262,#yercizenler","{""building"": 128, ""source"": 85, ""highway"": 18}","{""highway"": 9, ""source"": 2}"
49,2854714,https://www.openstreetmap.org/user/arnalielsewhere,2023-02-21 00:00:00+00:00,2023-03-13 21:21:53+00:00,arnalielsewhere,23.0,1529.0,1016.0,1166.0,63.0,23.0,255.0,19.0,3.0,0.0,0.0,0.0,0.0,0.0,241.0,5.0,14.0,12.0,0.0,0.0,0.0,0.0,Syrian Arab Republic,iD 2.21.1,"#AKDN,#Syria,#MissingMaps,#hotosm-project-14230,#TürkiyeEQ060223,#SMforST2023,#OMHAP","{""building"": 241, ""highway"": 14}","{""highway"": 12, ""building"": 5, ""source"": 4, ""landuse"": 2, ""ref"": 1, ""oneway"": 1}"
50,18572826,https://www.openstreetmap.org/user/Sweet%20Myles%20Samoy,2023-02-21 00:00:00+00:00,2023-03-13 21:21:53+00:00,Sweet Myles Samoy,5.0,1502.0,4644.0,703.0,604.0,40.0,124.0,25.0,6.0,0.0,0.0,0.0,0.0,0.0,64.0,4.0,60.0,20.0,0.0,0.0,0.0,0.0,Turkey,RapiD 1.1.9-tm.1,"#turkiye,#TürkiyeEQ060223,#turkey,#hotosm-project-14262,#SMforST,#yercizenler","{""source"": 66, ""building"": 64, ""highway"": 60}","{""highway"": 20, ""source"": 14, ""building"": 4, ""surface"": 3, ""landuse"": 1, ""residential"": 1}"
51,18572678,https://www.openstreetmap.org/user/alclapor14,2023-02-21 00:00:00+00:00,2023-03-13 21:21:53+00:00,alclapor14,7.0,1499.0,22841.0,1212.0,63.0,45.0,150.0,23.0,6.0,0.0,0.0,0.0,0.0,0.0,51.0,2.0,99.0,18.0,0.0,0.0,0.0,0.0,Turkey,RapiD 1.1.9-tm.1,"#turkiye,#TürkiyeEQ060223,#turkey,#hotosm-project-14262,#SMforST,#yercizenler","{""highway"": 99, ""building"": 51, ""source"": 37}","{""highway"": 18, ""source"": 13, ""landuse"": 2, ""building"": 2, ""name"": 1, ""voltage"": 1, ""power"": 1}"
52,14505749,https://www.openstreetmap.org/user/NFarras,2023-02-21 00:00:00+00:00,2023-03-13 21:21:53+00:00,NFarras,7.0,1479.0,1665.0,1159.0,25.0,8.0,276.0,7.0,4.0,0.0,0.0,0.0,0.0,1.0,252.0,1.0,24.0,5.0,0.0,1.0,0.0,0.0,Syrian Arab Republic,iD 2.21.1,"#AKDN,#Syria,#MissingMaps,#hotosm-project-14230,#TürkiyeEQ060223,#SMforST2023,#OMHAP","{""building"": 252, ""highway"": 24, ""surface"": 3}","{""highway"": 5, ""landuse"": 1, ""operator"": 1, ""healthcare"": 1, ""name"": 1, ""dispensing"": 1, ""amenity"": 1, ""building"": 1}"
53,16686472,https://www.openstreetmap.org/user/h4nns,2023-02-21 00:00:00+00:00,2023-03-13 21:21:53+00:00,h4nns,1.0,1468.0,5655.0,867.0,445.0,0.0,142.0,14.0,0.0,0.0,0.0,0.0,0.0,0.0,130.0,0.0,12.0,14.0,0.0,0.0,0.0,0.0,Turkey,RapiD 1.1.9-tm.1,"#turkiye,#TürkiyeEQ060223,#turkey,#hotosm-project-14262,#SMforST,#yercizenler","{""building"": 130, ""source"": 18, ""highway"": 12}","{""highway"": 14, ""source"": 8}"
54,6980610,https://www.openstreetmap.org/user/SushmaGhimire,2023-02-21 00:00:00+00:00,2023-03-13 21:21:53+00:00,SushmaGhimire,13.0,1452.0,0.0,986.0,216.0,4.0,229.0,16.0,1.0,0.0,0.0,0.0,0.0,0.0,229.0,12.0,0.0,1.0,0.0,0.0,0.0,0.0,"Syrian Arab Republic,Turkey",JOSM/1.5 (18583 en),"#AKDN,#Syria,#MissingMaps,#hotosm-project-14230,#TürkiyeEQ060223,#SMforST2023,#OMHAP,#osmnepal","{""building"": 229}","{""building"": 12, ""landuse"": 3, ""highway"": 1, ""name:ar"": 1, ""name"": 1, ""source"": 1}"
55,18598205,https://www.openstreetmap.org/user/satrio%20utomo%20priyanto,2023-02-21 00:00:00+00:00,2023-03-13 21:21:53+00:00,satrio utomo priyanto,3.0,1290.0,0.0,1025.0,1.0,0.0,259.0,5.0,0.0,0.0,0.0,0.0,0.0,0.0,259.0,0.0,0.0,5.0,0.0,0.0,0.0,0.0,Syrian Arab Republic,iD 2.21.1,"#AKDN,#Syria,#MissingMaps,#hotosm-project-14230,#TürkiyeEQ060223,#SMforST2023,#OMHAP","{""building"": 259, ""layer"": 12}","{""highway"": 5, ""layer"": 4}"
56,9546912,https://www.openstreetmap.org/user/salsabiila%20kurnia,2023-02-21 00:00:00+00:00,2023-03-13 21:21:53+00:00,salsabiila kurnia,5.0,1274.0,0.0,1074.0,0.0,0.0,196.0,4.0,0.0,0.0,0.0,0.0,0.0,0.0,196.0,0.0,0.0,0.0,0.0,1.0,0.0,0.0,Syrian Arab Republic,iD 2.21.1,"#AKDN,#Syria,#MissingMaps,#hotosm-project-14230,#TürkiyeEQ060223,#SMforST2023,#OMHAP","{""building"": 196}","{""landuse"": 3, ""amenity"": 1}"
57,17074782,https://www.openstreetmap.org/user/Triyanuartha,2023-02-21 00:00:00+00:00,2023-03-13 21:21:53+00:00,Triyanuartha,10.0,1257.0,0.0,1037.0,0.0,0.0,220.0,0.0,0.0,0.0,0.0,0.0,0.0,0.0,220.0,0.0,0.0,0.0,0.0,0.0,0.0,0.0,Syrian Arab Republic,iD 2.21.1,"#AKDN,#Syria,#MissingMaps,#hotosm-project-14230,#TürkiyeEQ060223,#SMforST2023,#OMHAP","{""building"": 220}",{}
58,18572778,https://www.openstreetmap.org/user/kelvinjannnnnnnnnnnn,2023-02-21 00:00:00+00:00,2023-03-13 21:21:53+00:00,kelvinjannnnnnnnnnnn,6.0,1249.0,1318.0,309.0,855.0,2.0,67.0,15.0,1.0,0.0,0.0,0.0,0.0,2.0,57.0,6.0,10.0,9.0,0.0,1.0,0.0,0.0,Turkey,RapiD 1.1.9-tm.1,"#turkiye,#TürkiyeEQ060223,#SMforST2023,#turkey,#hotosm-project-14262,#yercizenler","{""building"": 57, ""source"": 44, ""highway"": 10}","{""source"": 10, ""highway"": 9, ""building"": 6, ""surface"": 4, ""fuel:lpg"": 1, ""addr:street"": 1, ""addr:city"": 1, ""addr:country"": 1, ""fuel:diesel"": 1, ""brand:wikipedia"": 1, ""operator"": 1, ""contact:phone"": 1, ""addr:district"": 1, ""addr:housenumber"": 1, ""power"": 1, ""amenity"": 1, ""website"": 1, ""name"": 1, ""brand"": 1, ""addr:postcode"": 1, ""addr:neighbourhood"": 1, ""contact:fax"": 1, ""brand:wikidata"": 1}"
59,17976510,https://www.openstreetmap.org/user/rlphmgllns111,2023-02-21 00:00:00+00:00,2023-03-13 21:21:53+00:00,rlphmgllns111,5.0,1178.0,8336.0,956.0,89.0,3.0,116.0,14.0,0.0,0.0,0.0,0.0,0.0,0.0,67.0,1.0,49.0,11.0,0.0,0.0,0.0,0.0,Turkey,RapiD 1.1.9-tm.1,"#turkiye,#TürkiyeEQ060223,#SMforST2023,#turkey,#hotosm-project-14262,#yercizenler","{""source"": 86, ""building"": 67, ""highway"": 49, ""layer"": 1}","{""highway"": 11, ""source"": 8, ""landuse"": 1, ""surface"": 1, ""building"": 1}"
60,14207885,https://www.openstreetmap.org/user/Alvin%20Adikhara,2023-02-21 00:00:00+00:00,2023-03-13 21:21:53+00:00,Alvin Adikhara,4.0,1137.0,2269.0,913.0,29.0,0.0,179.0,16.0,0.0,0.0,0.0,0.0,13.0,1.0,144.0,2.0,33.0,13.0,0.0,0.0,2.0,0.0,Syrian Arab Republic,iD 2.21.1,"#AKDN,#Syria,#MissingMaps,#hotosm-project-14230,#TürkiyeEQ060223,#SMforST2023,#OMHAP","{""building"": 144, ""highway"": 33, ""leisure"": 12, ""sport"": 3, ""layer"": 2, ""waterway"": 2, ""ford"": 1, ""tunnel"": 1, ""bridge"": 1}","{""highway"": 13, ""building"": 2, ""cables"": 1, ""voltage"": 1, ""power"": 1, ""leisure"": 1, ""circuits"": 1}"
61,3030846,https://www.openstreetmap.org/user/Saikat%20Maiti,2023-02-21 00:00:00+00:00,2023-03-13 21:21:53+00:00,Saikat Maiti,5.0,1109.0,91.0,848.0,65.0,0.0,184.0,12.0,0.0,0.0,0.0,0.0,0.0,0.0,179.0,5.0,5.0,7.0,0.0,0.0,0.0,0.0,Turkey,RapiD 1.1.9-tm.1,"#turkiye,#TürkiyeEQ060223,#hotosm-project-14233,#GTM2023,#SMforST2023,#turkey,#yercizenler","{""building"": 179, ""source"": 166, ""highway"": 5, ""covered"": 1}","{""highway"": 7, ""building"": 5, ""source"": 4, ""layer"": 2}"
62,18598248,https://www.openstreetmap.org/user/wdyanbl,2023-02-21 00:00:00+00:00,2023-03-13 21:21:53+00:00,wdyanbl,3.0,1070.0,0.0,873.0,0.0,2.0,195.0,0.0,0.0,0.0,0.0,0.0,0.0,0.0,195.0,0.0,0.0,0.0,0.0,0.0,0.0,0.0,Syrian Arab Republic,iD 2.21.1,"#AKDN,#Syria,#MissingMaps,#hotosm-project-14230,#TürkiyeEQ060223,#SMforST2023,#OMHAP","{""building"": 195}",{}
63,17769731,https://www.openstreetmap.org/user/Dika%20krnwn,2023-02-21 00:00:00+00:00,2023-03-13 21:21:53+00:00,Dika krnwn,1.0,1066.0,2905.0,884.0,0.0,0.0,179.0,3.0,0.0,0.0,0.0,0.0,0.0,0.0,164.0,0.0,15.0,2.0,0.0,0.0,0.0,0.0,Syrian Arab Republic,iD 2.21.1,"#AKDN,#Syria,#MissingMaps,#hotosm-project-14230,#TürkiyeEQ060223,#SMforST2023,#OMHAP","{""building"": 164, ""highway"": 15}","{""highway"": 2, ""boundary"": 1, ""admin_level"": 1}"
64,16587225,https://www.openstreetmap.org/user/mee_,2023-02-21 00:00:00+00:00,2023-03-13 21:21:53+00:00,mee_,9.0,1059.0,5980.0,736.0,243.0,1.0,64.0,15.0,0.0,0.0,0.0,0.0,0.0,0.0,37.0,0.0,27.0,13.0,0.0,0.0,0.0,0.0,Turkey,RapiD 1.1.9-tm.1,"#SMforST2023,#USTPYouthmappers","{""source"": 43, ""building"": 37, ""highway"": 27}","{""highway"": 13, ""source"": 9, ""surface"": 1}"
65,18649051,https://www.openstreetmap.org/user/Kaaazz,2023-02-21 00:00:00+00:00,2023-03-13 21:21:53+00:00,Kaaazz,11.0,1024.0,0.0,815.0,8.0,5.0,191.0,3.0,2.0,0.0,0.0,0.0,0.0,0.0,191.0,0.0,0.0,2.0,0.0,0.0,0.0,0.0,Syrian Arab Republic,iD 2.21.1,"#Syria,#MissingMaps,#TürkiyeEQ060223,#SMforST2023,#OMHAP,#UPTaclobanYM,#hotosm-project-14311","{""building"": 191}","{""highway"": 2, ""landuse"": 1}"
66,7274330,https://www.openstreetmap.org/user/DiahW,2023-02-21 00:00:00+00:00,2023-03-13 21:21:53+00:00,DiahW,6.0,1021.0,263.0,804.0,15.0,0.0,194.0,8.0,0.0,0.0,0.0,0.0,0.0,0.0,191.0,1.0,3.0,7.0,0.0,1.0,0.0,0.0,Syrian Arab Republic,iD 2.21.1,"#AKDN,#Syria,#MissingMaps,#hotosm-project-14230,#TürkiyeEQ060223,#SMforST2023,#OMHAP","{""building"": 191, ""highway"": 3}","{""highway"": 7, ""amenity"": 1, ""religion"": 1, ""building"": 1}"
67,13888636,https://www.openstreetmap.org/user/John%20Rechie,2023-02-21 00:00:00+00:00,2023-03-13 21:21:53+00:00,John Rechie,5.0,1009.0,5286.0,422.0,527.0,0.0,47.0,13.0,0.0,0.0,0.0,0.0,0.0,0.0,29.0,5.0,18.0,8.0,0.0,0.0,0.0,0.0,Turkey,RapiD 1.1.9-tm.1,"#turkiye,#TürkiyeEQ060223,#SMFORST2023,#turkey,#hotosm-project-14262,#yercizenler","{""source"": 33, ""building"": 29, ""highway"": 18, ""layer"": 3}","{""highway"": 8, ""source"": 8, ""building"": 5, ""layer"": 2, ""surface"": 1}"
68,17313566,https://www.openstreetmap.org/user/Elijah%20Chat,2023-02-21 00:00:00+00:00,2023-03-13 21:21:53+00:00,Elijah Chat,10.0,991.0,0.0,377.0,536.0,0.0,77.0,1.0,0.0,0.0,0.0,0.0,0.0,0.0,77.0,1.0,0.0,0.0,0.0,0.0,0.0,0.0,Syrian Arab Republic,iD 2.21.1,"#Syria,#MissingMaps,#TürkiyeEQ060223,#SMforST2023,#OMHAP,#UPTaclobanYM,#hotosm-project-14311","{""building"": 77}","{""building"": 1}"
69,18443891,https://www.openstreetmap.org/user/Mutumanikam,2023-02-21 00:00:00+00:00,2023-03-13 21:21:53+00:00,Mutumanikam,2.0,959.0,0.0,839.0,0.0,0.0,120.0,0.0,0.0,0.0,0.0,0.0,0.0,0.0,120.0,0.0,0.0,0.0,0.0,0.0,0.0,0.0,Syrian Arab Republic,iD 2.21.1,"#AKDN,#Syria,#MissingMaps,#hotosm-project-14230,#TürkiyeEQ060223,#SMforST2023,#OMHAP","{""building"": 120}",{}
70,17483470,https://www.openstreetmap.org/user/Lester%20Tan,2023-02-21 00:00:00+00:00,2023-03-13 21:21:53+00:00,Lester Tan,3.0,953.0,0.0,451.0,386.0,0.0,112.0,4.0,0.0,0.0,0.0,0.0,0.0,0.0,110.0,2.0,1.0,1.0,0.0,0.0,0.0,0.0,Syrian Arab Republic,iD 2.21.1,"#Syria,#MissingMaps,#TürkiyeEQ060223,#SMforST2023,#OMHAP,#UPTaclobanYM,#hotosm-project-14311","{""building"": 110, ""highway"": 1, ""area"": 1}","{""building"": 2, ""highway"": 1, ""landuse"": 1, ""residential"": 1, ""source"": 1}"
71,16496372,https://www.openstreetmap.org/user/yvonnepaje,2023-02-21 00:00:00+00:00,2023-03-13 21:21:53+00:00,yvonnepaje,1.0,952.0,0.0,696.0,12.0,94.0,136.0,4.0,10.0,0.0,0.0,0.0,0.0,0.0,136.0,2.0,0.0,2.0,0.0,0.0,0.0,0.0,,iD 2.21.1,#SMforST,"{""building"": 136}","{""highway"": 2, ""building"": 2}"
72,17483455,https://www.openstreetmap.org/user/Raisa%20Ashley,2023-02-21 00:00:00+00:00,2023-03-13 21:21:53+00:00,Raisa Ashley,9.0,950.0,0.0,488.0,350.0,0.0,109.0,2.0,1.0,0.0,0.0,0.0,0.0,0.0,109.0,1.0,0.0,0.0,0.0,0.0,0.0,0.0,Syrian Arab Republic,iD 2.21.1,"#Syria,#MissingMaps,#TürkiyeEQ060223,#SMforST2023,#OMHAP,#UPTaclobanYM,#hotosm-project-14311","{""building"": 109}","{""landuse"": 1, ""building"": 1}"
73,18516166,https://www.openstreetmap.org/user/Glenn%20Klyde%20Gumapac,2023-02-21 00:00:00+00:00,2023-03-13 21:21:53+00:00,Glenn Klyde Gumapac,3.0,938.0,4304.0,419.0,462.0,8.0,33.0,16.0,0.0,0.0,0.0,0.0,0.0,0.0,14.0,0.0,19.0,15.0,0.0,0.0,0.0,0.0,Turkey,RapiD 1.1.9-tm.1,"#turkiye,#TürkiyeEQ060223,#SMFORST2023,#turkey,#hotosm-project-14262,#yercizenler","{""highway"": 19, ""building"": 14, ""source"": 8}","{""highway"": 15, ""source"": 14, ""landuse"": 1}"
74,16677977,https://www.openstreetmap.org/user/dayuwulan,2023-02-21 00:00:00+00:00,2023-03-13 21:21:53+00:00,dayuwulan,1.0,935.0,69.0,753.0,7.0,0.0,173.0,2.0,0.0,0.0,0.0,0.0,0.0,6.0,172.0,0.0,1.0,2.0,2.0,5.0,0.0,0.0,Syrian Arab Republic,iD 2.21.1,"#AKDN,#Syria,#MissingMaps,#hotosm-project-14230,#TürkiyeEQ060223,#SMforST2023,#OMHAP","{""building"": 172, ""amenity"": 2, ""highway"": 1}","{""name"": 6, ""amenity"": 5, ""healthcare"": 2, ""operator"": 2, ""highway"": 2, ""oneway"": 1, ""dispensing"": 1, ""shop"": 1}"
75,18649485,https://www.openstreetmap.org/user/Moowjo,2023-02-21 00:00:00+00:00,2023-03-13 21:21:53+00:00,Moowjo,14.0,916.0,0.0,743.0,4.0,0.0,169.0,0.0,0.0,0.0,0.0,0.0,0.0,0.0,169.0,0.0,0.0,0.0,0.0,0.0,0.0,0.0,Syrian Arab Republic,iD 2.21.1,"#Syria,#MissingMaps,#TürkiyeEQ060223,#SMforST2023,#OMHAP,#UPTaclobanYM,#hotosm-project-14311","{""building"": 169}",{}
76,18572835,https://www.openstreetmap.org/user/roogelioo,2023-02-21 00:00:00+00:00,2023-03-13 21:21:53+00:00,roogelioo,4.0,915.0,1678.0,596.0,171.0,13.0,126.0,5.0,4.0,0.0,0.0,0.0,0.0,0.0,110.0,1.0,16.0,4.0,0.0,0.0,0.0,0.0,Turkey,RapiD 1.1.9-tm.1,"#turkiye,#TürkiyeEQ060223,#SMforST2023,#turkey,#hotosm-project-14262,#yercizenler","{""source"": 126, ""building"": 110, ""highway"": 16}","{""highway"": 4, ""source"": 3, ""building"": 1}"
77,16884615,https://www.openstreetmap.org/user/Maxille%20Obsioma,2023-02-21 00:00:00+00:00,2023-03-13 21:21:53+00:00,Maxille Obsioma,2.0,910.0,8004.0,705.0,92.0,29.0,62.0,14.0,8.0,0.0,0.0,0.0,0.0,0.0,39.0,2.0,23.0,11.0,0.0,0.0,0.0,0.0,Turkey,RapiD 1.1.9-tm.1,"#turkiye,#TürkiyeEQ060223,#turkey,#hotosm-project-14262,#SMforST,#yercizenler","{""source"": 50, ""building"": 39, ""highway"": 23, ""layer"": 1}","{""highway"": 11, ""source"": 7, ""building"": 2, ""landuse"": 1, ""surface"": 1, ""layer"": 1}"
78,14004059,https://www.openstreetmap.org/user/lovely_dags,2023-02-21 00:00:00+00:00,2023-03-13 21:21:53+00:00,lovely_dags,4.0,903.0,6223.0,723.0,50.0,0.0,118.0,12.0,0.0,0.0,0.0,0.0,0.0,0.0,77.0,5.0,41.0,5.0,0.0,0.0,0.0,0.0,Turkey,RapiD 1.1.9-tm.1,"#turkiye,#TürkiyeEQ060223,#SMforST2023,#turkey,#hotosm-project-14262,#yercizenler","{""building"": 77, ""source"": 66, ""highway"": 41}","{""source"": 6, ""highway"": 5, ""building"": 5, ""landuse"": 1, ""natural"": 1}"
79,18572856,https://www.openstreetmap.org/user/Eenah,2023-02-21 00:00:00+00:00,2023-03-13 21:21:53+00:00,Eenah,4.0,859.0,2575.0,638.0,78.0,1.0,134.0,7.0,1.0,0.0,0.0,0.0,0.0,0.0,114.0,0.0,20.0,5.0,0.0,0.0,0.0,0.0,Turkey,RapiD 1.1.9-tm.1,"#turkiye,#TürkiyeEQ060223,#USTPYouthMappers,#SMforST2023,#turkey,#hotosm-project-14262,#yercizenler,#YouthMappers","{""building"": 114, ""source"": 55, ""highway"": 20}","{""source"": 7, ""highway"": 5, ""landuse"": 2}"
80,11171620,https://www.openstreetmap.org/user/Anasmi,2023-02-21 00:00:00+00:00,2023-03-13 21:21:53+00:00,Anasmi,4.0,857.0,0.0,434.0,302.0,10.0,49.0,58.0,1.0,3.0,0.0,0.0,0.0,0.0,49.0,23.0,0.0,26.0,2.0,0.0,0.0,0.0,"Syrian Arab Republic,Turkey",JOSM/1.5 (18646 en),"#AKDN,#Syria,#MissingMaps,#hotosm-project-14230,#turkiye,#TürkiyeEQ060223,#hotosm-project-14233,#SMforST2023,#OMHAP,#turkey,#SMforST,#yercizenler","{""building"": 49, ""type"": 3, ""amenity"": 2}","{""highway"": 26, ""building"": 23, ""source"": 12, ""right:country"": 2, ""border_type"": 2, ""admin_level"": 2, ""name:ckb"": 2, ""left:country"": 2, ""name:tr"": 2, ""boundary"": 2, ""landuse"": 2, ""name:ar"": 2, ""surface"": 2, ""name"": 2, ""name:ku"": 2, ""left:governate"": 2, ""service"": 2, ""name:en"": 2, ""right:province"": 2}"
81,17208442,https://www.openstreetmap.org/user/Marasabessy,2023-02-21 00:00:00+00:00,2023-03-13 21:21:53+00:00,Marasabessy,6.0,853.0,0.0,481.0,268.0,5.0,95.0,4.0,0.0,0.0,0.0,0.0,0.0,0.0,95.0,0.0,0.0,1.0,0.0,0.0,0.0,0.0,Syrian Arab Republic,iD 2.21.1,"#AKDN,#Syria,#MissingMaps,#hotosm-project-14230,#TürkiyeEQ060223,#SMforST2023,#OMHAP","{""building"": 95}","{""landuse"": 3, ""highway"": 1}"
82,11515562,https://www.openstreetmap.org/user/Nindita,2023-02-21 00:00:00+00:00,2023-03-13 21:21:53+00:00,Nindita,3.0,852.0,2156.0,643.0,41.0,4.0,151.0,12.0,1.0,0.0,0.0,0.0,0.0,1.0,131.0,2.0,20.0,10.0,0.0,0.0,0.0,0.0,Syrian Arab Republic,iD 2.21.1,"#AKDN,#Syria,#MissingMaps,#hotosm-project-14230,#TürkiyeEQ060223,#SMforST2023,#OMHAP","{""building"": 131, ""highway"": 20}","{""highway"": 10, ""building"": 2, ""tourism"": 1, ""name:ar"": 1, ""name:en"": 1, ""name"": 1}"
83,5438501,https://www.openstreetmap.org/user/anthaas,2023-02-21 00:00:00+00:00,2023-03-13 21:21:53+00:00,anthaas,6.0,826.0,0.0,412.0,276.0,0.0,90.0,48.0,0.0,0.0,0.0,0.0,0.0,0.0,90.0,0.0,0.0,38.0,0.0,0.0,0.0,2.0,Syrian Arab Republic,JOSM/1.5 (18646 en),"#Syria,#MissingMaps,#TürkiyeEQ060223,#hotosm-project-14245,#SMforST2023,#OMHAP","{""building"": 90}","{""highway"": 38, ""surface"": 6, ""source"": 6, ""landuse"": 4, ""waterway"": 2}"
84,18529760,https://www.openstreetmap.org/user/EzGhou,2023-02-21 00:00:00+00:00,2023-03-13 21:21:53+00:00,EzGhou,9.0,787.0,0.0,557.0,120.0,0.0,109.0,1.0,0.0,0.0,0.0,0.0,0.0,0.0,109.0,1.0,0.0,0.0,0.0,0.0,0.0,0.0,Syrian Arab Republic,iD 2.21.1,"#Syria,#MissingMaps,#TürkiyeEQ060223,#SMforST2023,#OMHAP,#UPTaclobanYM,#hotosm-project-14311","{""building"": 109}","{""building"": 1}"
85,17035945,https://www.openstreetmap.org/user/Faltaz,2023-02-21 00:00:00+00:00,2023-03-13 21:21:53+00:00,Faltaz,1.0,771.0,965.0,633.0,3.0,0.0,127.0,7.0,1.0,0.0,0.0,0.0,0.0,1.0,110.0,0.0,17.0,7.0,0.0,1.0,0.0,0.0,Syrian Arab Republic,iD 2.21.1,"#AKDN,#Syria,#MissingMaps,#hotosm-project-14230,#TürkiyeEQ060223,#SMforST2023,#OMHAP","{""building"": 110, ""highway"": 17}","{""highway"": 7, ""name"": 1, ""amenity"": 1}"
86,11793688,https://www.openstreetmap.org/user/Eni%20Widiastuti,2023-02-21 00:00:00+00:00,2023-03-13 21:21:53+00:00,Eni Widiastuti,5.0,762.0,0.0,643.0,0.0,0.0,119.0,0.0,0.0,0.0,0.0,0.0,0.0,0.0,119.0,0.0,0.0,0.0,0.0,0.0,0.0,0.0,Syrian Arab Republic,iD 2.21.1,"#AKDN,#Syria,#MissingMaps,#hotosm-project-14230,#TürkiyeEQ060223,#SMforST2023,#OMHAP","{""building"": 119}",{}
87,17520430,https://www.openstreetmap.org/user/Biins%20Reyes,2023-02-21 00:00:00+00:00,2023-03-13 21:21:53+00:00,Biins Reyes,2.0,722.0,3111.0,447.0,161.0,2.0,100.0,9.0,3.0,0.0,0.0,0.0,0.0,0.0,77.0,0.0,23.0,8.0,0.0,0.0,0.0,0.0,Turkey,RapiD 1.1.9-tm.1,"#turkiye,#TürkiyeEQ060223,#SMforST2023,#turkey,#hotosm-project-14262,#yercizenler","{""building"": 77, ""source"": 48, ""highway"": 23}","{""highway"": 8, ""source"": 7, ""surface"": 2, ""name"": 2, ""leisure"": 1}"
88,10803709,https://www.openstreetmap.org/user/Hilwa%20Amalia,2023-02-21 00:00:00+00:00,2023-03-13 21:21:53+00:00,Hilwa Amalia,13.0,718.0,0.0,557.0,3.0,36.0,108.0,9.0,5.0,0.0,0.0,0.0,0.0,0.0,108.0,4.0,0.0,5.0,0.0,0.0,0.0,0.0,Syrian Arab Republic,iD 2.21.1,"#AKDN,#Syria,#MissingMaps,#hotosm-project-14230,#TürkiyeEQ060223,#SMforST2023,#OMHAP","{""building"": 108, ""layer"": 1}","{""highway"": 5, ""building"": 4}"
89,12867061,https://www.openstreetmap.org/user/Frigia%20Mamudi,2023-02-21 00:00:00+00:00,2023-03-13 21:21:53+00:00,Frigia Mamudi,8.0,699.0,0.0,560.0,1.0,0.0,135.0,3.0,0.0,0.0,0.0,0.0,0.0,0.0,125.0,2.0,0.0,1.0,0.0,0.0,0.0,0.0,Syrian Arab Republic,iD 2.21.1,"#AKDN,#Syria,#MissingMaps,#hotosm-project-14230,#TürkiyeEQ060223,#SMforST2023,#OMHAP","{""building"": 125}","{""building"": 2, ""highway"": 1, ""oneway"": 1}"
90,3245168,https://www.openstreetmap.org/user/stampachradim,2023-02-21 00:00:00+00:00,2023-03-13 21:21:53+00:00,stampachradim,2.0,665.0,0.0,294.0,298.0,24.0,23.0,26.0,0.0,0.0,0.0,0.0,0.0,0.0,23.0,22.0,0.0,2.0,0.0,0.0,0.0,0.0,"Syrian Arab Republic,Turkey",JOSM/1.5 (18678 en),"#Syria,#MissingMaps,#TürkiyeEQ060223,#hotosm-project-14245,#SMforST2023,#OMHAP","{""building"": 23}","{""building"": 22, ""highway"": 2, ""landuse"": 2, ""source"": 2}"
91,18649482,https://www.openstreetmap.org/user/Rugie,2023-02-21 00:00:00+00:00,2023-03-13 21:21:53+00:00,Rugie,14.0,638.0,0.0,514.0,5.0,0.0,119.0,0.0,0.0,0.0,0.0,0.0,0.0,0.0,119.0,0.0,0.0,0.0,0.0,0.0,0.0,0.0,Syrian Arab Republic,iD 2.21.1,"#Syria,#MissingMaps,#TürkiyeEQ060223,#SMforST2023,#OMHAP,#UPTaclobanYM,#hotosm-project-14311","{""building"": 119}",{}
92,17871466,https://www.openstreetmap.org/user/Naufal%20Mas%27ud,2023-02-21 00:00:00+00:00,2023-03-13 21:21:53+00:00,Naufal Mas'ud,2.0,596.0,2166.0,502.0,0.0,0.0,91.0,3.0,0.0,0.0,0.0,0.0,0.0,0.0,83.0,0.0,8.0,2.0,0.0,0.0,0.0,0.0,Syrian Arab Republic,iD 2.21.1,"#AKDN,#Syria,#MissingMaps,#hotosm-project-14230,#TürkiyeEQ060223,#SMforST2023,#OMHAP","{""building"": 83, ""highway"": 8}","{""highway"": 2, ""source"": 2, ""landuse"": 1}"
93,13076013,https://www.openstreetmap.org/user/Denrazir,2023-02-21 00:00:00+00:00,2023-03-13 21:21:53+00:00,Denrazir,1.0,582.0,0.0,266.0,216.0,28.0,66.0,6.0,0.0,0.0,0.0,0.0,0.0,0.0,66.0,6.0,0.0,0.0,0.0,0.0,0.0,0.0,Syrian Arab Republic,JOSM/1.5 (18646 en),#SMforST2023,"{""building"": 66}","{""building"": 6}"
94,17396980,https://www.openstreetmap.org/user/MRFahruddin,2023-02-21 00:00:00+00:00,2023-03-13 21:21:53+00:00,MRFahruddin,6.0,579.0,3566.0,437.0,47.0,1.0,80.0,13.0,1.0,0.0,0.0,0.0,0.0,0.0,54.0,2.0,23.0,8.0,0.0,0.0,0.0,1.0,Syrian Arab Republic,iD 2.21.1,"#AKDN,#Syria,#MissingMaps,#hotosm-project-14230,#TürkiyeEQ060223,#SMforST2023,#OMHAP","{""building"": 54, ""highway"": 23, ""leisure"": 3, ""bridge"": 1, ""layer"": 1}","{""highway"": 8, ""source"": 3, ""building"": 2, ""railway"": 1, ""landuse"": 1, ""layer"": 1, ""bridge"": 1, ""usage"": 1, ""waterway"": 1}"
95,4569402,https://www.openstreetmap.org/user/DaryR,2023-02-21 00:00:00+00:00,2023-03-13 21:21:53+00:00,DaryR,1.0,574.0,2709.0,438.0,23.0,0.0,106.0,7.0,0.0,0.0,0.0,0.0,0.0,0.0,67.0,1.0,39.0,6.0,0.0,0.0,0.0,0.0,Syrian Arab Republic,iD 2.21.1,"#AKDN,#Syria,#MissingMaps,#hotosm-project-14230,#TürkiyeEQ060223,#SMforST2023,#OMHAP","{""building"": 67, ""highway"": 39}","{""highway"": 6, ""oneway"": 3, ""name"": 2, ""name:en"": 2, ""shop"": 1, ""name:ar"": 1, ""building"": 1}"
96,17582101,https://www.openstreetmap.org/user/Karl%20Regorosa,2023-02-21 00:00:00+00:00,2023-03-13 21:21:53+00:00,Karl Regorosa,9.0,568.0,0.0,462.0,4.0,0.0,101.0,1.0,0.0,0.0,0.0,0.0,0.0,0.0,101.0,1.0,0.0,0.0,0.0,0.0,0.0,0.0,Syrian Arab Republic,iD 2.21.1,"#Syria,#AKDN,#MissingMaps,#hotosm-project-14230,#TürkiyeEQ060223,#SMforST2023,#OMHAP,#UPTaclobanYM,#hotosm-project-14311","{""building"": 101}","{""building"": 1}"
97,6371645,https://www.openstreetmap.org/user/Iqhra,2023-02-21 00:00:00+00:00,2023-03-13 21:21:53+00:00,Iqhra,2.0,551.0,0.0,374.0,18.0,79.0,69.0,1.0,10.0,0.0,0.0,0.0,0.0,0.0,69.0,0.0,0.0,0.0,0.0,0.0,0.0,0.0,Turkey,RapiD 1.1.9-tm.1,"#turkiye,#TürkiyeEQ060223,#hotosm-project-14233,#GTM2023,#SMforST2023,#turkey,#yercizenler","{""building"": 69, ""source"": 68}","{""name"": 1, ""boundary"": 1, ""admin_level"": 1}"
98,18598275,https://www.openstreetmap.org/user/M%20Naufal%20Kamaludin,2023-02-21 00:00:00+00:00,2023-03-13 21:21:53+00:00,M Naufal Kamaludin,1.0,548.0,363.0,242.0,0.0,201.0,55.0,2.0,48.0,0.0,0.0,0.0,0.0,0.0,51.0,0.0,4.0,2.0,0.0,0.0,0.0,0.0,Syrian Arab Republic,iD 2.21.1,"#AKDN,#Syria,#MissingMaps,#hotosm-project-14230,#TürkiyeEQ060223,#SMforST2023,#OMHAP","{""building"": 51, ""highway"": 4}","{""highway"": 2}"
99,18598254,https://www.openstreetmap.org/user/Irvan%20Joel%20Sianipar,2023-02-21 00:00:00+00:00,2023-03-13 21:21:53+00:00,Irvan Joel Sianipar,4.0,536.0,4155.0,449.0,2.0,0.0,80.0,5.0,0.0,0.0,0.0,0.0,0.0,0.0,57.0,0.0,23.0,4.0,0.0,0.0,0.0,0.0,Syrian Arab Republic,iD 2.21.1,"#AKDN,#Syria,#MissingMaps,#hotosm-project-14230,#TürkiyeEQ060223,#SMforST2023,#OMHAP","{""building"": 57, ""highway"": 23}","{""highway"": 4, ""railway"": 1, ""usage"": 1}"
100,18297499,https://www.openstreetmap.org/user/xynn,2023-02-21 00:00:00+00:00,2023-03-13 21:21:53+00:00,xynn,10.0,520.0,3648.0,441.0,20.0,4.0,48.0,5.0,2.0,0.0,0.0,0.0,0.0,0.0,27.0,0.0,21.0,4.0,0.0,0.0,0.0,0.0,"Syrian Arab Republic,Turkey","RapiD 1.1.9-tm.1,iD 2.21.1","#AKDN,#Syria,#MissingMaps,#hotosm-project-14230,#turkiye,#TürkiyeEQ060223,#SMforST2023,#OMHAP,#turkey,#hotosm-project-14262,#yercizenler","{""building"": 27, ""source"": 23, ""highway"": 21, ""ref"": 1, ""name"": 1}","{""source"": 5, ""highway"": 4, ""landuse"": 1, ""oneway"": 1, ""name"": 1, ""lanes"": 1, ""alt_name"": 1, ""url"": 1, ""ref"": 1, ""int_ref"": 1}"
101,1414812,https://www.openstreetmap.org/user/RAytoun,2023-02-21 00:00:00+00:00,2023-03-13 21:21:53+00:00,RAytoun,3.0,516.0,0.0,160.0,282.0,0.0,16.0,58.0,0.0,0.0,0.0,0.0,0.0,0.0,8.0,20.0,8.0,36.0,0.0,0.0,0.0,0.0,Syrian Arab Republic,JOSM/1.5 (18583 en_GB),"#Syria,#MissingMaps,#TürkiyeEQ060223,#hotosm-project-14245,#SMforST2023,#OMHAP","{""highway"": 8, ""building"": 8}","{""highway"": 36, ""building"": 20, ""surface"": 4, ""landuse"": 2, ""source"": 2}"
102,12531530,https://www.openstreetmap.org/user/Md%20Aminul%20Islam%2025,2023-02-21 00:00:00+00:00,2023-03-13 21:21:53+00:00,Md Aminul Islam 25,5.0,510.0,0.0,409.0,40.0,0.0,58.0,3.0,0.0,0.0,0.0,0.0,0.0,0.0,58.0,0.0,0.0,3.0,0.0,0.0,0.0,0.0,Syrian Arab Republic,iD 2.21.1,"#AKDN,#Syria,#MissingMaps,#hotosm-project-14230,#TürkiyeEQ060223,#SMforST2023,#OMHAP","{""building"": 58}","{""highway"": 3, ""oneway"": 1}"
103,17483478,https://www.openstreetmap.org/user/Marie%20Claire%20Gerpacio,2023-02-21 00:00:00+00:00,2023-03-13 21:21:53+00:00,Marie Claire Gerpacio,8.0,497.0,0.0,266.0,178.0,5.0,46.0,2.0,0.0,0.0,0.0,0.0,0.0,0.0,46.0,1.0,0.0,0.0,0.0,0.0,0.0,0.0,Syrian Arab Republic,iD 2.21.1,"#Syria,#MissingMaps,#TürkiyeEQ060223,#SMforST2023,#OMHAP,#UPTaclobanYM,#hotosm-project-14311","{""building"": 46}","{""landuse"": 1, ""building"": 1}"
104,14477174,https://www.openstreetmap.org/user/mojibb,2023-02-21 00:00:00+00:00,2023-03-13 21:21:53+00:00,mojibb,8.0,492.0,5823.0,409.0,38.0,0.0,36.0,9.0,0.0,0.0,0.0,0.0,0.0,0.0,22.0,1.0,14.0,6.0,0.0,0.0,0.0,0.0,Turkey,RapiD 1.1.9-tm.1,"#turkiye,#TürkiyeEQ060223,#SMFORST,#turkey,#hotosm-project-14262,#yercizenler","{""source"": 26, ""building"": 22, ""highway"": 14}","{""highway"": 6, ""source"": 4, ""building"": 1}"
105,14283148,https://www.openstreetmap.org/user/Ron727,2023-02-21 00:00:00+00:00,2023-03-13 21:21:53+00:00,Ron727,3.0,490.0,1017.0,373.0,0.0,22.0,90.0,2.0,3.0,0.0,0.0,0.0,0.0,0.0,88.0,0.0,2.0,0.0,0.0,0.0,0.0,0.0,Syrian Arab Republic,iD 2.21.1,"#Syria,#MissingMaps,#TürkiyeEQ060223,#SMforST2023,#OMHAP,#UPTaclobanYM,#hotosm-project-14311","{""building"": 88, ""highway"": 2}","{""landuse"": 2, ""source"": 1}"
106,17483782,https://www.openstreetmap.org/user/KZ%C2%B3,2023-02-21 00:00:00+00:00,2023-03-13 21:21:53+00:00,KZ³,8.0,475.0,0.0,373.0,12.0,4.0,85.0,0.0,1.0,0.0,0.0,0.0,0.0,0.0,85.0,0.0,0.0,0.0,0.0,0.0,0.0,0.0,Syrian Arab Republic,iD 2.21.1,"#Syria,#MissingMaps,#TürkiyeEQ060223,#SMforST2023,#OMHAP,#UPTaclobanYM,#hotosm-project-14311","{""building"": 85}",{}
107,11813775,https://www.openstreetmap.org/user/ditaale,2023-02-21 00:00:00+00:00,2023-03-13 21:21:53+00:00,ditaale,2.0,458.0,0.0,378.0,0.0,0.0,80.0,0.0,0.0,0.0,0.0,0.0,0.0,0.0,80.0,0.0,0.0,0.0,0.0,0.0,0.0,0.0,Syrian Arab Republic,iD 2.21.1,"#AKDN,#Syria,#MissingMaps,#hotosm-project-14230,#TürkiyeEQ060223,#SMforST2023,#OMHAP","{""building"": 80}",{}
108,14562044,https://www.openstreetmap.org/user/Joo%20Nah,2023-02-21 00:00:00+00:00,2023-03-13 21:21:53+00:00,Joo Nah,7.0,454.0,7534.0,413.0,7.0,3.0,21.0,7.0,3.0,0.0,0.0,0.0,0.0,0.0,0.0,0.0,21.0,7.0,0.0,0.0,0.0,0.0,Turkey,RapiD 1.1.9-tm.1,"#turkiye,#TürkiyeEQ060223,#turkey,#hotosm-project-14262,#SMforST,#yercizenler","{""highway"": 21, ""source"": 18}","{""highway"": 7, ""source"": 5, ""layer"": 1, ""bridge"": 1}"
109,18647819,https://www.openstreetmap.org/user/chrsamae,2023-02-21 00:00:00+00:00,2023-03-13 21:21:53+00:00,chrsamae,8.0,451.0,0.0,321.0,0.0,63.0,59.0,0.0,8.0,0.0,0.0,0.0,0.0,0.0,59.0,0.0,0.0,0.0,0.0,0.0,0.0,0.0,Syrian Arab Republic,iD 2.21.1,"#Syria,#MissingMaps,#TürkiyeEQ060223,#SMforST2023,#OMHAP,#UPTaclobanYM,#hotosm-project-14311","{""building"": 59}",{}
110,10967140,https://www.openstreetmap.org/user/Pragya%20Pant,2023-02-21 00:00:00+00:00,2023-03-13 21:21:53+00:00,Pragya Pant,9.0,423.0,0.0,336.0,8.0,4.0,74.0,0.0,1.0,0.0,0.0,0.0,0.0,0.0,74.0,0.0,0.0,0.0,0.0,0.0,0.0,0.0,Turkey,JOSM/1.5 (18622 en),"#turkiye,#TürkiyeEQ060223,#hotosm-project-14233,#turkey,#SMforST,#yercizenler","{""building"": 74, ""source"": 73}",{}
111,6613019,https://www.openstreetmap.org/user/MalinaZainal,2023-02-21 00:00:00+00:00,2023-03-13 21:21:53+00:00,MalinaZainal,2.0,419.0,40.0,332.0,21.0,0.0,65.0,1.0,0.0,0.0,0.0,0.0,0.0,0.0,64.0,0.0,1.0,1.0,0.0,0.0,0.0,0.0,Turkey,RapiD 1.1.9-tm.1,"#turkiye,#TürkiyeEQ060223,#hotosm-project-14233,#GTM2023,#SMforST2023,#turkey,#yercizenler","{""source"": 65, ""building"": 64, ""highway"": 1}","{""highway"": 1}"
112,15651714,https://www.openstreetmap.org/user/puskarpaudel,2023-02-21 00:00:00+00:00,2023-03-13 21:21:53+00:00,puskarpaudel,3.0,416.0,2940.0,177.0,212.0,0.0,17.0,10.0,0.0,0.0,0.0,0.0,0.0,0.0,1.0,4.0,16.0,6.0,0.0,0.0,0.0,0.0,Syrian Arab Republic,JOSM/1.5 (18570 en),"#AKDN,#Syria,#MissingMaps,#hotosm-project-14230,#ges,#GES,#TürkiyeEQ060223,#OMHAP,#SMforST,#KU","{""highway"": 16, ""building"": 1}","{""highway"": 6, ""building"": 4, ""source"": 1}"
113,18649071,https://www.openstreetmap.org/user/John%20Melfred%20Bebita,2023-02-21 00:00:00+00:00,2023-03-13 21:21:53+00:00,John Melfred Bebita,44.0,402.0,0.0,345.0,0.0,9.0,47.0,0.0,1.0,0.0,0.0,0.0,0.0,0.0,26.0,0.0,0.0,0.0,0.0,0.0,0.0,0.0,Syrian Arab Republic,iD 2.21.1,"#Syria,#MissingMaps,#TürkiyeEQ060223,#SMforST2023,#OMHAP,#UPTaclobanYM,#hotosm-project-14311","{""building"": 26, ""natural"": 13, ""landuse"": 8}",{}
114,17483469,https://www.openstreetmap.org/user/Andrea%20Gail%20Quintero,2023-02-21 00:00:00+00:00,2023-03-13 21:21:53+00:00,Andrea Gail Quintero,14.0,394.0,0.0,324.0,0.0,7.0,61.0,1.0,1.0,0.0,0.0,0.0,0.0,0.0,56.0,0.0,0.0,1.0,0.0,0.0,0.0,0.0,Syrian Arab Republic,iD 2.21.1,"#Syria,#MissingMaps,#TürkiyeEQ060223,#SMforST2023,#OMHAP,#UPTaclobanYM,#hotosm-project-14311","{""building"": 56, ""generator:output:electricity"": 5, ""generator:source"": 5, ""generator:method"": 5, ""power"": 5, ""generator:type"": 5}","{""highway"": 1}"
115,17314043,https://www.openstreetmap.org/user/Radon%20Darole,2023-02-21 00:00:00+00:00,2023-03-13 21:21:53+00:00,Radon Darole,3.0,386.0,0.0,300.0,6.0,13.0,61.0,3.0,3.0,0.0,0.0,0.0,0.0,0.0,0.0,0.0,0.0,1.0,0.0,0.0,0.0,0.0,Syrian Arab Republic,iD 2.21.1,"#Syria,#MissingMaps,#TürkiyeEQ060223,#SMforST2023,#OMHAP,#UPTaclobanYM,#hotosm-project-14311","{""landuse"": 61, ""residential"": 1}","{""landuse"": 2, ""highway"": 1}"
116,10444689,https://www.openstreetmap.org/user/dimasmaulana99,2023-02-21 00:00:00+00:00,2023-03-13 21:21:53+00:00,dimasmaulana99,1.0,385.0,0.0,312.0,4.0,0.0,69.0,0.0,0.0,0.0,0.0,0.0,0.0,0.0,69.0,0.0,0.0,0.0,0.0,0.0,0.0,0.0,Syrian Arab Republic,iD 2.21.1,"#AKDN,#Syria,#MissingMaps,#hotosm-project-14230,#TürkiyeEQ060223,#SMforST2023,#OMHAP","{""building"": 69}",{}
117,17483488,https://www.openstreetmap.org/user/Kenneth%20Arthur,2023-02-21 00:00:00+00:00,2023-03-13 21:21:53+00:00,Kenneth Arthur,4.0,382.0,1264.0,306.0,4.0,1.0,59.0,12.0,0.0,0.0,0.0,0.0,0.0,0.0,54.0,2.0,4.0,10.0,0.0,0.0,0.0,0.0,Syrian Arab Republic,iD 2.21.1,"#Syria,#MissingMaps,#TürkiyeEQ060223,#buildingsadded,#SMforST2023,#OMHAP,#UPTaclobanYM,#hotosm-project-14311,#addedbuildings","{""building"": 54, ""highway"": 4, ""landuse"": 1}","{""highway"": 10, ""source"": 2, ""building"": 2, ""oneway"": 1}"
118,17506323,https://www.openstreetmap.org/user/diffabasri,2023-02-21 00:00:00+00:00,2023-03-13 21:21:53+00:00,diffabasri,1.0,380.0,3188.0,330.0,4.0,1.0,43.0,2.0,0.0,0.0,0.0,0.0,0.0,0.0,26.0,0.0,17.0,2.0,0.0,0.0,0.0,0.0,Syrian Arab Republic,iD 2.21.1,"#AKDN,#Syria,#MissingMaps,#hotosm-project-14230,#TürkiyeEQ060223,#SMforST2023,#OMHAP","{""building"": 26, ""highway"": 17}","{""highway"": 2}"
119,12191928,https://www.openstreetmap.org/user/Jannie%20Fleur,2023-02-21 00:00:00+00:00,2023-03-13 21:21:53+00:00,Jannie Fleur,2.0,314.0,0.0,249.0,1.0,6.0,57.0,0.0,1.0,0.0,0.0,0.0,0.0,0.0,57.0,0.0,0.0,0.0,0.0,0.0,0.0,0.0,Syrian Arab Republic,iD 2.21.1,"#AKDN,#Syria,#MissingMaps,#hotosm-project-14230,#TürkiyeEQ060223,#SMforST2023,#OMHAP,#SMforST","{""building"": 57}",{}
120,10484014,https://www.openstreetmap.org/user/janabau,2023-02-21 00:00:00+00:00,2023-03-13 21:21:53+00:00,janabau,1.0,309.0,479.0,52.0,227.0,0.0,8.0,22.0,0.0,0.0,0.0,0.0,0.0,0.0,5.0,10.0,3.0,10.0,0.0,0.0,0.0,0.0,Syrian Arab Republic,JOSM/1.5 (18646 en),"#Syria,#MissingMaps,#TürkiyeEQ060223,#hotosm-project-14245,#SMforST2023,#OMHAP","{""building"": 5, ""highway"": 3}","{""highway"": 10, ""building"": 10, ""landuse"": 2, ""name"": 1, ""source"": 1}"
121,18563301,https://www.openstreetmap.org/user/BernH21,2023-02-21 00:00:00+00:00,2023-03-13 21:21:53+00:00,BernH21,1.0,305.0,0.0,255.0,0.0,0.0,50.0,0.0,0.0,0.0,0.0,0.0,0.0,0.0,50.0,0.0,0.0,0.0,0.0,0.0,0.0,0.0,Turkey,RapiD 1.1.9-tm.1,"#turkiye,#TürkiyeEQ060223,#hotosm-project-14233,#GTM2023,#SMforST2023,#turkey,#yercizenler","{""source"": 50, ""building"": 50}",{}
122,18534716,https://www.openstreetmap.org/user/Meralyilan,2023-02-21 00:00:00+00:00,2023-03-13 21:21:53+00:00,Meralyilan,19.0,287.0,0.0,121.0,140.0,0.0,15.0,11.0,0.0,0.0,0.0,0.0,12.0,3.0,13.0,4.0,0.0,4.0,14.0,7.0,0.0,0.0,Turkey,iD 2.25.1,"#hotosm,#turkiye,#TürkiyeEQ060223,#SMforST2023,#turkey,#yercizenler","{""fixme"": 15, ""name"": 15, ""healthcare"": 15, ""addr:district"": 15, ""check_date"": 15, ""source"": 15, ""note"": 15, ""phone"": 14, ""amenity"": 14, ""building"": 13}","{""source"": 11, ""amenity"": 7, ""name"": 7, ""healthcare"": 7, ""addr:district"": 6, ""note"": 6, ""fixme"": 6, ""phone"": 6, ""check_date"": 6, ""highway"": 4, ""building"": 4, ""payment:credit_cards"": 1, ""man_made"": 1, ""payment:debit_cards"": 1, ""payment:cash"": 1, ""building:levels"": 1, ""building:use"": 1, ""tower:type"": 1, ""min_level"": 1}"
123,2166021,https://www.openstreetmap.org/user/Robi%20Ripai,2023-02-21 00:00:00+00:00,2023-03-13 21:21:53+00:00,Robi Ripai,3.0,253.0,612.0,214.0,2.0,0.0,36.0,1.0,0.0,0.0,0.0,0.0,0.0,0.0,33.0,0.0,3.0,1.0,0.0,0.0,0.0,0.0,Syrian Arab Republic,iD 2.21.1,"#AKDN,#Syria,#MissingMaps,#hotosm-project-14230,#TürkiyeEQ060223,#SMforST2023,#OMHAP","{""building"": 33, ""highway"": 3}","{""highway"": 1}"
124,7924888,https://www.openstreetmap.org/user/vamsiOSM,2023-02-21 00:00:00+00:00,2023-03-13 21:21:53+00:00,vamsiOSM,1.0,237.0,64.0,171.0,26.0,0.0,38.0,2.0,0.0,0.0,0.0,0.0,0.0,0.0,37.0,1.0,1.0,1.0,0.0,0.0,0.0,0.0,Turkey,RapiD 1.1.9-tm.1,"#turkiye,#TürkiyeEQ060223,#hotosm-project-14233,#GTM2023,#SMforST2023,#turkey,#yercizenler","{""building"": 37, ""source"": 23, ""highway"": 1}","{""highway"": 1, ""source"": 1, ""building"": 1}"
125,1386706,https://www.openstreetmap.org/user/Nesim,2023-02-21 00:00:00+00:00,2023-03-13 21:21:53+00:00,Nesim,8.0,222.0,234.0,117.0,73.0,0.0,18.0,14.0,0.0,0.0,0.0,0.0,20.0,34.0,13.0,6.0,4.0,8.0,6.0,36.0,0.0,0.0,Turkey,iD 2.24.2,"#hotosm,#turkiye,#TürkiyeEQ060223,#SMforST2023,#turkey,#yercizenler,#maproulette","{""name"": 22, ""brand"": 16, ""shop"": 16, ""brand:wikidata"": 16, ""building"": 13, ""amenity"": 6, ""highway"": 4, ""addr:city"": 3, ""addr:district"": 3, ""healthcare"": 3, ""religion"": 2, ""denomination"": 2, ""oneway"": 2, ""man_made"": 1, ""operator"": 1, ""operator:wikidata"": 1, ""emergency"": 1, ""tower:type"": 1}","{""name"": 39, ""amenity"": 36, ""healthcare"": 34, ""phone"": 21, ""source"": 8, ""highway"": 8, ""building"": 6, ""oneway"": 3, ""name:ku"": 3, ""religion"": 2, ""denomination"": 2, ""ref"": 2, ""addr:city"": 1, ""addr:district"": 1, ""int_ref"": 1, ""name:ar"": 1, ""surface"": 1}"
126,2847988,https://www.openstreetmap.org/user/jinalfoflia,2023-02-21 00:00:00+00:00,2023-03-13 21:21:53+00:00,jinalfoflia,4.0,210.0,0.0,170.0,4.0,0.0,36.0,0.0,0.0,0.0,0.0,0.0,0.0,0.0,36.0,0.0,0.0,0.0,0.0,0.0,0.0,0.0,Turkey,RapiD 1.1.9-tm.1,"#turkiye,#TürkiyeEQ060223,#hotosm-project-14233,#GTM2023,#SMforST2023,#turkey,#yercizenler","{""building"": 36, ""source"": 25, ""area"": 1}",{}
127,7039819,https://www.openstreetmap.org/user/earosario,2023-02-21 00:00:00+00:00,2023-03-13 21:21:53+00:00,earosario,1.0,203.0,0.0,152.0,19.0,0.0,30.0,2.0,0.0,0.0,0.0,0.0,0.0,0.0,30.0,1.0,0.0,1.0,0.0,0.0,0.0,0.0,Turkey,RapiD 1.1.9-tm.1,"#turkiye,#TürkiyeEQ060223,#hotosm-project-14233,#GTM2023,#SMforST2023,#turkey,#yercizenler","{""building"": 30, ""source"": 2}","{""highway"": 1, ""source"": 1, ""building"": 1}"
128,18649493,https://www.openstreetmap.org/user/Karen%20Mae%20Silla,2023-02-21 00:00:00+00:00,2023-03-13 21:21:53+00:00,Karen Mae Silla,3.0,194.0,109.0,156.0,1.0,0.0,36.0,1.0,0.0,0.0,0.0,0.0,0.0,0.0,34.0,0.0,1.0,0.0,0.0,0.0,0.0,0.0,Syrian Arab Republic,iD 2.21.1,"#Syria,#MissingMaps,#TürkiyeEQ060223,#SMforST2023,#OMHAP,#UPTaclobanYM,#hotosm-project-14311","{""building"": 34, ""highway"": 1, ""area"": 1}","{""boundary"": 1, ""admin_level"": 1}"
129,6893376,https://www.openstreetmap.org/user/GrabID_Pramasitha,2023-02-21 00:00:00+00:00,2023-03-13 21:21:53+00:00,GrabID_Pramasitha,2.0,186.0,0.0,95.0,6.0,53.0,21.0,0.0,11.0,0.0,0.0,0.0,0.0,0.0,21.0,0.0,0.0,0.0,0.0,0.0,0.0,0.0,Turkey,RapiD 1.1.9-tm.1,"#turkiye,#TürkiyeEQ060223,#hotosm-project-14233,#GTM2023,#SMforST2023,#turkey,#yercizenler","{""building"": 21, ""source"": 20}",{}
130,2644101,https://www.openstreetmap.org/user/Chetan_Gowda,2023-02-21 00:00:00+00:00,2023-03-13 21:21:53+00:00,Chetan_Gowda,6.0,182.0,0.0,148.0,0.0,0.0,34.0,0.0,0.0,0.0,0.0,0.0,0.0,0.0,34.0,0.0,0.0,0.0,0.0,0.0,0.0,0.0,,RapiD 1.1.9-tm.1,"#turkiye,#TürkiyeEQ060223,#hotosm-project-14233,#GTM2023,#SMforST2023,#turkey,#yercizenler","{""building"": 34}",{}
131,18335689,https://www.openstreetmap.org/user/Odang%20Udjur,2023-02-21 00:00:00+00:00,2023-03-13 21:21:53+00:00,Odang Udjur,2.0,180.0,0.0,118.0,40.0,0.0,21.0,1.0,0.0,0.0,0.0,0.0,0.0,0.0,18.0,0.0,3.0,1.0,0.0,0.0,0.0,0.0,Syrian Arab Republic,iD 2.21.1,"#AKDN,#Syria,#MissingMaps,#hotosm-project-14230,#TürkiyeEQ060223,#SMforST2023,#OMHAP","{""building"": 18, ""highway"": 3}","{""highway"": 1}"
132,2326792,https://www.openstreetmap.org/user/Nofaldi,2023-02-21 00:00:00+00:00,2023-03-13 21:21:53+00:00,Nofaldi,2.0,140.0,92.0,112.0,2.0,0.0,21.0,4.0,1.0,0.0,0.0,0.0,0.0,0.0,19.0,1.0,2.0,3.0,0.0,0.0,0.0,0.0,Syrian Arab Republic,iD 2.21.1,"#AKDN,#Syria,#MissingMaps,#hotosm-project-14230,#TürkiyeEQ060223,#SMforST2023,#OMHAP","{""building"": 19, ""building:levels"": 17, ""highway"": 2}","{""highway"": 3, ""building"": 1}"
133,3116122,https://www.openstreetmap.org/user/SauravGautam,2023-02-21 00:00:00+00:00,2023-03-13 21:21:53+00:00,SauravGautam,3.0,134.0,0.0,82.0,35.0,0.0,15.0,2.0,0.0,0.0,0.0,0.0,0.0,1.0,15.0,1.0,0.0,1.0,0.0,1.0,0.0,0.0,Turkey,RapiD 1.1.9-tm.1,"#turkiye,#TürkiyeEQ060223,#hotosm-project-14233,#SMforST2023,#turkey,#yercizenler","{""building"": 15}","{""name"": 2, ""addr:city"": 1, ""addr:street"": 1, ""oneway"": 1, ""healthcare"": 1, ""highway"": 1, ""phone"": 1, ""amenity"": 1, ""building"": 1}"
134,18376950,https://www.openstreetmap.org/user/hoshimachi,2023-02-21 00:00:00+00:00,2023-03-13 21:21:53+00:00,hoshimachi,110.0,110.0,0.0,110.0,0.0,0.0,0.0,0.0,0.0,0.0,0.0,0.0,110.0,0.0,0.0,0.0,0.0,0.0,0.0,0.0,0.0,0.0,Turkey,iD 2.25.1,"#hotosm,#turkiye,#TürkiyeEQ060223,#SMforST2023,#turkey,#yercizenler,#maproulette","{""fixme"": 110, ""name"": 110, ""addr:district"": 110, ""check_date"": 110, ""source"": 110, ""note"": 110, ""shop"": 109, ""phone"": 67}",{}
135,2752849,https://www.openstreetmap.org/user/dana_jbj,2023-02-21 00:00:00+00:00,2023-03-13 21:21:53+00:00,dana_jbj,1.0,108.0,0.0,69.0,24.0,0.0,15.0,0.0,0.0,0.0,0.0,0.0,0.0,0.0,15.0,0.0,0.0,0.0,0.0,0.0,0.0,0.0,Turkey,RapiD 1.1.9-tm.1,"#turkiye,#TürkiyeEQ060223,#hotosm-project-14233,#GTM2023,#SMforST2023,#turkey,#yercizenler","{""source"": 15, ""building"": 15}",{}
136,17483480,https://www.openstreetmap.org/user/leechen,2023-02-21 00:00:00+00:00,2023-03-13 21:21:53+00:00,leechen,2.0,102.0,0.0,26.0,65.0,0.0,4.0,6.0,0.0,1.0,0.0,0.0,0.0,0.0,4.0,1.0,0.0,4.0,0.0,0.0,0.0,0.0,Syrian Arab Republic,iD 2.21.1,"#Syria,#MissingMaps,#TürkiyeEQ060223,#SMforST2023,#OMHAP,#UPTaclobanYM,#hotosm-project-14311","{""building"": 4, ""type"": 1}","{""highway"": 4, ""source"": 1, ""building"": 1}"
137,18563388,https://www.openstreetmap.org/user/Mingluan19,2023-02-21 00:00:00+00:00,2023-03-13 21:21:53+00:00,Mingluan19,1.0,91.0,0.0,40.0,34.0,4.0,12.0,0.0,1.0,0.0,0.0,0.0,0.0,0.0,12.0,0.0,0.0,0.0,0.0,0.0,0.0,0.0,Turkey,RapiD 1.1.9-tm.1,"#turkiye,#TürkiyeEQ060223,#hotosm-project-14233,#GTM2023,#SMforST2023,#turkey,#yercizenler","{""source"": 12, ""building"": 12}",{}
138,18587242,https://www.openstreetmap.org/user/andi%20arafat,2023-02-21 00:00:00+00:00,2023-03-13 21:21:53+00:00,andi arafat,1.0,85.0,0.0,74.0,0.0,0.0,11.0,0.0,0.0,0.0,0.0,0.0,0.0,0.0,11.0,0.0,0.0,0.0,0.0,0.0,0.0,0.0,Syrian Arab Republic,iD 2.21.1,#SMforST2023,"{""name"": 11, ""building"": 11}",{}
139,18589632,https://www.openstreetmap.org/user/Reyvaldi%20Mario,2023-02-21 00:00:00+00:00,2023-03-13 21:21:53+00:00,Reyvaldi Mario,2.0,77.0,0.0,62.0,0.0,0.0,15.0,0.0,0.0,0.0,0.0,0.0,0.0,0.0,15.0,0.0,0.0,0.0,0.0,0.0,0.0,0.0,Syrian Arab Republic,iD 2.21.1,"#AKDN,#Syria,#MissingMaps,#hotosm-project-14230,#TürkiyeEQ060223,#SMforST2023,#OMHAP","{""building"": 15}",{}
140,18343539,https://www.openstreetmap.org/user/caloy25,2023-02-21 00:00:00+00:00,2023-03-13 21:21:53+00:00,caloy25,54.0,58.0,0.0,55.0,2.0,0.0,0.0,1.0,0.0,0.0,0.0,0.0,54.0,2.0,0.0,1.0,0.0,0.0,0.0,0.0,0.0,0.0,Turkey,iD 2.24.2,"#hotosm,#turkiye,#TürkiyeEQ060223,#SMforST2023,#turkey,#yercizenler","{""fixme"": 54, ""name"": 54, ""addr:district"": 54, ""shop"": 54, ""check_date"": 54, ""source"": 54, ""note"": 54, ""phone"": 53}","{""source"": 3, ""fixme"": 2, ""name"": 2, ""addr:district"": 2, ""shop"": 2, ""phone"": 2, ""check_date"": 2, ""note"": 2, ""addr:housenumber"": 1, ""building"": 1}"
141,17995307,https://www.openstreetmap.org/user/Siti%20Nur%20Aisah,2023-02-21 00:00:00+00:00,2023-03-13 21:21:53+00:00,Siti Nur Aisah,1.0,55.0,0.0,40.0,0.0,4.0,10.0,0.0,1.0,0.0,0.0,0.0,0.0,0.0,10.0,0.0,0.0,0.0,0.0,0.0,0.0,0.0,Syrian Arab Republic,iD 2.21.1,"#AKDN,#Syria,#MissingMaps,#hotosm-project-14230,#TürkiyeEQ060223,#SMforST2023,#OMHAP","{""building"": 10}",{}
142,9364940,https://www.openstreetmap.org/user/MetehanOzyurek,2023-02-21 00:00:00+00:00,2023-03-13 21:21:53+00:00,MetehanOzyurek,17.0,53.0,534.0,42.0,1.0,0.0,5.0,5.0,0.0,0.0,0.0,0.0,16.0,1.0,0.0,0.0,5.0,5.0,14.0,1.0,0.0,0.0,Turkey,iD 2.25.1,"#hotosm,#turkiye,#TürkiyeEQ060223,#SMforST2023,#turkey,#yercizenler,#maproulette","{""fixme"": 16, ""name"": 16, ""addr:district"": 16, ""phone"": 16, ""check_date"": 16, ""source"": 16, ""note"": 16, ""healthcare"": 14, ""amenity"": 14, ""highway"": 5, ""shop"": 2}","{""highway"": 5, ""source"": 5, ""oneway"": 3, ""ref"": 3, ""surface"": 2, ""name"": 2, ""fixme"": 1, ""check_date"": 1, ""healthcare"": 1, ""lanes"": 1, ""addr:district"": 1, ""maxspeed"": 1, ""phone"": 1, ""amenity"": 1, ""note"": 1}"
143,18343560,https://www.openstreetmap.org/user/Gen%20Yang,2023-02-21 00:00:00+00:00,2023-03-13 21:21:53+00:00,Gen Yang,47.0,52.0,0.0,50.0,0.0,0.0,0.0,2.0,0.0,0.0,0.0,0.0,47.0,0.0,0.0,1.0,0.0,1.0,0.0,0.0,0.0,0.0,Turkey,iD 2.24.2,"#hotosm,#turkiye,#TürkiyeEQ060223,#SMforST2023,#turkey,#yercizenler","{""fixme"": 47, ""name"": 47, ""addr:district"": 47, ""shop"": 47, ""phone"": 47, ""check_date"": 47, ""source"": 47, ""note"": 47}","{""highway"": 1, ""name"": 1, ""building"": 1}"
144,18474254,https://www.openstreetmap.org/user/ligawnageographer,2023-02-21 00:00:00+00:00,2023-03-13 21:21:53+00:00,ligawnageographer,33.0,50.0,0.0,28.0,20.0,0.0,0.0,2.0,0.0,0.0,0.0,0.0,28.0,5.0,0.0,1.0,0.0,0.0,28.0,5.0,0.0,0.0,Turkey,iD 2.24.2,"#hotosm,#turkiye,#TürkiyeEQ060223,#SMforST2023,#turkey,#yercizenler","{""fixme"": 28, ""name"": 28, ""healthcare"": 28, ""addr:district"": 28, ""check_date"": 28, ""source"": 28, ""amenity"": 28, ""note"": 28}","{""fixme"": 5, ""name"": 5, ""healthcare"": 5, ""addr:district"": 5, ""check_date"": 5, ""source"": 5, ""amenity"": 5, ""note"": 5, ""phone"": 3, ""landuse"": 1, ""building"": 1}"
145,8143075,https://www.openstreetmap.org/user/12jennys,2023-02-21 00:00:00+00:00,2023-03-13 21:21:53+00:00,12jennys,1.0,48.0,79.0,37.0,0.0,0.0,10.0,1.0,0.0,0.0,0.0,0.0,0.0,0.0,9.0,0.0,1.0,1.0,0.0,0.0,0.0,0.0,Turkey,RapiD 1.1.9-tm.1,"#turkiye,#TürkiyeEQ060223,#hotosm-project-14233,#GTM2023,#SMforST2023,#turkey,#yercizenler","{""source"": 10, ""building"": 9, ""highway"": 1}","{""highway"": 1}"
146,18343542,https://www.openstreetmap.org/user/Angge26,2023-02-21 00:00:00+00:00,2023-03-13 21:21:53+00:00,Angge26,43.0,46.0,0.0,43.0,1.0,1.0,0.0,1.0,0.0,0.0,0.0,0.0,42.0,1.0,0.0,0.0,0.0,1.0,0.0,0.0,0.0,0.0,Turkey,iD 2.24.2,"#hotosm,#turkiye,#TürkiyeEQ060223,#SMforST2023,#turkey,#yercizenler","{""fixme"": 42, ""name"": 42, ""addr:district"": 42, ""shop"": 42, ""check_date"": 42, ""source"": 42, ""note"": 42, ""phone"": 41}","{""source"": 2, ""fixme"": 1, ""check_date"": 1, ""name"": 1, ""highway"": 1, ""addr:district"": 1, ""shop"": 1, ""phone"": 1, ""ref"": 1, ""note"": 1}"
147,18343563,https://www.openstreetmap.org/user/Suvemellia18,2023-02-21 00:00:00+00:00,2023-03-13 21:21:53+00:00,Suvemellia18,38.0,42.0,0.0,40.0,0.0,0.0,0.0,2.0,0.0,0.0,0.0,0.0,38.0,0.0,0.0,1.0,0.0,0.0,0.0,0.0,0.0,0.0,Turkey,iD 2.24.2,"#hotosm,#turkiye,#TürkiyeEQ060223,#SMforST2023,#turkey,#yercizenler","{""fixme"": 38, ""name"": 38, ""addr:district"": 38, ""shop"": 38, ""phone"": 38, ""check_date"": 38, ""source"": 38, ""note"": 38}","{""admin_level"": 1, ""source"": 1, ""boundary"": 1, ""building"": 1}"
148,17895912,https://www.openstreetmap.org/user/GUY%20ROLAND%20ZAMBLE,2023-02-21 00:00:00+00:00,2023-03-13 21:21:53+00:00,GUY ROLAND ZAMBLE,1.0,41.0,0.0,26.0,0.0,6.0,8.0,0.0,1.0,0.0,0.0,0.0,0.0,0.0,8.0,0.0,0.0,0.0,0.0,0.0,0.0,0.0,Turkey,iD 2.24.2,"#hotosm,#turkiye,#TürkiyeEQ060223,#SMforST2023,#turkey,#yercizenler,#maproulette","{""building"": 8}",{}
149,4831756,https://www.openstreetmap.org/user/sagarawrz07,2023-02-21 00:00:00+00:00,2023-03-13 21:21:53+00:00,sagarawrz07,26.0,36.0,0.0,24.0,9.0,0.0,0.0,3.0,0.0,0.0,0.0,0.0,24.0,0.0,0.0,2.0,0.0,0.0,23.0,2.0,0.0,0.0,Turkey,iD 2.25.1,"#hotosm,#turkiye,#TürkiyeEQ060223,#SMforST2023,#turkey,#yercizenler,#maproulette","{""fixme"": 24, ""name"": 24, ""addr:district"": 24, ""phone"": 24, ""check_date"": 24, ""source"": 24, ""note"": 24, ""healthcare"": 23, ""amenity"": 23, ""shop"": 1}","{""fixme"": 2, ""name"": 2, ""healthcare"": 2, ""addr:district"": 2, ""phone"": 2, ""check_date"": 2, ""source"": 2, ""amenity"": 2, ""note"": 2, ""building"": 2}"
150,6058023,https://www.openstreetmap.org/user/muziriana,2023-02-21 00:00:00+00:00,2023-03-13 21:21:53+00:00,muziriana,1.0,31.0,0.0,14.0,14.0,0.0,2.0,1.0,0.0,0.0,0.0,0.0,0.0,0.0,2.0,1.0,0.0,0.0,0.0,0.0,0.0,0.0,Turkey,RapiD 1.1.9-tm.1,"#turkiye,#TürkiyeEQ060223,#hotosm-project-14233,#GTM2023,#SMforST2023,#turkey,#yercizenler","{""source"": 2, ""building"": 2}","{""building"": 1}"
151,18343552,https://www.openstreetmap.org/user/shela005,2023-02-21 00:00:00+00:00,2023-03-13 21:21:53+00:00,shela005,27.0,30.0,0.0,22.0,7.0,0.0,0.0,1.0,0.0,0.0,0.0,0.0,21.0,7.0,0.0,1.0,0.0,0.0,0.0,0.0,0.0,0.0,Turkey,iD 2.24.2,"#hotosm,#turkiye,#TürkiyeEQ060223,#SMforST2023,#turkey,#yercizenler","{""fixme"": 21, ""name"": 21, ""addr:district"": 21, ""phone"": 21, ""check_date"": 21, ""source"": 21, ""note"": 21, ""shop"": 20}","{""fixme"": 7, ""name"": 7, ""addr:district"": 7, ""shop"": 7, ""phone"": 7, ""check_date"": 7, ""source"": 7, ""note"": 7, ""building"": 1}"
152,18413467,https://www.openstreetmap.org/user/alprdmrl1,2023-02-21 00:00:00+00:00,2023-03-13 21:21:53+00:00,alprdmrl1,5.0,28.0,0.0,9.0,18.0,0.0,1.0,0.0,0.0,0.0,0.0,0.0,5.0,2.0,1.0,0.0,0.0,0.0,5.0,0.0,0.0,0.0,Turkey,iD 2.25.1,"#hotosm,#turkiye,#TürkiyeEQ060223,#SMforST2023,#turkey,#yercizenler","{""fixme"": 5, ""name"": 5, ""healthcare"": 5, ""addr:district"": 5, ""phone"": 5, ""check_date"": 5, ""source"": 5, ""amenity"": 5, ""note"": 5, ""building"": 1}","{""fixme"": 2, ""name"": 2, ""addr:district"": 2, ""shop"": 2, ""phone"": 2, ""check_date"": 2, ""source"": 2, ""note"": 2}"
153,18343558,https://www.openstreetmap.org/user/JanelleRose,2023-02-21 00:00:00+00:00,2023-03-13 21:21:53+00:00,JanelleRose,20.0,22.0,0.0,20.0,1.0,0.0,0.0,1.0,0.0,0.0,0.0,0.0,19.0,1.0,0.0,0.0,0.0,0.0,0.0,1.0,0.0,0.0,Turkey,iD 2.24.2,"#hotosm,#turkiye,#TürkiyeEQ060223,#SMforST2023,#turkey,#yercizenler","{""fixme"": 19, ""name"": 19, ""addr:district"": 19, ""shop"": 19, ""phone"": 19, ""check_date"": 19, ""source"": 19, ""note"": 19}","{""fixme"": 1, ""source"": 1, ""name"": 1, ""healthcare"": 1, ""addr:district"": 1, ""check_date"": 1, ""boundary"": 1, ""amenity"": 1, ""note"": 1}"
154,18343551,https://www.openstreetmap.org/user/Exodus101,2023-02-21 00:00:00+00:00,2023-03-13 21:21:53+00:00,Exodus101,18.0,18.0,0.0,18.0,0.0,0.0,0.0,0.0,0.0,0.0,0.0,0.0,18.0,0.0,0.0,0.0,0.0,0.0,0.0,0.0,0.0,0.0,Turkey,iD 2.24.2,"#hotosm,#turkiye,#TürkiyeEQ060223,#SMforST2023,#turkey,#yercizenler","{""fixme"": 18, ""name"": 18, ""addr:district"": 18, ""shop"": 18, ""phone"": 18, ""check_date"": 18, ""source"": 18, ""note"": 18}",{}
155,17995152,https://www.openstreetmap.org/user/Zuni_,2023-02-21 00:00:00+00:00,2023-03-13 21:21:53+00:00,Zuni_,2.0,12.0,0.0,8.0,0.0,0.0,4.0,0.0,0.0,0.0,0.0,0.0,0.0,0.0,4.0,0.0,0.0,0.0,0.0,0.0,0.0,0.0,Syrian Arab Republic,iD 2.21.1,"#AKDN,#Syria,#MissingMaps,#hotosm-project-14230,#TürkiyeEQ060223,#SMforST2023,#OMHAP","{""building"": 4}",{}
156,18343569,https://www.openstreetmap.org/user/Gwen0523,2023-02-21 00:00:00+00:00,2023-03-13 21:21:53+00:00,Gwen0523,12.0,12.0,0.0,12.0,0.0,0.0,0.0,0.0,0.0,0.0,0.0,0.0,12.0,0.0,0.0,0.0,0.0,0.0,0.0,0.0,0.0,0.0,Turkey,iD 2.24.2,"#hotosm,#turkiye,#TürkiyeEQ060223,#SMforST2023,#turkey,#yercizenler","{""fixme"": 12, ""name"": 12, ""addr:district"": 12, ""shop"": 12, ""phone"": 12, ""check_date"": 12, ""source"": 12, ""note"": 12}",{}
157,617226,https://www.openstreetmap.org/user/harrymahar,2023-02-21 00:00:00+00:00,2023-03-13 21:21:53+00:00,harrymahar,1.0,10.0,0.0,8.0,0.0,0.0,2.0,0.0,0.0,0.0,0.0,0.0,0.0,0.0,2.0,0.0,0.0,0.0,0.0,0.0,0.0,0.0,Syrian Arab Republic,iD 2.21.1,"#Syria,#MissingMaps,#TürkiyeEQ060223,#SMforST2023,#OMHAP,#hotosm-project-14311","{""building"": 2}",{}
158,2111087,https://www.openstreetmap.org/user/asturksever,2023-02-21 00:00:00+00:00,2023-03-13 21:21:53+00:00,asturksever,5.0,8.0,0.0,7.0,0.0,0.0,0.0,1.0,0.0,0.0,0.0,0.0,3.0,0.0,0.0,1.0,0.0,0.0,0.0,0.0,0.0,0.0,Turkey,"iD 2.25.1,RapiD 1.1.9","#hotosm,#turkiye,#TürkiyeEQ060223,#SMforST2023,#turkey,#yercizenler,#maproulette","{""name"": 3, ""shop"": 3, ""brand:wikidata"": 3, ""brand"": 3}","{""name"": 1, ""shop"": 1, ""building"": 1}"
159,18343555,https://www.openstreetmap.org/user/reniellove,2023-02-21 00:00:00+00:00,2023-03-13 21:21:53+00:00,reniellove,5.0,5.0,0.0,5.0,0.0,0.0,0.0,0.0,0.0,0.0,0.0,0.0,5.0,0.0,0.0,0.0,0.0,0.0,0.0,0.0,0.0,0.0,Turkey,iD 2.24.2,"#hotosm,#turkiye,#TürkiyeEQ060223,#SMforST2023,#turkey,#yercizenler","{""fixme"": 5, ""name"": 5, ""addr:district"": 5, ""shop"": 5, ""phone"": 5, ""check_date"": 5, ""source"": 5, ""note"": 5}",{}
160,584117,https://www.openstreetmap.org/user/unen,2023-02-21 00:00:00+00:00,2023-03-13 21:21:53+00:00,unen,5.0,5.0,0.0,4.0,1.0,0.0,0.0,0.0,0.0,0.0,0.0,0.0,4.0,1.0,0.0,0.0,0.0,0.0,0.0,0.0,0.0,0.0,Turkey,iD 2.24.2,"#hotosm,#turkiye,#TürkiyeEQ060223,#SMforST2023,#turkey,#yercizenler,#maproulette","{""fixme"": 4, ""name"": 4, ""addr:district"": 4, ""shop"": 4, ""check_date"": 4, ""source"": 4, ""note"": 4, ""phone"": 2, ""brand"": 1, ""brand:wikidata"": 1}","{""fixme"": 1, ""addr:street"": 1, ""name"": 1, ""brand"": 1, ""addr:district"": 1, ""shop"": 1, ""phone"": 1, ""check_date"": 1, ""source"": 1, ""brand:wikidata"": 1}"
161,4396490,https://www.openstreetmap.org/user/ikopanjirukmana,2023-02-21 00:00:00+00:00,2023-03-13 21:21:53+00:00,ikopanjirukmana,1.0,5.0,0.0,4.0,0.0,0.0,1.0,0.0,0.0,0.0,0.0,0.0,0.0,0.0,1.0,0.0,0.0,0.0,0.0,0.0,0.0,0.0,Syrian Arab Republic,iD 2.21.1,"#AKDN,#Syria,#MissingMaps,#hotosm-project-14230,#TürkiyeEQ060223,#SMforST2023,#OMHAP","{""building"": 1}",{}
162,8105430,https://www.openstreetmap.org/user/Larmax,2023-02-21 00:00:00+00:00,2023-03-13 21:21:53+00:00,Larmax,2.0,2.0,0.0,2.0,0.0,0.0,0.0,0.0,0.0,0.0,0.0,0.0,2.0,0.0,0.0,0.0,0.0,0.0,2.0,0.0,0.0,0.0,Turkey,JOSM/1.5 (18678 en),"#hotosm,#turkiye,#TürkiyeEQ060223,#SMforST2023,#turkey,#yercizenler","{""fixme"": 2, ""name"": 2, ""healthcare"": 2, ""addr:district"": 2, ""phone"": 2, ""check_date"": 2, ""source"": 2, ""amenity"": 2, ""note"": 2}",{}
163,8726248,https://www.openstreetmap.org/user/traveleditor,2023-02-21 00:00:00+00:00,2023-03-13 21:21:53+00:00,traveleditor,1.0,1.0,0.0,1.0,0.0,0.0,0.0,0.0,0.0,0.0,0.0,0.0,1.0,0.0,0.0,0.0,0.0,0.0,1.0,0.0,0.0,0.0,Turkey,iD 2.25.1,"#hotosm,#turkiye,#TürkiyeEQ060223,#SMforST2023,#turkey,#yercizenler","{""fixme"": 1, ""name"": 1, ""healthcare"": 1, ""addr:district"": 1, ""phone"": 1, ""check_date"": 1, ""source"": 1, ""amenity"": 1, ""note"": 1}",{}
