rank,uid,profile,start_date,end_date,name,changesets,map_changes,nodes.create,nodes.modify,nodes.delete,ways.create,ways.modify,ways.delete,relations.create,relations.modify,relations.delete,poi.create,poi.modify,building.create,building.modify,waterway.create,waterway.modify,amenity.create,amenity.modify,natural.create,natural.modify,water.create,water.modify,countries,editors,hashtags,tags_create,tags_modify
1,7159298,https://www.openstreetmap.org/user/KingVik,2024-08-26 00:00:00+00:00,2024-10-10 01:17:46+00:00,KingVik,906.0,68861.0,31046.0,14602.0,1997.0,3433.0,17640.0,135.0,1.0,7.0,0.0,5.0,445.0,1.0,1.0,3.0,4.0,0.0,0.0,3421.0,17601.0,3418.0,17568.0,"Ethiopia,Nigeria,Somalia","JOSM/1.5 (19207 en),JOSM/1.5 (19160 en)","#fao_swalim,#hotosm-project-17537,#watersurfacemapping2024,#hotosm-project-17559,#hotosm-project-17522,#omhesa,#hotosm-project-17255,#ESA3rdPassValidations,#hotosm-project-17561,#hotosm-project-17254,#hotosm-project-17258,#ESA3rdPassValidation,#hotosm-project-17257,#hotosm-project-17429,#hotosm-project-17462,#LA,#hotosm-project-17560,#hotosm-project-17538,#hotosm-project-17256,#hotosm-project-17457,#hotosm-project-17399,#hotosm-project-17558","{""natural"": 3421, ""water"": 3418, ""shape"": 3096, ""description"": 3032, ""category"": 131, ""seasonal"": 15, ""intermittent"": 9, ""highway"": 8, ""ship"": 3, ""motorboat"": 3, ""boat"": 3, ""name"": 3, ""waterway"": 3, ""surface"": 2, ""ford"": 1, ""building"": 1, ""source"": 1, ""barrier"": 1, ""way"": 1, ""tracktype"": 1, ""reservoir_type"": 1, ""attribution"": 1, ""type"": 1}","{""natural"": 17601, ""water"": 17568, ""description"": 17170, ""shape"": 17060, ""category"": 15746, ""intermittent"": 894, ""seasonal"": 326, ""highway"": 39, ""source"": 39, ""basin"": 37, ""name"": 34, ""reservoir_type"": 31, ""man_made"": 20, ""surface"": 16, ""gns:modify_date"": 14, ""gns:type"": 14, ""gns:ufi"": 14, ""tracktype"": 13, ""source:date"": 12, ""attribution"": 12, ""retention"": 7, ""type"": 7, ""gns:name:generic"": 5, ""fixme"": 4, ""barrier"": 4, ""waterway"": 4, ""alt_name"": 3, ""value"": 3, ""motorboat"": 1, ""boat"": 1, ""ford"": 1, ""name:ar"": 1, ""building"": 1, ""oneway"": 1, ""lanes"": 1, ""ship"": 1, ""ref"": 1}"
2,4570042,https://www.openstreetmap.org/user/Peter%20Agenga,2024-08-26 00:00:00+00:00,2024-10-10 01:17:46+00:00,Peter Agenga,721.0,52663.0,14231.0,17021.0,12621.0,2853.0,5499.0,338.0,0.0,75.0,25.0,0.0,0.0,0.0,5.0,0.0,17.0,0.0,0.0,2846.0,5438.0,2846.0,5384.0,"Somalia,Ethiopia",JOSM/1.5 (19160 en),"#hotosm-project-17462,#hotosm-project-17455,#hotosm-project-17256,#fao_swalim,#hotosm-project-17561,#hotosm-project-17539,#hotosm-project-17397,#hotosm-project-17254,#hotosm-project-17457,#LA,#hotosm-project-17560,#watersurfacemapping2024,#hotosm-project-17396,#hotosm-project-17257,#hotosm-project-17411,#omhesa","{""water"": 2846, ""natural"": 2846, ""description"": 2716, ""shape"": 2714, ""category"": 510, ""seasonal"": 55, ""intermittent"": 35, ""highway"": 3, ""source"": 3, ""landuse"": 3, ""surface"": 2, ""gns:modify_date"": 1, ""gns:type"": 1, ""name"": 1, ""reservoir"": 1, ""source:date"": 1, ""barrier"": 1, ""gns:ufi"": 1}","{""natural"": 5438, ""water"": 5384, ""description"": 5369, ""shape"": 5368, ""category"": 2282, ""intermittent"": 913, ""seasonal"": 581, ""source"": 77, ""type"": 75, ""landuse"": 60, ""name"": 46, ""gns:modify_date"": 35, ""gns:type"": 35, ""gns:ufi"": 35, ""highway"": 34, ""source:date"": 26, ""surface"": 24, ""reservoir"": 24, ""waterway"": 17, ""source:ref"": 13, ""barrier"": 10, ""tracktype"": 7, ""attribution"": 7, ""building"": 5, ""alt_name"": 2, ""geological"": 2, ""gns:name:generic"": 2, ""basin"": 2, ""false"": 1}"
3,7898946,https://www.openstreetmap.org/user/Samwel%20Kyando,2024-08-26 00:00:00+00:00,2024-10-10 01:17:46+00:00,Samwel Kyando,746.0,32927.0,17322.0,4610.0,3406.0,3420.0,3777.0,383.0,0.0,6.0,3.0,33.0,66.0,38.0,8.0,0.0,2.0,0.0,0.0,3399.0,3717.0,3395.0,3698.0,"Somalia,Ethiopia",JOSM/1.5 (19160 en),"#hotosm-project-17462,#hotosm-project-17455,#hotosm-project-17256,#fao_swalim,#hotosm-project-17254,#hotosm-project-17398,#hotosm-project-17454,#hotosm-project-17536,#hotosm-project-17428,#LA,#watersurfacemapping2024,#hotosm-project-17453,#hotosm-project-17559,#hotosm-project-17257,#omhesa,#hotosm-project-17429","{""natural"": 3399, ""water"": 3395, ""description"": 3036, ""shape"": 3004, ""category"": 408, ""building"": 38, ""name"": 26, ""ford"": 1}","{""description"": 3734, ""natural"": 3717, ""water"": 3698, ""shape"": 3642, ""category"": 1726, ""seasonal"": 158, ""intermittent"": 136, ""reservoir_type"": 54, ""basin"": 31, ""highway"": 25, ""landuse"": 19, ""barrier"": 13, ""building"": 8, ""surface"": 8, ""attribution"": 8, ""source"": 7, ""tracktype"": 7, ""source:ref"": 6, ""retention"": 6, ""type"": 6, ""name"": 5, ""wetland"": 4, ""reservoir"": 3, ""waterway"": 2, ""gns:modify_date"": 1, ""gns:type"": 1, ""alt_name"": 1, ""alt_name2"": 1, ""place"": 1, ""gns:ufi"": 1}"
4,10294659,https://www.openstreetmap.org/user/charles%20chilufya,2024-08-26 00:00:00+00:00,2024-10-10 01:17:46+00:00,charles chilufya,591.0,24941.0,16570.0,3449.0,654.0,2113.0,2068.0,84.0,2.0,1.0,0.0,211.0,914.0,1.0,1.0,0.0,2.0,0.0,0.0,2110.0,2057.0,2080.0,2048.0,"Somalia,Ethiopia",JOSM/1.5 (19160 en),"#hotosm-project-17427,#fao_swalim,#modified,#watersurfacemapping2024,#hotosm-project-17411,#omhesa,#hotosm-project-17254,#hotosm-project-17257,#hotosm-project-17462,#hotosm-project-17397,#hotosm-project-17464,#LA,#hotosm-project-17560,#hotosm-project-17456,#hotosm-project-17396,#hotosm-project-17455,#hotosm-project-17256,#hotosm-project-17539,#hotosm-project-17457","{""description"": 2270, ""natural"": 2110, ""water"": 2080, ""shape"": 2065, ""category"": 410, ""intermittent"": 53, ""seasonal"": 50, ""reservoir"": 8, ""man_made"": 5, ""source"": 4, ""reservoir_type"": 4, ""gns:modify_date"": 2, ""gns:type"": 2, ""name"": 2, ""Description"": 2, ""source:date"": 2, ""gns:ufi"": 2, ""IP:"": 2, ""type"": 2, ""building"": 1, ""Charles"": 1, ""ZMW"": 1, ""ZNCOZMLU"": 1, ""ZAMBIA"": 1, ""_man"": 1, ""Shape"": 1}","{""description"": 2909, ""natural"": 2057, ""water"": 2048, ""shape"": 1985, ""category"": 1261, ""seasonal"": 340, ""intermittent"": 308, ""reservoir"": 64, ""source"": 41, ""man_made"": 35, ""name"": 21, ""source:date"": 20, ""gns:modify_date"": 19, ""gns:type"": 19, ""gns:ufi"": 19, ""reservoir_type"": 12, ""landuse"": 7, ""attribution"": 3, ""highway"": 3, ""surface"": 3, ""gns:name:generic"": 2, ""waterway"": 2, ""tracktype"": 2, ""retention"": 2, ""building"": 1, ""alt_name"": 1, ""Charles"": 1, ""ZMW"": 1, ""ZNCOZMLU"": 1, ""ZAMBIA"": 1, ""_man"": 1, ""barrier"": 1, ""type"": 1}"
5,14364367,https://www.openstreetmap.org/user/severino%20chundu,2024-08-26 00:00:00+00:00,2024-10-10 01:17:46+00:00,severino chundu,359.0,23140.0,15247.0,3638.0,436.0,3093.0,706.0,20.0,0.0,0.0,0.0,0.0,34.0,0.0,0.0,0.0,3.0,0.0,0.0,2778.0,695.0,2778.0,681.0,"Somalia,Ethiopia","JOSM/1.5 (18789 en),JOSM/1.5 (19160 en)","#fao_swalim,#modified,#SAdded,#Modified,#Added,#Addede,#LA,#watersurfacemapping2024,#omhesa","{""water"": 2778, ""natural"": 2778, ""description"": 2773, ""shape"": 2771, ""landuse"": 313, ""reservoir_type"": 312, ""Natural"": 2}","{""description"": 707, ""natural"": 695, ""water"": 681, ""shape"": 676, ""intermittent"": 336, ""seasonal"": 239, ""man_made"": 30, ""source"": 26, ""name"": 22, ""gns:modify_date"": 17, ""gns:type"": 17, ""gns:ufi"": 17, ""source:ref"": 13, ""reservoir_type"": 9, ""source:date"": 8, ""landuse"": 5, ""alt_name"": 4, ""highway"": 3, ""surface"": 3, ""place"": 3, ""waterway"": 3, ""ford"": 1, ""alt_name2"": 1, ""pcode"": 1}"
6,6201821,https://www.openstreetmap.org/user/Walter%20Mayeku,2024-08-26 00:00:00+00:00,2024-10-10 01:17:46+00:00,Walter Mayeku,340.0,21955.0,9875.0,6676.0,1544.0,1708.0,1987.0,165.0,0.0,0.0,0.0,72.0,599.0,0.0,4.0,0.0,0.0,0.0,0.0,1707.0,1979.0,1704.0,1979.0,"Somalia,Ethiopia","JOSM/1.5 (19160 en),JOSM/1.5 (19128 en)","#hotosm-project-17255,#fao_swalim,#hotosm-project-17254,#hotosm-project-17398,#hotosm-project-17454,#hotosm-project-17536,#LA,#watersurfacemapping2024,#hotosm-project-17453,#hotosm-project-17560,#hotosm-project-17559,#hotosm-project-17257,#omhesa","{""natural"": 1707, ""water"": 1704, ""description"": 1671, ""shape"": 1574, ""category"": 433, ""reservoir"": 7, ""seasonal"": 6, ""man_made"": 3, ""intermittent"": 3}","{""shape"": 2443, ""description"": 2255, ""water"": 1979, ""natural"": 1979, ""category"": 1575, ""seasonal"": 200, ""reservoir"": 126, ""intermittent"": 93, ""source:ref"": 9, ""name"": 9, ""gns:modify_date"": 7, ""gns:type"": 7, ""source"": 7, ""gns:ufi"": 7, ""alt_name"": 6, ""building"": 4, ""highway"": 3, ""surface"": 2, ""landuse"": 2, ""name:ar"": 1, ""basin"": 1, ""tracktype"": 1, ""attribution"": 1}"
7,9449463,https://www.openstreetmap.org/user/Mercy14846,2024-08-26 00:00:00+00:00,2024-10-10 01:17:46+00:00,Mercy14846,1059.0,20586.0,5621.0,9773.0,1397.0,679.0,2897.0,168.0,0.0,51.0,0.0,0.0,133.0,0.0,1.0,0.0,4.0,0.0,0.0,676.0,2921.0,675.0,2871.0,"Kenya,Somalia,Ethiopia",JOSM/1.5 (19017 en),"#hotosm-project-17427,#fao_swalim,#hotosm-project-17454,#hotosm-project-17533,#watersurfacemapping2024,#hotosm-project-17559,#omhesa,#hotosm-project-17561,#hotosm-project-17254,#hotosm-project-17429,#hotosm-project-17540,#hotosm-project-17462,#hotosm-project-17464,#LA,#hotosm-project-17396,#hotosm-project-17538,#hotosm-project-17457,#hotosm-project-17557,#hotosm-project-17461,#hotosm-project-17558","{""natural"": 676, ""water"": 675, ""shape"": 599, ""description"": 596, ""category"": 103, ""zoo"": 2, ""man_made"": 1, ""intermittent"": 1}","{""natural"": 2921, ""description"": 2874, ""water"": 2871, ""shape"": 2843, ""category"": 1764, ""intermittent"": 770, ""seasonal"": 748, ""ford"": 132, ""type"": 51, ""source"": 36, ""source:date"": 19, ""name"": 19, ""source:ref"": 18, ""gns:modify_date"": 17, ""gns:type"": 17, ""gns:ufi"": 17, ""landuse"": 16, ""reservoir"": 15, ""man_made"": 9, ""alt_name"": 6, ""highway"": 5, ""surface"": 5, ""attribution"": 4, ""waterway"": 4, ""barrier"": 3, ""tracktype"": 3, ""gns:name:variants"": 2, ""way"": 2, ""fixme"": 1, ""name:ar"": 1, ""building"": 1, ""name:en"": 1, ""alt_name:ar"": 1, ""name:ru"": 1, ""gns:name:generic"": 1, ""wikidata"": 1, ""name:so"": 1}"
8,8970545,https://www.openstreetmap.org/user/Becky%20Candy,2024-08-26 00:00:00+00:00,2024-10-10 01:17:46+00:00,Becky Candy,238.0,19711.0,4265.0,1939.0,6208.0,961.0,5625.0,713.0,0.0,0.0,0.0,0.0,11.0,4.0,3.0,0.0,0.0,0.0,0.0,957.0,5624.0,956.0,5609.0,"Somalia,Ethiopia","iD 2.21.1,JOSM/1.5 (19128 en)","#hotosm-project-17255,#hotosm-project-17427,#fao_swalim,#hotosm-project-17539,#hotosm-project-17397,#hotosm-project-17254,#hotosm-project-17536,#hotosm-project-17557,#hotosm-project-17428,#LA,#watersurfacemapping2024,#hotosm-project-17258,#hotosm-project-17559,#omhesa,#hotosm-project-17540,#hotosm-project-17411,#hotosm-project-17522","{""natural"": 957, ""water"": 956, ""description"": 617, ""shape"": 617, ""category"": 5, ""building"": 4, ""name"": 1}","{""natural"": 5624, ""water"": 5609, ""description"": 4329, ""shape"": 4277, ""category"": 3591, ""intermittent"": 868, ""seasonal"": 71, ""name"": 57, ""source"": 55, ""gns:modify_date"": 48, ""gns:ufi"": 48, ""gns:type"": 47, ""source:date"": 8, ""name:ar"": 3, ""building"": 3, ""alt_name"": 3, ""gns:name:generic"": 3, ""reservoir_type"": 3, ""man_made"": 2, ""source:ref"": 1, ""gns:name:variants"": 1, ""landuse"": 1}"
9,18967641,https://www.openstreetmap.org/user/Brendar%20with%20an%20%27R%27,2024-08-26 00:00:00+00:00,2024-10-10 01:17:46+00:00,Brendar with an 'R',638.0,16692.0,9128.0,2554.0,1406.0,1869.0,1601.0,134.0,0.0,0.0,0.0,0.0,2.0,0.0,2.0,0.0,2.0,0.0,0.0,1866.0,1586.0,1866.0,1582.0,"Somalia,Ethiopia","JOSM/1.5 (19039 en),iD 2.21.1","#hotosm-project-17427,#hotosm-project-17455,#fao_swalim,#hotosm-project-17561,#hotosm-project-17541,#hotosm-project-17464,#hotosm-project-17454,#hotosm-project-17536,#hotosm-project-17537,#hotosm-project-17559,#LA,#hotosm-project-17560,#watersurfacemapping2024,#hotosm-project-17456,#hotosm-project-17257,#omhesa,#hotosm-project-17411,#hotosm-project-17429","{""description"": 1868, ""natural"": 1866, ""water"": 1866, ""shape"": 1866, ""category"": 249, ""intermittent"": 6}","{""natural"": 1586, ""description"": 1583, ""water"": 1582, ""shape"": 1571, ""category"": 916, ""seasonal"": 354, ""intermittent"": 304, ""source"": 14, ""name"": 9, ""source:date"": 9, ""landuse"": 8, ""source:ref"": 7, ""reservoir"": 7, ""alt_name"": 4, ""gns:modify_date"": 3, ""surface"": 3, ""gns:ufi"": 3, ""reservoir_type"": 3, ""building"": 2, ""gns:type"": 2, ""highway"": 2, ""place"": 2, ""waterway"": 2, ""tracktype"": 2, ""attribution"": 2, ""fixme"": 1, ""gns:name:variants"": 1, ""man_made"": 1, ""basin"": 1, ""note"": 1}"
10,13352087,https://www.openstreetmap.org/user/King%20edgar,2024-08-26 00:00:00+00:00,2024-10-10 01:17:46+00:00,King edgar,823.0,16525.0,7748.0,3631.0,1358.0,1594.0,2068.0,122.0,0.0,4.0,0.0,0.0,0.0,0.0,1.0,0.0,1.0,0.0,0.0,1594.0,2066.0,1593.0,2060.0,"Somalia,Ethiopia","JOSM/1.5 (19096 en),JOSM/1.5 (19160 en)","#hotosm-project-17538,#hotosm-project-17427,#fao_swalim,#hotosm-project-17561,#hotosm-project-17254,#hotosm-project-17454,#hotosm-project-17533,#hotosm-project-17557,#hotosm-project-17559,#LA,#watersurfacemapping2024,#hotosm-project-17522,#hotosm-project-17558,#hotosm-project-17396,#hotosm-project-17461,#omhesa,#hotosm-project-17540,#hotosm-project-17429","{""natural"": 1594, ""water"": 1593, ""description"": 1555, ""shape"": 1555, ""category"": 302, ""fixme"": 14, ""intermittent"": 9, ""man_made"": 4}","{""natural"": 2066, ""description"": 2062, ""water"": 2060, ""shape"": 2058, ""category"": 1407, ""seasonal"": 484, ""intermittent"": 440, ""source"": 36, ""reservoir"": 31, ""source:date"": 25, ""fixme"": 16, ""name"": 11, ""man_made"": 10, ""gns:modify_date"": 8, ""gns:type"": 8, ""gns:ufi"": 8, ""source:ref"": 5, ""type"": 4, ""landuse"": 3, ""alt_name"": 2, ""highway"": 2, ""building"": 1, ""zoo"": 1, ""surface"": 1, ""wetland"": 1, ""source:name"": 1, ""waterway"": 1, ""tracktype"": 1, ""attribution"": 1}"
11,21876199,https://www.openstreetmap.org/user/Ahmednasir_Abdi,2024-08-26 00:00:00+00:00,2024-10-10 01:17:46+00:00,Ahmednasir_Abdi,1835.0,15610.0,10981.0,383.0,2097.0,1370.0,568.0,209.0,0.0,2.0,0.0,1.0,6.0,0.0,1.0,0.0,3.0,0.0,0.0,1369.0,540.0,1361.0,535.0,"Somalia,Ethiopia","JOSM/1.5 (19207 en),JOSM/1.5 (19160 en)","#hotosm-project-17462,#fao_swalim,#hotosm-project-17561,#hotosm-project-17464,#hotosm-project-17254,#hotosm-project-17536,#hotosm-project-17533,#hotosm-project-17428,#LA,#hotosm-project-17560,#watersurfacemapping2024,#hotosm-project-17258,#hotosm-project-17465,#hotosm-project-17461,#omhesa,#hotosm-project-17429","{""natural"": 1369, ""water"": 1361, ""shape"": 1231, ""description"": 1230, ""name"": 3}","{""natural"": 540, ""shape"": 536, ""water"": 535, ""description"": 535, ""seasonal"": 101, ""intermittent"": 62, ""highway"": 21, ""barrier"": 5, ""waterway"": 3, ""man_made"": 3, ""name"": 2, ""surface"": 2, ""tracktype"": 2, ""attribution"": 2, ""type"": 2, ""building"": 1, ""alt_name"": 1, ""place"": 1, ""source"": 1, ""landuse"": 1}"
12,15676829,https://www.openstreetmap.org/user/KASOZI%20DENIS,2024-08-26 00:00:00+00:00,2024-10-10 01:17:46+00:00,KASOZI DENIS,354.0,15343.0,11684.0,1649.0,131.0,1717.0,141.0,19.0,0.0,2.0,0.0,22.0,44.0,1.0,0.0,0.0,0.0,0.0,0.0,1715.0,136.0,1735.0,131.0,"Somalia,Ethiopia",JOSM/1.5 (19017 en),"#fao_swalim,#hotosm-project-17254,#hotosm-project-17536,#hotosm-project-17559,#LA,#watersurfacemapping2024,#hotosm-project-17522,#hotosm-project-17399,#omhesa","{""water"": 1735, ""natural"": 1715, ""description"": 1336, ""shape"": 1335, ""building"": 1}","{""natural"": 136, ""water"": 131, ""shape"": 130, ""description"": 130, ""seasonal"": 70, ""ford"": 41, ""intermittent"": 39, ""man_made"": 8, ""source:ref"": 4, ""gns:modify_date"": 3, ""gns:type"": 3, ""name"": 3, ""alt_name"": 3, ""source"": 3, ""gns:ufi"": 3, ""highway"": 2, ""surface"": 2, ""landuse"": 2, ""type"": 2, ""fixme"": 1, ""name:en"": 1}"
13,9379491,https://www.openstreetmap.org/user/Awania%20Morish,2024-08-26 00:00:00+00:00,2024-10-10 01:17:46+00:00,Awania Morish,463.0,12763.0,4449.0,1127.0,1037.0,871.0,5104.0,152.0,0.0,23.0,0.0,0.0,238.0,0.0,12.0,0.0,0.0,0.0,0.0,870.0,5113.0,869.0,4959.0,"Somalia,Ethiopia",JOSM/1.5 (19128 en),"#hotosm-project-17427,#hotosm-project-17462,#fao_swalim,#hotosm-project-17561,#hotosm-project-17464,#hotosm-project-17254,#hotosm-project-17536,#hotosm-project-17428,#hotosm-project-17559,#LA,#watersurfacemapping2024,#hotosm-project-17456,#hotosm-project-17538,#omhesa,#hotosm-project-17522","{""natural"": 870, ""water"": 869, ""description"": 761, ""shape"": 738, ""category"": 171, ""intermittent"": 28, ""reservoir_type"": 21, ""seasonal"": 16}","{""description"": 5243, ""natural"": 5113, ""water"": 4959, ""shape"": 4284, ""category"": 3646, ""intermittent"": 1566, ""seasonal"": 1545, ""reservoir_type"": 152, ""source"": 75, ""source:date"": 49, ""name"": 43, ""reservoir"": 43, ""man_made"": 35, ""gns:modify_date"": 33, ""gns:type"": 33, ""gns:ufi"": 33, ""fixme"": 25, ""type"": 23, ""source:ref"": 18, ""building"": 12, ""alt_name"": 9, ""landuse"": 6, ""source:name"": 3, ""highway"": 2, ""gns:name:generic"": 2, ""gns:name:variants"": 1, ""zoo"": 1, ""surface"": 1, ""barrier"": 1, ""attribution"": 1}"
14,2623654,https://www.openstreetmap.org/user/ngumenawesamson,2024-08-26 00:00:00+00:00,2024-10-10 01:17:46+00:00,ngumenawesamson,472.0,12569.0,6085.0,2902.0,1155.0,698.0,1563.0,149.0,0.0,17.0,0.0,12.0,5.0,0.0,0.0,0.0,1.0,0.0,0.0,694.0,1544.0,694.0,1530.0,"Kenya,Somalia,Ethiopia","JOSM/1.5 (19096 en),JOSM/1.5 (19207 en),JOSM/1.5 (19207 en_GB)","#hotosm-project-17427,#fao_swalim,#hotosm-project-17454,#hotosm-project-17537,#watersurfacemapping2024,#hotosm-project-17411,#hotosm-project-17522,#omhesa,#hotosm-project-17255,#hotosm-project-17561,#hotosm-project-17541,#hotosm-project-17254,#hotosm-project-17536,#hotosm-project-17429,#hotosm-project-17462,#LA,#hotosm-project-17560,#hotosm-project-17456,#hotosm-project-17399","{""natural"": 694, ""water"": 694, ""description"": 507, ""shape"": 471, ""category"": 87, ""intermittent"": 15, ""seasonal"": 13, ""highway"": 2, ""surface"": 2, ""source:ref"": 1, ""tracktype"": 1}","{""natural"": 1544, ""water"": 1530, ""description"": 1524, ""shape"": 1490, ""category"": 1000, ""seasonal"": 296, ""intermittent"": 283, ""source"": 24, ""highway"": 22, ""surface"": 20, ""type"": 16, ""source:ref"": 11, ""source:date"": 11, ""name"": 9, ""attribution"": 8, ""gns:modify_date"": 7, ""gns:type"": 7, ""gns:ufi"": 7, ""tracktype"": 7, ""landuse"": 7, ""man_made"": 6, ""barrier"": 4, ""alt_name"": 2, ""place"": 2, ""name:ar"": 1, ""gns:name:variants"": 1, ""name:en"": 1, ""gns:name:generic"": 1, ""wetland"": 1, ""waterway"": 1, ""smoothness"": 1}"
15,20776414,https://www.openstreetmap.org/user/Titilayomi,2024-08-26 00:00:00+00:00,2024-10-10 01:17:46+00:00,Titilayomi,437.0,10802.0,8651.0,217.0,0.0,1543.0,391.0,0.0,0.0,0.0,0.0,0.0,0.0,0.0,5.0,0.0,0.0,0.0,0.0,1539.0,378.0,1538.0,377.0,"Somalia,Ethiopia",JOSM/1.5 (18969 en),"#hotosm-project-17255,#fao_swalim,#hotosm-project-17254,#hotosm-project-17533,#hotosm-project-17557,#hotosm-project-17537,#LA,#watersurfacemapping2024,#hotosm-project-17538,#hotosm-project-17257,#omhesa,#hotosm-project-17558,#hotosm-project-17411,#hotosm-project-17522","{""natural"": 1539, ""water"": 1538, ""shape"": 1474, ""description"": 1468}","{""natural"": 378, ""water"": 377, ""description"": 377, ""shape"": 372, ""seasonal"": 147, ""intermittent"": 113, ""source"": 15, ""source:date"": 12, ""landuse"": 6, ""building"": 5, ""highway"": 5, ""name"": 4, ""gns:modify_date"": 3, ""gns:type"": 3, ""surface"": 3, ""gns:ufi"": 3, ""fixme"": 2, ""source:ref"": 1, ""ref"": 1, ""gns:name:generic"": 1, ""man_made"": 1, ""attribution"": 1}"
16,4498347,https://www.openstreetmap.org/user/Joachim_0,2024-08-26 00:00:00+00:00,2024-10-10 01:17:46+00:00,Joachim_0,629.0,9411.0,7863.0,66.0,0.0,1428.0,51.0,0.0,0.0,1.0,2.0,0.0,2.0,0.0,1.0,0.0,1.0,0.0,0.0,1428.0,44.0,1428.0,43.0,"Somalia,Ethiopia","JOSM/1.5 (19212 en),JOSM/1.5 (19207 en),JOSM/1.5 (19204 en),JOSM/1.5 (19210 en),JOSM/1.5 (19218 en),JOSM/1.5 (19216 en),JOSM/1.5 (19221 en),JOSM/1.5 (19220 en)","#hotosm-project-17255,#hotosm-project-17462,#hotosm-project-17455,#fao_swalim,#hotosm-project-17561,#hotosm-project-17539,#hotosm-project-17254,#hotosm-project-17398,#hotosm-project-17533,#hotosm-project-17557,#hotosm-project-17537,#hotosm-project-17428,#LA,#watersurfacemapping2024,#hotosm-project-17453,#omhesa,#hotosm-project-17558,#hotosm-project-17522","{""water"": 1428, ""natural"": 1428, ""shape"": 1376, ""description"": 1375}","{""natural"": 44, ""description"": 44, ""water"": 43, ""shape"": 43, ""intermittent"": 24, ""highway"": 7, ""surface"": 7, ""source"": 7, ""attribution"": 6, ""seasonal"": 5, ""tracktype"": 5, ""landuse"": 4, ""name"": 3, ""gns:modify_date"": 1, ""building"": 1, ""gns:type"": 1, ""pcode"": 1, ""gns:ufi"": 1, ""waterway"": 1, ""man_made"": 1, ""reservoir_type"": 1, ""type"": 1}"
17,20574768,https://www.openstreetmap.org/user/PnB_Mapper,2024-08-26 00:00:00+00:00,2024-10-10 01:17:46+00:00,PnB_Mapper,155.0,9346.0,6605.0,283.0,863.0,1340.0,92.0,162.0,0.0,1.0,0.0,0.0,0.0,55.0,0.0,0.0,0.0,0.0,0.0,1285.0,90.0,1285.0,89.0,"Somalia,Chad,Ethiopia","iD 2.21.1,JOSM/1.5 (18822 en)","#340,#169,#80,#fao_swalim,#300,#417,#230,#76,#hotosm-project-17522,#26,#426,#64,#143,#13,#151,#319,#83,#111,#258,#133,#476,#79,#419,#249,#208,#431,#354,#138,#50,#330,#304,#70,#148,#268,#105,#omhesa,#19,#27,#5,#53,#60,#71,#236,#24,#283,#94,#124,#hotosm-project-17428,#320,#227,#246,#43,#29,#228,#42,#92,#103,#23,#101,#47,#49,#205,#329,#269,#154,#165,#watersurfacemapping2024,#241,#58,#210,#245,#139,#418,#Water,#170,#48,#84,#78,#235,#56,#28,#341,#479,#291,#305,#57,#91,#239,#51,#LA,#90,#75,#142,#472,#131,#343,#52,#66,#125,#86,#237,#164,#40,#317,#67,#318,#77,#130,#36,#62,#1,#46,#432,#244,#63,#25,#31,#469,#411,#45,#211,#12,#37,#248,#32,#33,#102,#38,#134,#hotosm-project-17465,#209,#499","{""water"": 1285, ""natural"": 1285, ""description"": 1284, ""shape"": 1284, ""building"": 55}","{""natural"": 90, ""description"": 89, ""water"": 89, ""shape"": 89, ""name"": 3, ""highway"": 2, ""surface"": 1, ""tracktype"": 1, ""attribution"": 1, ""landuse"": 1, ""intermittent"": 1, ""source"": 1, ""type"": 1}"
18,21874980,https://www.openstreetmap.org/user/Ilham_Jama,2024-08-26 00:00:00+00:00,2024-10-10 01:17:46+00:00,Ilham_Jama,258.0,8853.0,7088.0,599.0,43.0,868.0,254.0,1.0,0.0,0.0,0.0,0.0,8.0,0.0,0.0,0.0,2.0,0.0,0.0,860.0,256.0,862.0,257.0,"Kenya,Somalia,Ethiopia",JOSM/1.5 (18822 en),"#fao_swalim,#hotosm-project-17539,#hotosm-project-17541,#hotosm-project-17254,#hotosm-project-17533,#hotosm-project-17428,#LA,#hotosm-project-17560,#watersurfacemapping2024,#hotosm-project-17258,#hotosm-project-17559,#hotosm-project-17465,#hotosm-project-17461,#omhesa,#hotosm-project-17540","{""water"": 862, ""natural"": 860, ""description"": 822, ""shape"": 817}","{""water"": 257, ""natural"": 256, ""description"": 256, ""shape"": 254, ""intermittent"": 114, ""seasonal"": 86, ""name"": 8, ""source"": 7, ""gns:modify_date"": 6, ""gns:ufi"": 6, ""gns:type"": 5, ""landuse"": 3, ""waterway"": 2, ""basin"": 2, ""name:ar"": 1, ""highway"": 1, ""alt_name"": 1, ""gns:name:variants"": 1, ""surface"": 1, ""name:en"": 1, ""place"": 1, ""reserve"": 1, ""man_made"": 1, ""tracktype"": 1, ""attribution"": 1}"
19,15739934,https://www.openstreetmap.org/user/Arnold%20Nkwabong,2024-08-26 00:00:00+00:00,2024-10-10 01:17:46+00:00,Arnold Nkwabong,307.0,8497.0,5472.0,1666.0,258.0,863.0,231.0,5.0,0.0,1.0,1.0,0.0,0.0,8.0,5.0,0.0,3.0,0.0,0.0,855.0,225.0,855.0,224.0,Somalia,JOSM/1.5 (19160 fr),"#hotosm-project-17561,#fao_swalim,#hotosm-project-17536,#hotosm-project-17533,#hotosm-project-17428,#LA,#hotosm-project-17560,#watersurfacemapping2024,#omhesa,#hotosm-project-17429","{""natural"": 855, ""description"": 855, ""water"": 855, ""shape"": 853, ""building"": 8, ""content"": 1, ""man_made"": 1, ""name"": 1}","{""natural"": 225, ""water"": 224, ""description"": 223, ""shape"": 218, ""seasonal"": 139, ""intermittent"": 113, ""source"": 7, ""building"": 5, ""highway"": 3, ""name"": 3, ""waterway"": 3, ""gns:modify_date"": 2, ""gns:type"": 2, ""surface"": 2, ""source:date"": 2, ""gns:ufi"": 2, ""tracktype"": 2, ""attribution"": 2, ""content"": 1, ""gns:name:generic"": 1, ""barrier"": 1, ""man_made"": 1, ""reservoir_type"": 1, ""type"": 1}"
20,19669944,https://www.openstreetmap.org/user/Justinebaekc,2024-08-26 00:00:00+00:00,2024-10-10 01:17:46+00:00,Justinebaekc,277.0,7746.0,5194.0,961.0,440.0,882.0,194.0,70.0,0.0,5.0,0.0,0.0,89.0,0.0,0.0,0.0,3.0,0.0,0.0,880.0,188.0,880.0,183.0,"Somalia,Ethiopia","JOSM/1.5 (18969 en),JOSM/1.5 (19207 en),JOSM/1.5 (19160 en)","#hotosm-project-17255,#hotosm-project-17462,#hotosm-project-17256,#fao_swalim,#hotosm-project-17254,#hotosm-project-17398,#hotosm-project-17454,#hotosm-project-17457,#hotosm-project-17537,#LA,#watersurfacemapping2024,#hotosm-project-17258,#hotosm-project-17538,#hotosm-project-17399,#hotosm-project-17558,#hotosm-project-17411,#omhesa","{""natural"": 880, ""water"": 880, ""shape"": 857, ""description"": 848, ""highway"": 2, ""surface"": 2, ""tracktype"": 2, ""attribution"": 2, ""ford"": 1, ""man_made"": 1}","{""description"": 259, ""natural"": 188, ""water"": 183, ""shape"": 168, ""intermittent"": 23, ""seasonal"": 12, ""highway"": 8, ""source"": 8, ""surface"": 7, ""name"": 6, ""type"": 5, ""tracktype"": 4, ""attribution"": 4, ""waterway"": 3, ""man_made"": 3, ""gns:modify_date"": 2, ""gns:type"": 2, ""alt_name"": 2, ""source:date"": 2, ""gns:ufi"": 2, ""ford"": 1}"
21,14046619,https://www.openstreetmap.org/user/Priscilla%20Kapolo,2024-08-26 00:00:00+00:00,2024-10-10 01:17:46+00:00,Priscilla Kapolo,104.0,7602.0,6158.0,344.0,61.0,971.0,63.0,5.0,0.0,0.0,0.0,0.0,1.0,0.0,0.0,0.0,0.0,0.0,0.0,970.0,52.0,969.0,52.0,"Somalia,Ethiopia",JOSM/1.5 (19067 en_GB),"#hotosm-project-17255,#fao_swalim,#hotosm-project-17254,#LA,#watersurfacemapping2024,#hotosm-project-17559,#hotosm-project-17257,#Natural,#omhesa","{""natural"": 970, ""water"": 969, ""shape"": 785, ""description"": 769, ""descriptiom"": 17}","{""water"": 52, ""natural"": 52, ""shape"": 38, ""description"": 37, ""seasonal"": 19, ""landuse"": 8, ""name:ar"": 3, ""boundary"": 3, ""name:fr"": 3, ""name"": 3, ""left:country"": 3, ""name:en"": 3, ""border_type"": 3, ""source"": 3, ""admin_level"": 3, ""right:country"": 3, ""right:state"": 3, ""intermittent"": 1}"
22,7574899,https://www.openstreetmap.org/user/Nyaega%20Orina,2024-08-26 00:00:00+00:00,2024-10-10 01:17:46+00:00,Nyaega Orina,152.0,7100.0,4630.0,1546.0,25.0,741.0,156.0,2.0,0.0,0.0,0.0,0.0,1.0,0.0,0.0,0.0,1.0,0.0,0.0,740.0,143.0,740.0,143.0,Somalia,JOSM/1.5 (19096 en),"#hotosm-project-17561,#fao_swalim,#hotosm-project-17397,#hotosm-project-17254,#Added,#LA,#watersurfacemapping2024,#hotosm-project-17538,#hotosm-project-17257,#omhesa","{""water"": 740, ""natural"": 740, ""description"": 665, ""shape"": 664}","{""water"": 143, ""natural"": 143, ""description"": 143, ""shape"": 141, ""intermittent"": 107, ""seasonal"": 54, ""highway"": 9, ""surface"": 6, ""source"": 5, ""tracktype"": 5, ""attribution"": 4, ""name"": 3, ""gns:modify_date"": 2, ""gns:type"": 2, ""gns:ufi"": 2, ""landuse"": 2, ""alt_name"": 1, ""waterway"": 1, ""man_made"": 1}"
23,21876210,https://www.openstreetmap.org/user/Hodan%20Yousuf,2024-08-26 00:00:00+00:00,2024-10-10 01:17:46+00:00,Hodan Yousuf,253.0,6509.0,4371.0,1334.0,23.0,468.0,310.0,3.0,0.0,0.0,0.0,152.0,1039.0,0.0,1.0,0.0,0.0,0.0,0.0,467.0,306.0,467.0,304.0,"Somalia,Ethiopia",JOSM/1.5 (19160 en),"#fao_swalim,#hotosm-project-17539,#hotosm-project-17541,#hotosm-project-17254,#hotosm-project-17533,#hotosm-project-17428,#LA,#watersurfacemapping2024,#hotosm-project-17258,#hotosm-project-17559,#hotosm-project-17465,#hotosm-project-17461,#omhesa,#hotosm-project-17540","{""shape"": 471, ""water"": 467, ""natural"": 467, ""description"": 457, ""reservoir"": 11}","{""shape"": 1332, ""description"": 726, ""natural"": 306, ""water"": 304, ""seasonal"": 226, ""reservoir"": 197, ""intermittent"": 138, ""source"": 9, ""name"": 7, ""gns:modify_date"": 3, ""gns:type"": 3, ""highway"": 3, ""source:date"": 3, ""gns:ufi"": 3, ""fixme"": 2, ""ford"": 2, ""building"": 1, ""alt_name"": 1, ""surface"": 1, ""reserve"": 1}"
24,13261176,https://www.openstreetmap.org/user/Joseph%20Munyenze%20Kathukya,2024-08-26 00:00:00+00:00,2024-10-10 01:17:46+00:00,Joseph Munyenze Kathukya,170.0,4718.0,3838.0,220.0,19.0,416.0,217.0,3.0,0.0,5.0,0.0,0.0,0.0,0.0,0.0,0.0,1.0,0.0,0.0,415.0,204.0,415.0,204.0,"Somalia,Ethiopia",JOSM/1.5 (19160 en),"#hotosm-project-17561,#fao_swalim,#hotosm-project-17397,#hotosm-project-17254,#LA,#watersurfacemapping2024,#hotosm-project-17538,#omhesa","{""water"": 415, ""natural"": 415, ""description"": 338, ""shape"": 332}","{""water"": 204, ""natural"": 204, ""shape"": 201, ""description"": 199, ""intermittent"": 152, ""seasonal"": 108, ""landuse"": 7, ""highway"": 6, ""surface"": 5, ""type"": 5, ""name"": 3, ""source"": 3, ""tracktype"": 3, ""attribution"": 3, ""gns:modify_date"": 2, ""gns:type"": 2, ""gns:ufi"": 2, ""waterway"": 1, ""basin"": 1}"
25,9580960,https://www.openstreetmap.org/user/Vickystickz,2024-08-26 00:00:00+00:00,2024-10-10 01:17:46+00:00,Vickystickz,175.0,3448.0,2341.0,313.0,55.0,498.0,231.0,7.0,0.0,3.0,0.0,0.0,0.0,0.0,0.0,0.0,1.0,0.0,0.0,498.0,229.0,498.0,227.0,"Somalia,Ethiopia",JOSM/1.5 (19017 en),"#fao_swalim,#hotosm-project-17254,#hotosm-project-17457,#hotosm-project-17557,#LA,#watersurfacemapping2024,#hotosm-project-17522,#omhesa,#hotosm-project-17558,#hotosm-project-17411,#hotosm-project-17429","{""water"": 498, ""natural"": 498, ""description"": 354, ""shape"": 353, ""intermittent"": 1}","{""natural"": 229, ""shape"": 228, ""description"": 228, ""water"": 227, ""intermittent"": 145, ""seasonal"": 125, ""source"": 14, ""source:date"": 8, ""gns:modify_date"": 6, ""gns:type"": 6, ""name"": 6, ""gns:ufi"": 6, ""landuse"": 3, ""type"": 3, ""alt_name"": 2, ""gns:name:variants"": 1, ""gns:name:generic"": 1, ""barrier"": 1, ""waterway"": 1}"
26,17275323,https://www.openstreetmap.org/user/judithmurage,2024-08-26 00:00:00+00:00,2024-10-10 01:17:46+00:00,judithmurage,215.0,3081.0,1894.0,691.0,7.0,268.0,221.0,0.0,0.0,0.0,0.0,0.0,0.0,0.0,0.0,0.0,1.0,0.0,0.0,268.0,212.0,268.0,211.0,Somalia,JOSM/1.5 (19160 en),"#hotosm-project-17561,#fao_swalim,#hotosm-project-17539,#hotosm-project-17397,#hotosm-project-17254,#hotosm-project-17536,#LA,#hotosm-project-17560,#watersurfacemapping2024,#hotosm-project-17559,#hotosm-project-17538,#omhesa","{""natural"": 268, ""water"": 268, ""description"": 262, ""shape"": 260, ""seasonal"": 2, ""landuse"": 2, ""gns:modify_date"": 1, ""gns:ufi"": 1, ""gns:type"": 1, ""name"": 1, ""source"": 1}","{""natural"": 212, ""water"": 211, ""description"": 209, ""shape"": 206, ""intermittent"": 127, ""seasonal"": 68, ""landuse"": 4, ""source"": 2, ""gns:modify_date"": 1, ""gns:type"": 1, ""highway"": 1, ""name"": 1, ""surface"": 1, ""gns:name:generic"": 1, ""gns:ufi"": 1, ""waterway"": 1, ""tracktype"": 1, ""attribution"": 1}"
27,7562542,https://www.openstreetmap.org/user/SSEKITOLEKO,2024-08-26 00:00:00+00:00,2024-10-10 01:17:46+00:00,SSEKITOLEKO,87.0,2795.0,734.0,1431.0,356.0,111.0,129.0,33.0,1.0,0.0,0.0,1.0,0.0,17.0,1.0,3.0,8.0,0.0,0.0,92.0,116.0,83.0,110.0,Somalia,"JOSM/1.5 (19207 en),JOSM/1.5 (19128 en)","#added,#fao_swalim,#hotosm-project-17428,#LA,#watersurfacemapping2024,#hotosm-project-17522,#omhesa","{""natural"": 92, ""description"": 87, ""water"": 83, ""shape"": 83, ""reservoir_type"": 41, ""building"": 17, ""waterway"": 3, ""ford"": 1}","{""natural"": 116, ""water"": 110, ""description"": 106, ""shape"": 106, ""waterway"": 8, ""intermittent"": 7, ""reservoir_type"": 5, ""highway"": 4, ""building"": 1, ""name"": 1, ""surface"": 1, ""tracktype"": 1, ""attribution"": 1}"
28,21876783,https://www.openstreetmap.org/user/Mariam%20Abdirahman,2024-08-26 00:00:00+00:00,2024-10-10 01:17:46+00:00,Mariam Abdirahman,131.0,1829.0,1027.0,613.0,0.0,164.0,25.0,0.0,0.0,0.0,0.0,6.0,1.0,0.0,0.0,0.0,1.0,0.0,0.0,154.0,23.0,145.0,23.0,"Kenya,Somalia,Ethiopia","JOSM/1.5 (18822 en_GB),JOSM/1.5 (18822 en)","#fao_swalim,#hotosm-project-17539,#hotosm-project-17533,#hotosm-project-17428,#LA,#hotosm-project-17560,#watersurfacemapping2024,#hotosm-project-17258,#hotosm-project-17559,#hotosm-project-17465,#omhesa,#hotosm-project-17540","{""description"": 155, ""natural"": 154, ""shape"": 154, ""water"": 145, ""man_made"": 13}","{""natural"": 23, ""water"": 23, ""description"": 20, ""seasonal"": 15, ""shape"": 7, ""intermittent"": 4, ""highway"": 2, ""waterway"": 1, ""surface"": 1, ""tracktype"": 1, ""attribution"": 1, ""place"": 1, ""source"": 1}"
29,12182010,https://www.openstreetmap.org/user/abisaky,2024-08-26 00:00:00+00:00,2024-10-10 01:17:46+00:00,abisaky,39.0,1553.0,1249.0,24.0,0.0,271.0,9.0,0.0,0.0,0.0,0.0,0.0,0.0,0.0,0.0,0.0,0.0,0.0,0.0,269.0,8.0,26.0,0.0,Somalia,JOSM/1.5 (19039 en),"#fao_swalim,#hotosm-project-17428,#LA,#watersurfacemapping2024,#hotosm-project-17465,#omhesa","{""description"": 270, ""natural"": 269, ""shape"": 269, ""water"": 26, ""man_made"": 1}","{""description"": 8, ""shape"": 8, ""natural"": 8, ""landuse"": 1}"
30,21886351,https://www.openstreetmap.org/user/Nusaymoabdirashiid,2024-08-26 00:00:00+00:00,2024-10-10 01:17:46+00:00,Nusaymoabdirashiid,248.0,1449.0,512.0,319.0,0.0,67.0,548.0,0.0,0.0,3.0,0.0,3.0,9.0,0.0,0.0,0.0,0.0,0.0,0.0,44.0,552.0,53.0,553.0,Somalia,JOSM/1.5 (19160 en),"#fao_swalim,#hotosm-project-17539,#hotosm-project-17533,#hotosm-project-17428,#LA,#hotosm-project-17560,#watersurfacemapping2024,#hotosm-project-17559,#hotosm-project-17461,#omhesa,#hotosm-project-17540","{""description"": 54, ""water"": 53, ""shape"": 53, ""natural"": 44, ""Natural"": 6, ""man made"": 5}","{""water"": 553, ""natural"": 552, ""description"": 542, ""shape"": 528, ""seasonal"": 311, ""intermittent"": 208, ""source"": 26, ""source:date"": 17, ""name"": 10, ""Natural"": 8, ""gns:modify_date"": 7, ""gns:type"": 7, ""gns:ufi"": 7, ""source:ref"": 5, ""reservoir"": 3, ""landuse"": 3, ""type"": 3, ""barrier"": 2, ""man made"": 1, ""highway"": 1, ""surface"": 1, ""wetland"": 1, ""tracktype"": 1, ""near trees"": 1, ""attribution"": 1}"
31,21844403,https://www.openstreetmap.org/user/Stavros%20Mitrakos,2024-08-26 00:00:00+00:00,2024-10-10 01:17:46+00:00,Stavros Mitrakos,34.0,897.0,762.0,7.0,0.0,126.0,2.0,0.0,0.0,0.0,0.0,0.0,0.0,0.0,0.0,0.0,0.0,0.0,0.0,55.0,2.0,126.0,2.0,Somalia,iD 2.21.1,"#fao_swalim,#LA,#watersurfacemapping2024,#hotosm-project-17465,#hotosm-project-17257,#omhesa","{""water"": 126, ""natural"": 55}","{""water"": 2, ""natural"": 2}"
32,9180262,https://www.openstreetmap.org/user/Muluba,2024-08-26 00:00:00+00:00,2024-10-10 01:17:46+00:00,Muluba,10.0,871.0,729.0,7.0,1.0,132.0,2.0,0.0,0.0,0.0,0.0,0.0,0.0,90.0,1.0,0.0,0.0,0.0,0.0,42.0,1.0,42.0,1.0,Somalia,JOSM/1.5 (19067 fr),"#fao_swalim,#LA,#watersurfacemapping2024,#hotosm-project-17522,#omhesa","{""building"": 90, ""water"": 42, ""natural"": 42}","{""building"": 1, ""water"": 1, ""natural"": 1, ""landuse"": 1}"
33,447873,https://www.openstreetmap.org/user/MariaSousaRaposeira,2024-08-26 00:00:00+00:00,2024-10-10 01:17:46+00:00,MariaSousaRaposeira,47.0,850.0,635.0,50.0,38.0,105.0,16.0,6.0,0.0,0.0,0.0,0.0,25.0,0.0,0.0,0.0,0.0,0.0,0.0,105.0,13.0,105.0,12.0,Somalia,JOSM/1.5 (19160 en_AU),"#fao_swalim,#hotosm-project-17428,#hotosm-project-17559,#LA,#watersurfacemapping2024,#hotosm-project-17522,#hotosm-project-17465,#omhesa","{""shape"": 105, ""water"": 105, ""natural"": 105, ""description"": 104}","{""description"": 36, ""shape"": 35, ""natural"": 13, ""water"": 12, ""highway"": 3, ""surface"": 3, ""tracktype"": 3, ""attribution"": 3, ""source"": 3, ""name"": 2, ""seasonal"": 1, ""man_made"": 1, ""intermittent"": 1}"
34,10471608,https://www.openstreetmap.org/user/Benjaminokeyoh1,2024-08-26 00:00:00+00:00,2024-10-10 01:17:46+00:00,Benjaminokeyoh1,21.0,837.0,685.0,0.0,0.0,152.0,0.0,0.0,0.0,0.0,0.0,0.0,0.0,0.0,0.0,0.0,0.0,0.0,0.0,148.0,0.0,133.0,0.0,Somalia,JOSM/1.5 (19160 en),"#fao_swalim,#Benjaminokeyoh1,#hotosm-project-17428,#LA,#watersurfacemapping2024,#omhesa","{""shape"": 150, ""Description"": 149, ""natural"": 148, ""water"": 133, ""Water"": 30, ""description"": 1}",{}
35,13339699,https://www.openstreetmap.org/user/Pavy_555,2024-08-26 00:00:00+00:00,2024-10-10 01:17:46+00:00,Pavy_555,34.0,787.0,654.0,16.0,0.0,107.0,10.0,0.0,0.0,0.0,0.0,0.0,0.0,0.0,0.0,0.0,0.0,0.0,0.0,107.0,10.0,107.0,10.0,"Somalia,Ethiopia","JOSM/1.5 (19039 en),iD 2.21.1","#hotosm-project-17255,#hotosm-project-17427,#hotosm-project-17256,#fao_swalim,#hotosm-project-17428,#LA,#watersurfacemapping2024,#hotosm-project-17465,#hotosm-project-17257,#omhesa,#hotosm-project-17429","{""water"": 107, ""natural"": 107, ""description"": 89}","{""water"": 10, ""natural"": 10, ""description"": 9, ""name"": 1}"
36,18581248,https://www.openstreetmap.org/user/Mariam%20Japhary,2024-08-26 00:00:00+00:00,2024-10-10 01:17:46+00:00,Mariam Japhary,2.0,688.0,280.0,0.0,280.0,64.0,0.0,64.0,0.0,0.0,0.0,0.0,0.0,64.0,0.0,0.0,0.0,0.0,0.0,0.0,0.0,0.0,0.0,Somalia,"iD 2.21.1,JOSM/1.5 (18822 en)","#fao_swalim,#LA,#watersurfacemapping2024,#hotosm-project-17522,#omhesa","{""building"": 64}",{}
37,8698377,https://www.openstreetmap.org/user/demoore19,2024-08-26 00:00:00+00:00,2024-10-10 01:17:46+00:00,demoore19,23.0,642.0,514.0,4.0,0.0,124.0,0.0,0.0,0.0,0.0,0.0,0.0,0.0,0.0,0.0,0.0,0.0,0.0,0.0,124.0,0.0,124.0,0.0,"Somalia,Ethiopia",JOSM/1.5 (19096 en),"#fao_swalim,#hotosm-project-17428,#LA,#watersurfacemapping2024,#omhesa","{""description"": 124, ""water"": 124, ""natural"": 124, ""shape"": 122}",{}
38,8612543,https://www.openstreetmap.org/user/amos%20katompa,2024-08-26 00:00:00+00:00,2024-10-10 01:17:46+00:00,amos katompa,5.0,611.0,408.0,71.0,30.0,90.0,5.0,7.0,0.0,0.0,0.0,0.0,0.0,85.0,1.0,0.0,0.0,0.0,0.0,5.0,4.0,5.0,4.0,Somalia,JOSM/1.5 (19128 fr),"#fao_swalim,#LA,#watersurfacemapping2024,#hotosm-project-17522,#omhesa","{""building"": 85, ""water"": 5, ""natural"": 5}","{""barrier"": 4, ""water"": 4, ""natural"": 4, ""building"": 1}"
39,21878249,https://www.openstreetmap.org/user/Iman%20salad,2024-08-26 00:00:00+00:00,2024-10-10 01:17:46+00:00,Iman salad,30.0,579.0,457.0,15.0,19.0,87.0,0.0,1.0,0.0,0.0,0.0,1.0,1.0,0.0,0.0,0.0,0.0,0.0,0.0,87.0,1.0,87.0,1.0,Somalia,JOSM/1.5 (19160 en),"#fao_swalim,#hotosm-project-17539,#hotosm-project-17254,#hotosm-project-17428,#LA,#watersurfacemapping2024,#omhesa","{""water"": 87, ""natural"": 87, ""man_made"": 1}","{""water"": 1, ""natural"": 1}"
40,21892766,https://www.openstreetmap.org/user/palakagr,2024-08-26 00:00:00+00:00,2024-10-10 01:17:46+00:00,palakagr,84.0,539.0,388.0,67.0,0.0,67.0,17.0,0.0,0.0,0.0,0.0,0.0,0.0,0.0,0.0,0.0,0.0,0.0,0.0,67.0,17.0,67.0,17.0,Somalia,JOSM/1.5 (19160 en),"#fao_swalim,#hotosm-project-17428,#LA,#watersurfacemapping2024,#omhesa","{""description"": 67, ""shape"": 67, ""water"": 67, ""natural"": 67}","{""description"": 17, ""water"": 17, ""natural"": 17, ""shape"": 17, ""reservoir_type"": 15, ""man_made"": 2}"
41,18394062,https://www.openstreetmap.org/user/FRANCIS%20NDIRITU,2024-08-26 00:00:00+00:00,2024-10-10 01:17:46+00:00,FRANCIS NDIRITU,16.0,517.0,391.0,28.0,4.0,92.0,1.0,1.0,0.0,0.0,0.0,1.0,0.0,0.0,0.0,0.0,0.0,0.0,0.0,88.0,1.0,88.0,1.0,Somalia,JOSM/1.5 (18822 en),"#hotosm-project-17427,#fao_swalim,#hotosm-project-17428,#LA,#watersurfacemapping2024,#omhesa","{""shape"": 92, ""water"": 88, ""natural"": 88, ""description"": 85}","{""description"": 1, ""shape"": 1, ""water"": 1, ""natural"": 1}"
42,21876823,https://www.openstreetmap.org/user/AwoOsman,2024-08-26 00:00:00+00:00,2024-10-10 01:17:46+00:00,AwoOsman,55.0,404.0,324.0,7.0,9.0,57.0,7.0,0.0,0.0,0.0,0.0,1.0,1.0,0.0,0.0,0.0,0.0,0.0,0.0,57.0,5.0,54.0,4.0,"Somalia,Ethiopia",JOSM/1.5 (19160 en),"#fao_swalim,#hotosm-project-17254,#LA,#watersurfacemapping2024,#hotosm-project-17258,#omhesa","{""natural"": 57, ""water"": 54, ""name"": 4}","{""natural"": 5, ""water"": 4, ""shape"": 2, ""highway"": 2, ""description"": 1, ""landuse"": 1, ""name"": 1}"
43,9966136,https://www.openstreetmap.org/user/Faith%20Mugure,2024-08-26 00:00:00+00:00,2024-10-10 01:17:46+00:00,Faith Mugure,29.0,371.0,308.0,0.0,0.0,63.0,0.0,0.0,0.0,0.0,0.0,0.0,0.0,0.0,0.0,0.0,0.0,0.0,0.0,63.0,0.0,63.0,0.0,Somalia,"iD 2.21.1,JOSM/1.5 (19160 en)","#fao_swalim,#hotosm-project-17533,#LA,#watersurfacemapping2024,#LAI,#hotosm-project-17465,#hotosm-project-17257,#omhesa","{""water"": 63, ""natural"": 63, ""man_made"": 13, ""reserve"": 5, ""naturual"": 1}",{}
44,21876305,https://www.openstreetmap.org/user/Sucad%20cawil,2024-08-26 00:00:00+00:00,2024-10-10 01:17:46+00:00,Sucad cawil,18.0,337.0,246.0,1.0,45.0,38.0,1.0,6.0,0.0,0.0,0.0,4.0,0.0,0.0,0.0,0.0,0.0,0.0,0.0,20.0,0.0,20.0,0.0,"Somalia,Ethiopia",JOSM/1.5 (19160 en),"#fao_swalim,#hotosm-project-17254,#LA,#watersurfacemapping2024,#hotosm-project-17258,#omhesa","{""water"": 20, ""natural"": 20}","{""highway"": 1}"
45,3686666,https://www.openstreetmap.org/user/Anil%20Basnet,2024-08-26 00:00:00+00:00,2024-10-10 01:17:46+00:00,Anil Basnet,1.0,277.0,264.0,0.0,9.0,3.0,1.0,0.0,0.0,0.0,0.0,0.0,0.0,0.0,0.0,0.0,0.0,0.0,0.0,3.0,1.0,0.0,0.0,Somalia,JOSM/1.5 (18906 en),"#fao_swalim,#hotosm-project-17428,#LA,#watersurfacemapping2024,#omhesa","{""natural"": 3}","{""natural"": 1}"
46,2916048,https://www.openstreetmap.org/user/Norbert%20Dichter,2024-08-26 00:00:00+00:00,2024-10-10 01:17:46+00:00,Norbert Dichter,15.0,255.0,216.0,10.0,0.0,24.0,5.0,0.0,0.0,0.0,0.0,0.0,0.0,0.0,0.0,0.0,0.0,0.0,0.0,24.0,3.0,24.0,3.0,Somalia,"JOSM/1.5 (19207 en),JOSM/1.5 (19160 en)","#fao_swalim,#hotosm-project-17428,#LA,#watersurfacemapping2024,#hotosm-project-17559,#omhesa","{""water"": 24, ""natural"": 24, ""shape"": 23, ""description"": 17, ""intermittent"": 7}","{""description"": 3, ""water"": 3, ""natural"": 3, ""shape"": 3, ""surface"": 2, ""intermittent"": 2, ""highway"": 2}"
47,20061986,https://www.openstreetmap.org/user/ndemamapper,2024-08-26 00:00:00+00:00,2024-10-10 01:17:46+00:00,ndemamapper,12.0,252.0,235.0,1.0,1.0,14.0,1.0,0.0,0.0,0.0,0.0,1.0,0.0,0.0,0.0,0.0,0.0,0.0,0.0,15.0,1.0,10.0,1.0,Somalia,iD 2.21.1,"#fao_swalim,#LA,#watersurfacemapping2024,#hotosm-project-17522,#omhesa","{""natural"": 15, ""water"": 10, ""name"": 8, ""emergency"": 1}","{""water"": 1, ""natural"": 1, ""name"": 1}"
48,18203002,https://www.openstreetmap.org/user/parindapannoon,2024-08-26 00:00:00+00:00,2024-10-10 01:17:46+00:00,parindapannoon,5.0,249.0,201.0,6.0,0.0,42.0,0.0,0.0,0.0,0.0,0.0,0.0,0.0,0.0,0.0,0.0,0.0,0.0,0.0,42.0,0.0,40.0,0.0,Somalia,JOSM/1.5 (19160 en),"#fao_swalim,#hotosm-project-17428,#hotosm-project-17559,#LA,#watersurfacemapping2024,#hotosm-project-17522,#omhesa","{""description"": 42, ""shape"": 42, ""natural"": 42, ""water"": 40}",{}
49,21877124,https://www.openstreetmap.org/user/Ifrahhusseinali,2024-08-26 00:00:00+00:00,2024-10-10 01:17:46+00:00,Ifrahhusseinali,40.0,241.0,157.0,59.0,0.0,18.0,7.0,0.0,0.0,0.0,0.0,0.0,23.0,0.0,0.0,0.0,0.0,0.0,0.0,0.0,12.0,14.0,27.0,Somalia,JOSM/1.5 (18822 en),"#fao_swalim,#hotosm-project-17539,#LA,#hotosm-project-17560,#watersurfacemapping2024,#omhesa","{""water"": 14, ""shape"": 14, ""Near"": 13, ""Natural"": 12, ""Description"": 10}","{""water"": 27, ""shape"": 26, ""Description"": 25, ""Near"": 19, ""Natural"": 17, ""natural"": 12, ""seasonal"": 4, ""Ntural"": 3, ""intermittent"": 2}"
50,17708016,https://www.openstreetmap.org/user/Barbara%20Ogori,2024-08-26 00:00:00+00:00,2024-10-10 01:17:46+00:00,Barbara Ogori,17.0,228.0,182.0,18.0,0.0,25.0,3.0,0.0,0.0,0.0,0.0,0.0,0.0,0.0,0.0,0.0,0.0,0.0,0.0,0.0,0.0,25.0,0.0,Somalia,JOSM/1.5 (19207 en),"#fao_swalim,#LA,#watersurfacemapping2024,#hotosm-project-17465,#omhesa","{""water"": 25}","{""surface"": 2, ""highway"": 2, ""landuse"": 1}"
51,9602844,https://www.openstreetmap.org/user/AMETOVENA,2024-08-26 00:00:00+00:00,2024-10-10 01:17:46+00:00,AMETOVENA,1.0,200.0,160.0,0.0,0.0,40.0,0.0,0.0,0.0,0.0,0.0,0.0,0.0,40.0,0.0,0.0,0.0,0.0,0.0,0.0,0.0,0.0,0.0,Togo,JOSM/1.5 (18822 fr),"#fao_swalim,#LA,#watersurfacemapping2024,#hotosm-project-17465,#omhesa","{""building"": 40}",{}
52,5004488,https://www.openstreetmap.org/user/AwoowoArne,2024-08-26 00:00:00+00:00,2024-10-10 01:17:46+00:00,AwoowoArne,8.0,192.0,146.0,3.0,0.0,23.0,20.0,0.0,0.0,0.0,0.0,1.0,1.0,0.0,0.0,0.0,0.0,0.0,0.0,19.0,18.0,19.0,18.0,Somalia,JOSM/1.5 (19207 en_GB),"#fao_swalim,#LA,#watersurfacemapping2024,#hotosm-project-17538,#omhesa","{""water"": 19, ""natural"": 19, ""barrier"": 4, ""fixme"": 1, ""place"": 1}","{""natural"": 18, ""water"": 18, ""intermittent"": 14, ""gns:modify_date"": 1, ""gns:ufi"": 1, ""gns:type"": 1, ""highway"": 1, ""name"": 1, ""surface"": 1, ""place"": 1, ""source"": 1}"
53,11614932,https://www.openstreetmap.org/user/brusnikkov,2024-08-26 00:00:00+00:00,2024-10-10 01:17:46+00:00,brusnikkov,3.0,185.0,143.0,0.0,11.0,30.0,0.0,1.0,0.0,0.0,0.0,0.0,0.0,0.0,0.0,0.0,0.0,0.0,0.0,30.0,0.0,30.0,0.0,Somalia,iD 2.21.1,"#fao_swalim,#hotosm-project-17428,#LA,#watersurfacemapping2024,#omhesa","{""water"": 30, ""natural"": 30, ""shape"": 28}",{}
54,21893088,https://www.openstreetmap.org/user/Jane-marie,2024-08-26 00:00:00+00:00,2024-10-10 01:17:46+00:00,Jane-marie,25.0,174.0,126.0,0.0,21.0,24.0,2.0,1.0,0.0,0.0,0.0,0.0,0.0,0.0,0.0,0.0,0.0,0.0,0.0,24.0,2.0,24.0,2.0,Somalia,JOSM/1.5 (19160 en_GB),"#added,#fao_swalim,#hotosm-project-17428,#LA,#watersurfacemapping2024,#hotosm-project-17522,#hotosm-project-17465,#omhesa","{""water"": 24, ""natural"": 24, ""shape"": 23, ""description"": 23}","{""shape"": 2, ""water"": 2, ""natural"": 2, ""description"": 1}"
55,13063544,https://www.openstreetmap.org/user/onesimusGGA,2024-08-26 00:00:00+00:00,2024-10-10 01:17:46+00:00,onesimusGGA,3.0,155.0,120.0,1.0,0.0,30.0,4.0,0.0,0.0,0.0,0.0,0.0,1.0,0.0,0.0,0.0,0.0,0.0,0.0,30.0,4.0,30.0,5.0,Somalia,JOSM/1.5 (19160 en),"#fao_swalim,#hotosm-project-17428,#LA,#watersurfacemapping2024,#omhesa","{""description"": 30, ""water"": 30, ""natural"": 30, ""name"": 30, ""shape"": 3}","{""description"": 5, ""water"": 5, ""name"": 5, ""natural"": 4, ""shape"": 2}"
56,11500943,https://www.openstreetmap.org/user/Mariannamukulunga,2024-08-26 00:00:00+00:00,2024-10-10 01:17:46+00:00,Mariannamukulunga,7.0,149.0,110.0,16.0,0.0,23.0,0.0,0.0,0.0,0.0,0.0,0.0,0.0,15.0,0.0,0.0,0.0,0.0,0.0,8.0,0.0,8.0,0.0,Somalia,JOSM/1.5 (19128 fr),"#fao_swalim,#LA,#watersurfacemapping2024,#hotosm-project-17522,#omhesa","{""building"": 15, ""water"": 8, ""intermittent"": 8, ""natural"": 8}",{}
57,21629246,https://www.openstreetmap.org/user/Alex_R_GIS,2024-08-26 00:00:00+00:00,2024-10-10 01:17:46+00:00,Alex_R_GIS,1.0,138.0,131.0,0.0,0.0,7.0,0.0,0.0,0.0,0.0,0.0,0.0,0.0,0.0,0.0,0.0,0.0,0.0,0.0,7.0,0.0,4.0,0.0,Somalia,iD 2.21.1,"#fao_swalim,#LA,#watersurfacemapping2024,#omhesa,#hotosm-project-17540","{""natural"": 7, ""water"": 4}",{}
58,4516666,https://www.openstreetmap.org/user/KALUBA%20MICHEAL,2024-08-26 00:00:00+00:00,2024-10-10 01:17:46+00:00,KALUBA MICHEAL,8.0,115.0,95.0,0.0,0.0,20.0,0.0,0.0,0.0,0.0,0.0,0.0,0.0,0.0,0.0,0.0,0.0,0.0,0.0,20.0,0.0,20.0,0.0,Somalia,JOSM/1.5 (19128 en),"#fao_swalim,#LA,#watersurfacemapping2024,#hotosm-project-17522,#omhesa","{""description"": 20, ""water"": 20, ""natural"": 20, ""shape"": 20, ""Fess"": 2}",{}
59,360183,https://www.openstreetmap.org/user/wille,2024-08-26 00:00:00+00:00,2024-10-10 01:17:46+00:00,wille,4.0,114.0,102.0,0.0,0.0,11.0,1.0,0.0,0.0,0.0,0.0,0.0,0.0,0.0,0.0,0.0,0.0,0.0,0.0,8.0,0.0,7.0,0.0,Somalia,iD 2.21.1,"#fao_swalim,#LA,#watersurfacemapping2024,#hotosm-project-17522,#omhesa","{""natural"": 8, ""water"": 7, ""surface"": 3, ""highway"": 3}","{""surface"": 1, ""highway"": 1}"
60,20055194,https://www.openstreetmap.org/user/NASUUNA,2024-08-26 00:00:00+00:00,2024-10-10 01:17:46+00:00,NASUUNA,4.0,109.0,88.0,0.0,0.0,21.0,0.0,0.0,0.0,0.0,0.0,0.0,0.0,0.0,0.0,0.0,0.0,0.0,0.0,21.0,0.0,21.0,0.0,Somalia,JOSM/1.5 (19160 en),"#fao_swalim,#LA,#watersurfacemapping2024,#hotosm-project-17522,#omhesa","{""description"": 21, ""shape"": 21, ""water"": 21, ""natural"": 21}",{}
61,20595363,https://www.openstreetmap.org/user/Daisy%20Kirui,2024-08-26 00:00:00+00:00,2024-10-10 01:17:46+00:00,Daisy Kirui,8.0,103.0,95.0,0.0,0.0,6.0,2.0,0.0,0.0,0.0,0.0,0.0,0.0,0.0,0.0,0.0,0.0,0.0,0.0,6.0,2.0,6.0,2.0,Somalia,JOSM/1.5 (18822 en),"#fao_swalim,#LA,#watersurfacemapping2024,#hotosm-project-17522,#omhesa","{""water"": 6, ""natural"": 6, ""shape"": 4, ""description"": 4}","{""description"": 2, ""shape"": 2, ""water"": 2, ""natural"": 2}"
62,8344006,https://www.openstreetmap.org/user/tebby7,2024-08-26 00:00:00+00:00,2024-10-10 01:17:46+00:00,tebby7,13.0,102.0,80.0,0.0,0.0,20.0,2.0,0.0,0.0,0.0,0.0,0.0,0.0,0.0,0.0,0.0,0.0,0.0,0.0,20.0,2.0,20.0,2.0,"Somalia,Ethiopia",JOSM/1.5 (18822 en),"#fao_swalim,#hotosm-project-17557,#hotosm-project-17428,#LA,#watersurfacemapping2024,#hotosm-project-17522,#omhesa,#hotosm-project-17429","{""water"": 20, ""natural"": 20, ""description"": 13, ""shape"": 5}","{""description"": 2, ""water"": 2, ""natural"": 2}"
63,21894539,https://www.openstreetmap.org/user/Roble%20Odey,2024-08-26 00:00:00+00:00,2024-10-10 01:17:46+00:00,Roble Odey,5.0,98.0,82.0,4.0,2.0,6.0,4.0,0.0,0.0,0.0,0.0,0.0,0.0,0.0,0.0,0.0,0.0,0.0,0.0,6.0,1.0,6.0,1.0,Somalia,JOSM/1.5 (19160 en),"#fao_swalim,#LA,#watersurfacemapping2024,#hotosm-project-17258,#omhesa","{""shape"": 6, ""water"": 6, ""natural"": 6, ""description"": 5}","{""highway"": 2, ""water"": 1, ""natural"": 1, ""landuse"": 1, ""shape"": 1}"
64,17793198,https://www.openstreetmap.org/user/Dominicoseiafum,2024-08-26 00:00:00+00:00,2024-10-10 01:17:46+00:00,Dominicoseiafum,12.0,90.0,78.0,0.0,0.0,12.0,0.0,0.0,0.0,0.0,0.0,0.0,0.0,0.0,0.0,0.0,0.0,0.0,0.0,12.0,0.0,12.0,0.0,Somalia,JOSM/1.5 (19160 en),"#fao_swalim,#hotosm-project-17428,#LA,#watersurfacemapping2024,#hotosm-project-17522,#omhesa","{""description"": 12, ""shape"": 12, ""water"": 12, ""natural"": 12}",{}
65,21708182,https://www.openstreetmap.org/user/Jisan_K,2024-08-26 00:00:00+00:00,2024-10-10 01:17:46+00:00,Jisan_K,5.0,75.0,63.0,0.0,3.0,8.0,1.0,0.0,0.0,0.0,0.0,0.0,0.0,0.0,0.0,0.0,0.0,0.0,0.0,8.0,1.0,8.0,1.0,Somalia,iD 2.21.1,"#fao_swalim,#LA,#watersurfacemapping2024,#hotosm-project-17522,#omhesa","{""water"": 8, ""natural"": 8}","{""water"": 1, ""natural"": 1}"
66,15567582,https://www.openstreetmap.org/user/Gertrudes%20Lisa,2024-08-26 00:00:00+00:00,2024-10-10 01:17:46+00:00,Gertrudes Lisa,5.0,74.0,47.0,13.0,0.0,8.0,6.0,0.0,0.0,0.0,0.0,0.0,0.0,0.0,0.0,0.0,0.0,0.0,0.0,8.0,3.0,8.0,3.0,Somalia,JOSM/1.5 (19128 en),"#fao_swalim,#hotosm-project-17428,#LA,#watersurfacemapping2024,#omhesa","{""water"": 8, ""natural"": 8, ""description"": 6, ""shape"": 4}","{""description"": 3, ""barrier"": 3, ""water"": 3, ""natural"": 3, ""reservoir_type"": 3}"
67,4863376,https://www.openstreetmap.org/user/Mbabani%20Allan,2024-08-26 00:00:00+00:00,2024-10-10 01:17:46+00:00,Mbabani Allan,4.0,70.0,61.0,0.0,0.0,9.0,0.0,0.0,0.0,0.0,0.0,0.0,0.0,2.0,0.0,0.0,0.0,0.0,0.0,7.0,0.0,7.0,0.0,Somalia,JOSM/1.5 (18822 en),"#fao_swalim,#LA,#watersurfacemapping2024,#hotosm-project-17522,#omhesa","{""water"": 7, ""natural"": 7, ""shape"": 6, ""building"": 2}",{}
68,18589157,https://www.openstreetmap.org/user/aqulinageorge,2024-08-26 00:00:00+00:00,2024-10-10 01:17:46+00:00,aqulinageorge,6.0,61.0,51.0,0.0,0.0,9.0,1.0,0.0,0.0,0.0,0.0,0.0,0.0,3.0,0.0,0.0,0.0,0.0,0.0,6.0,0.0,6.0,0.0,Somalia,iD 2.21.1,"#fao_swalim,#LA,#watersurfacemapping2024,#hotosm-project-17522,#omhesa","{""water"": 6, ""natural"": 6, ""intermittent"": 6, ""shape"": 6, ""building"": 3}","{""surface"": 1, ""name"": 1, ""highway"": 1}"
69,20104255,https://www.openstreetmap.org/user/kdh000921,2024-08-26 00:00:00+00:00,2024-10-10 01:17:46+00:00,kdh000921,3.0,47.0,40.0,0.0,0.0,7.0,0.0,0.0,0.0,0.0,0.0,0.0,0.0,0.0,0.0,0.0,0.0,0.0,0.0,1.0,0.0,1.0,0.0,Somalia,iD 2.21.1,"#fao_swalim,#hotosm-project-17539,#LA,#watersurfacemapping2024,#omhesa","{""landuse"": 6, ""water"": 1, ""natural"": 1}",{}
70,3512887,https://www.openstreetmap.org/user/Hills95,2024-08-26 00:00:00+00:00,2024-10-10 01:17:46+00:00,Hills95,4.0,43.0,38.0,0.0,0.0,5.0,0.0,0.0,0.0,0.0,0.0,0.0,0.0,0.0,0.0,0.0,0.0,0.0,0.0,5.0,0.0,5.0,0.0,Somalia,JOSM/1.5 (19207 en),"#fao_swalim,#LA,#watersurfacemapping2024,#hotosm-project-17522,#omhesa","{""water"": 5, ""natural"": 5, ""shape"": 4, ""description"": 4}",{}
71,5249472,https://www.openstreetmap.org/user/maja_turkalj,2024-08-26 00:00:00+00:00,2024-10-10 01:17:46+00:00,maja_turkalj,9.0,40.0,27.0,0.0,0.0,3.0,10.0,0.0,0.0,0.0,0.0,0.0,0.0,0.0,0.0,0.0,0.0,0.0,0.0,3.0,10.0,3.0,9.0,Somalia,JOSM/1.5 (18822 en),"#fao_swalim,#hotosm-project-17428,#reservoir,#LA,#watersurfacemapping2024,#hotosm-project-17559,#omhesa,#hotosm-project-17522","{""description"": 3, ""water"": 3, ""natural"": 3, ""landuse"": 3, ""shape"": 3}","{""description"": 10, ""natural"": 10, ""shape"": 10, ""water"": 9, ""intermittent"": 9, ""seasonal"": 6}"
72,10570996,https://www.openstreetmap.org/user/Erick%20tamba,2024-08-26 00:00:00+00:00,2024-10-10 01:17:46+00:00,Erick tamba,4.0,38.0,37.0,0.0,0.0,1.0,0.0,0.0,0.0,0.0,0.0,7.0,0.0,0.0,0.0,0.0,0.0,0.0,0.0,8.0,0.0,1.0,0.0,"Zambia,Somalia","JOSM/1.5 (19095 SVN en),iD 2.30.2","#fao_swalim,#LA,#watersurfacemapping2024,#hotosm-project-17522,#omhesa","{""natural"": 8, ""shape"": 1, ""water"": 1, ""description"": 1}",{}
73,7838328,https://www.openstreetmap.org/user/Eddie845,2024-08-26 00:00:00+00:00,2024-10-10 01:17:46+00:00,Eddie845,3.0,31.0,26.0,0.0,0.0,3.0,2.0,0.0,0.0,0.0,0.0,0.0,0.0,0.0,0.0,0.0,0.0,0.0,0.0,3.0,2.0,3.0,2.0,Somalia,JOSM/1.5 (19017 es),"#fao_swalim,#hotosm-project-17539,#LA,#watersurfacemapping2024,#omhesa","{""water"": 3, ""natural"": 3}","{""water"": 2, ""natural"": 2, ""intermittent"": 2}"
74,4352853,https://www.openstreetmap.org/user/Ismaeldiarria,2024-08-26 00:00:00+00:00,2024-10-10 01:17:46+00:00,Ismaeldiarria,2.0,30.0,27.0,0.0,0.0,3.0,0.0,0.0,0.0,0.0,0.0,0.0,0.0,0.0,0.0,0.0,0.0,0.0,0.0,3.0,0.0,3.0,0.0,Somalia,JOSM/1.5 (18969 en),"#fao_swalim,#LA,#watersurfacemapping2024,#hotosm-project-17522,#omhesa","{""water"": 3, ""natural"": 3}",{}
75,6989803,https://www.openstreetmap.org/user/vaston02,2024-08-26 00:00:00+00:00,2024-10-10 01:17:46+00:00,vaston02,2.0,25.0,22.0,0.0,0.0,3.0,0.0,0.0,0.0,0.0,0.0,0.0,0.0,0.0,0.0,0.0,0.0,0.0,0.0,3.0,0.0,3.0,0.0,Somalia,JOSM/1.5 (19160 en),"#fao_swalim,#LA,#watersurfacemapping2024,#hotosm-project-17522,#omhesa","{""description"": 3, ""shape"": 3, ""water"": 3, ""natural"": 3}",{}
76,17292436,https://www.openstreetmap.org/user/Rodney%20Liech,2024-08-26 00:00:00+00:00,2024-10-10 01:17:46+00:00,Rodney Liech,2.0,22.0,20.0,0.0,0.0,2.0,0.0,0.0,0.0,0.0,0.0,0.0,0.0,0.0,0.0,0.0,0.0,0.0,0.0,2.0,0.0,2.0,0.0,Somalia,JOSM/1.5 (19160 en),"#fao_swalim,#LA,#watersurfacemapping2024,#hotosm-project-17522,#omhesa","{""description"": 2, ""shape"": 2, ""water"": 2, ""natural"": 2}",{}
77,21677851,https://www.openstreetmap.org/user/Tunawesmap,2024-08-26 00:00:00+00:00,2024-10-10 01:17:46+00:00,Tunawesmap,1.0,21.0,17.0,0.0,0.0,4.0,0.0,0.0,0.0,0.0,0.0,0.0,0.0,0.0,0.0,0.0,0.0,0.0,0.0,4.0,0.0,4.0,0.0,Somalia,iD 2.21.1,"#fao_swalim,#hotosm-project-17428,#LA,#watersurfacemapping2024,#omhesa","{""water"": 4, ""natural"": 4}",{}
78,21186526,https://www.openstreetmap.org/user/makhuyi,2024-08-26 00:00:00+00:00,2024-10-10 01:17:46+00:00,makhuyi,1.0,20.0,18.0,0.0,0.0,2.0,0.0,0.0,0.0,0.0,0.0,14.0,0.0,0.0,0.0,0.0,0.0,0.0,0.0,16.0,0.0,1.0,0.0,Somalia,JOSM/1.5 (18822 en_GB),"#fao_swalim,#hotosm-project-17428,#LA,#watersurfacemapping2024,#omhesa","{""description"": 16, ""natural"": 16, ""water"": 1}",{}
79,21150845,https://www.openstreetmap.org/user/Maina_J,2024-08-26 00:00:00+00:00,2024-10-10 01:17:46+00:00,Maina_J,2.0,15.0,12.0,0.0,0.0,3.0,0.0,0.0,0.0,0.0,0.0,0.0,0.0,0.0,0.0,0.0,0.0,0.0,0.0,3.0,0.0,3.0,0.0,Somalia,JOSM/1.5 (19160 en),"#fao_swalim,#hotosm-project-17428,#LA,#watersurfacemapping2024,#omhesa","{""water"": 3, ""man_made"": 3, ""natural"": 3, ""shape"": 2}",{}
80,16875287,https://www.openstreetmap.org/user/Tharhtetaung,2024-08-26 00:00:00+00:00,2024-10-10 01:17:46+00:00,Tharhtetaung,1.0,13.0,12.0,0.0,0.0,1.0,0.0,0.0,0.0,0.0,0.0,0.0,0.0,0.0,0.0,0.0,0.0,0.0,0.0,0.0,0.0,1.0,0.0,Somalia,JOSM/1.5 (19207 en_GB),"#fao_swalim,#LA,#watersurfacemapping2024,#hotosm-project-17522,#omhesa","{""water"": 1, ""nautral"": 1}",{}
81,20432711,https://www.openstreetmap.org/user/Ency2001,2024-08-26 00:00:00+00:00,2024-10-10 01:17:46+00:00,Ency2001,1.0,13.0,11.0,0.0,0.0,2.0,0.0,0.0,0.0,0.0,0.0,0.0,0.0,2.0,0.0,0.0,0.0,0.0,0.0,0.0,0.0,0.0,0.0,Somalia,JOSM/1.5 (18822 en),"#fao_swalim,#hotosm-project-17428,#LA,#watersurfacemapping2024,#omhesa","{""building"": 2}",{}
82,15919982,https://www.openstreetmap.org/user/sandra%20waniwroth,2024-08-26 00:00:00+00:00,2024-10-10 01:17:46+00:00,sandra waniwroth,2.0,11.0,8.0,1.0,0.0,2.0,0.0,0.0,0.0,0.0,0.0,0.0,0.0,0.0,0.0,0.0,0.0,0.0,0.0,2.0,0.0,2.0,0.0,Somalia,JOSM/1.5 (19128 en_GB),"#fao_swalim,#LA,#watersurfacemapping2024,#hotosm-project-17522,#omhesa","{""description"": 2, ""water"": 2, ""natural"": 2, ""shape"": 2, ""intermittent"": 1}",{}
83,6001440,https://www.openstreetmap.org/user/Kica%20Solomon,2024-08-26 00:00:00+00:00,2024-10-10 01:17:46+00:00,Kica Solomon,1.0,10.0,9.0,0.0,0.0,1.0,0.0,0.0,0.0,0.0,0.0,0.0,0.0,0.0,0.0,0.0,0.0,0.0,0.0,1.0,0.0,1.0,0.0,Somalia,JOSM/1.5 (19160 en),"#fao_swalim,#hotosm-project-17428,#LA,#watersurfacemapping2024,#omhesa","{""description"": 1, ""shape"": 1, ""water"": 1, ""natural"": 1}",{}
84,15712002,https://www.openstreetmap.org/user/Adeola_Anthonia,2024-08-26 00:00:00+00:00,2024-10-10 01:17:46+00:00,Adeola_Anthonia,1.0,7.0,6.0,0.0,0.0,1.0,0.0,0.0,0.0,0.0,0.0,0.0,0.0,0.0,0.0,0.0,0.0,0.0,0.0,1.0,0.0,1.0,0.0,Somalia,JOSM/1.5 (19160 en),"#fao_swalim,#LA,#watersurfacemapping2024,#hotosm-project-17522,#omhesa","{""water"": 1, ""natural"": 1}",{}
85,20643272,https://www.openstreetmap.org/user/Noman%20Bin%20Hossain,2024-08-26 00:00:00+00:00,2024-10-10 01:17:46+00:00,Noman Bin Hossain,1.0,5.0,4.0,0.0,0.0,1.0,0.0,0.0,0.0,0.0,0.0,0.0,0.0,1.0,0.0,0.0,0.0,0.0,0.0,0.0,0.0,0.0,0.0,Somalia,iD 2.21.1,"#fao_swalim,#LA,#watersurfacemapping2024,#hotosm-project-17522,#omhesa","{""building"": 1}",{}
86,21948256,https://www.openstreetmap.org/user/Saulord01,2024-08-26 00:00:00+00:00,2024-10-10 01:17:46+00:00,Saulord01,1.0,5.0,2.0,2.0,0.0,0.0,1.0,0.0,0.0,0.0,0.0,0.0,0.0,0.0,0.0,0.0,0.0,0.0,0.0,0.0,1.0,0.0,1.0,Somalia,iD 2.21.1,"#fao_swalim,#LA,#watersurfacemapping2024,#hotosm-project-17559,#omhesa",{},"{""description"": 1, ""shape"": 1, ""water"": 1, ""natural"": 1}"
