rank,name,profile,uid,changesets,map_changes,countries,editors,nodes.create,nodes.modify,nodes.delete,ways.create,ways.modify,ways.delete,relations.create,relations.modify,relations.delete,poi.create,poi.modify,building.create,building.modify,highway.create,highway.modify,waterway.create,waterway.modify,amenity.create,amenity.modify,tags_create,tags_modify,hashtags,start_date,end_date
1,marek kleciak,https://www.openstreetmap.org/user/marek%20kleciak,338611,28,17283,Nepal,JOSM/1.5 (18531 en),16748,108,2,359,57,9,0,0,0,0,0,188.0,0.0,5.0,8.0,0.0,0.0,0.0,0.0,"{""building"": 188, ""natural"": 87, ""landuse"": 51, ""highway"": 5}","{""natural"": 26, ""landuse"": 12, ""highway"": 8, ""surface"": 4, ""name"": 4, ""ref"": 4, ""oneway"": 1}",,2023-10-01 00:00:00+00:00,2023-10-08 00:00:00+00:00
2,Adrie Sonke,https://www.openstreetmap.org/user/Adrie%20Sonke,6519387,132,12165,Nepal,iD 2.21.1,9447,1231,2,1329,151,0,0,5,0,0,5,927.0,0.0,8.0,28.0,391.0,96.0,0.0,0.0,"{""building"": 927, ""waterway"": 391, ""intermittent"": 388, ""highway"": 8, ""landuse"": 1}","{""waterway"": 96, ""intermittent"": 86, ""highway"": 28, ""source"": 21, ""ref"": 14, ""landuse"": 12, ""ref:old"": 11, ""natural"": 9, ""name"": 8, ""ford"": 6, ""surface"": 6, ""wikidata"": 5, ""admin_level"": 5, ""boundary"": 5, ""type"": 5, ""name:en"": 4, ""wikipedia"": 4, ""alt_name:zh"": 3, ""boat"": 3, ""name:ne"": 3, ""name:tibt"": 3, ""name:zh"": 3, ""name:zh_pinyin"": 3, ""water"": 3, ""route"": 3, ""seasonal"": 2, ""network"": 2, ""tidal"": 2, ""place"": 2, ""region:type"": 2, ""note"": 1}","#hotosm-project-14987,#kll,#mappingtheunmapped,#mapforcause,#osmnepal",2023-10-01 00:00:00+00:00,2023-10-08 00:00:00+00:00
3,baum10,https://www.openstreetmap.org/user/baum10,5507919,1,5276,Nepal,JOSM/1.5 (18822 de),2753,1869,0,617,37,0,0,0,0,0,0,610.0,18.0,7.0,17.0,0.0,2.0,0.0,0.0,"{""building"": 610, ""highway"": 7, ""bridge"": 1, ""layer"": 1}","{""building"": 18, ""highway"": 17, ""ref"": 3, ""waterway"": 2}",,2023-10-01 00:00:00+00:00,2023-10-08 00:00:00+00:00
4,Niruta Neeupane,https://www.openstreetmap.org/user/Niruta%20Neeupane,13116045,19,3312,Nepal,"JOSM/1.5 (17580 en),StreetComplete 54.1",829,2318,0,121,44,0,0,0,0,0,6,114.0,23.0,7.0,15.0,0.0,1.0,0.0,3.0,"{""building"": 114, ""highway"": 7}","{""building"": 23, ""highway"": 15, ""surface"": 13, ""name"": 11, ""landuse"": 5, ""foot"": 5, ""oneway"": 5, ""opening_hours"": 4, ""access"": 4, ""bicycle"": 4, ""handrail"": 4, ""incline"": 4, ""ramp"": 4, ""amenity"": 3, ""motor_vehicle"": 3, ""addr:city"": 3, ""ford"": 2, ""lane_markings"": 2, ""ref"": 2, ""operator"": 2, ""shop"": 2, ""waterway"": 1, ""leaf_type"": 1, ""building:levels"": 1, ""wheelchair"": 1, ""female"": 1, ""male"": 1, ""source"": 1, ""green_roof"": 1, ""roof:material"": 1, ""roof:shape"": 1, ""roof:solar_panel"": 1, ""roof:tin_roof"": 1, ""roof:water_tank"": 1}","#hotosm-project-13168,#KLL,#MapGive,#mappingtheunmapped,#mapforcause,#osmnepal",2023-10-01 00:00:00+00:00,2023-10-08 00:00:00+00:00
5,aashishgautam,https://www.openstreetmap.org/user/aashishgautam,10701038,21,3027,Nepal,"JOSM/1.5 (18565 en),JOSM/1.5 (18583 en)",2576,18,0,428,5,0,0,0,0,0,0,420.0,0.0,0.0,0.0,0.0,1.0,0.0,0.0,"{""building"": 420, ""landuse"": 7, ""crop"": 2, ""natural"": 1}","{""natural"": 4, ""landuse"": 2, ""int_name"": 1, ""name"": 1, ""name:ne"": 1, ""source"": 1, ""waterway"": 1, ""water"": 1}","#aashishgautam,#nepal,#youthmapper,#osmNepal,#osmjnepal,#osmpacific,#happymapping,#hotosm-project-14310,#Naxa,#RemoteMappingBirendranagar,#dmd,#OSMNepal,#WBR,#NFL,#EPFL",2023-10-01 00:00:00+00:00,2023-10-08 00:00:00+00:00
6,Marvin de Hont,https://www.openstreetmap.org/user/Marvin%20de%20Hont,6616734,4,1666,Nepal,JOSM/1.5 (18822 nl),366,1185,0,71,44,0,0,0,0,0,9,71.0,35.0,0.0,7.0,0.0,0.0,0.0,9.0,"{""building"": 71}","{""building"": 35, ""amenity"": 9, ""name"": 8, ""highway"": 7, ""landuse"": 2, ""religion"": 1, ""name:en"": 1, ""ref:old"": 1}","#hotosm-project-8942,#KLL,#covid_19,#mappingtheunmapped,#mapforcause,#osmnepal,#covid19-nepal,#Nepal",2023-10-01 00:00:00+00:00,2023-10-08 00:00:00+00:00
7,Lalit_IAAS,https://www.openstreetmap.org/user/Lalit_IAAS,11589667,22,1632,"China,Nepal",JOSM/1.5 (18772 en),1321,269,0,17,23,0,0,2,0,3,5,1.0,4.0,1.0,9.0,1.0,8.0,2.0,2.0,"{""natural"": 14, ""amenity"": 2, ""name"": 2, ""name:ne"": 2, ""aeroway"": 1, ""highway"": 1, ""building"": 1, ""waterway"": 1}","{""name"": 19, ""highway"": 9, ""source"": 8, ""waterway"": 8, ""name:ne"": 5, ""place"": 5, ""name:en"": 4, ""building"": 4, ""alt_name"": 3, ""maxspeed"": 3, ""ref"": 3, ""ref:old"": 3, ""surface"": 3, ""amenity"": 2, ""region:type"": 2, ""type"": 2, ""int_name"": 2, ""noname"": 2, ""natural"": 1, ""water"": 1, ""historic"": 1, ""oneway"": 1, ""leisure"": 1, ""FIXME"": 1, ""note"": 1, ""wikidata"": 1, ""shop"": 1, ""layer"": 1, ""tunnel"": 1, ""religion"": 1}",#AgrimappersPaklihawa,2023-10-01 00:00:00+00:00,2023-10-08 00:00:00+00:00
8,Anastasiia Sakharova,https://www.openstreetmap.org/user/Anastasiia%20Sakharova,18344742,14,1298,Nepal,iD 2.27.1,1009,215,0,24,50,0,0,0,0,1,0,0.0,0.0,24.0,46.0,0.0,1.0,0.0,0.0,"{""highway"": 24, ""bridge"": 2, ""layer"": 2, ""ford"": 1, ""surface"": 1}","{""highway"": 46, ""admin_level"": 2, ""boundary"": 2, ""ref"": 2, ""name"": 1, ""fixme"": 1, ""surface"": 1, ""oneway"": 1, ""tracktype"": 1, ""ref:old"": 1, ""landuse"": 1, ""operator"": 1, ""waterway"": 1, ""source"": 1}","#og2023,#aphub",2023-10-01 00:00:00+00:00,2023-10-08 00:00:00+00:00
9,mikko_tamura,https://www.openstreetmap.org/user/mikko_tamura,2258022,8,1254,Nepal,iD 2.21.1,1128,89,0,20,16,0,0,1,0,0,0,0.0,0.0,16.0,12.0,1.0,1.0,0.0,0.0,"{""highway"": 16, ""surface"": 3, ""natural"": 3, ""water"": 3, ""intermittent"": 1, ""waterway"": 1, ""name"": 1, ""ref"": 1}","{""highway"": 12, ""ref"": 3, ""surface"": 3, ""natural"": 2, ""name"": 2, ""waterway"": 1, ""admin_level"": 1, ""boundary"": 1, ""water"": 1, ""route"": 1, ""type"": 1}","#hotosm-project-14898,#og2023,#aphub,#hotosm-project-14422,#BIPAD,#YILAB,#MahawaiRM,#ClimateFellowship2023,#NYCAGG,#DigitalVolunteers,#hotosm-project-14424,#NaraharinathRM,#OMGuru,#startnetwork,#SNRMPNepal",2023-10-01 00:00:00+00:00,2023-10-08 00:00:00+00:00
10,Pragya Joshi,https://www.openstreetmap.org/user/Pragya%20Joshi,13115486,5,970,"India,Nepal","JOSM/1.5 (18772 en),iD 2.21.1",761,20,0,188,1,0,0,0,0,0,0,187.0,0.0,0.0,1.0,0.0,0.0,0.0,0.0,"{""building"": 187, ""landuse"": 1}","{""highway"": 1}","#GES,#KATHMANDU_UNIVERSITY,#hotosm-project-13149,#KLL,#MapGive,#mappingtheunmapped,#mapforcause,#osmnepal",2023-10-01 00:00:00+00:00,2023-10-08 00:00:00+00:00
11,mpilon57,https://www.openstreetmap.org/user/mpilon57,20233850,3,909,Nepal,iD 2.21.1,447,383,0,67,12,0,0,0,0,0,0,64.0,4.0,1.0,2.0,0.0,0.0,0.0,0.0,"{""building"": 64, ""highway"": 1, ""natural"": 1, ""landuse"": 1}","{""building"": 4, ""landuse"": 3, ""highway"": 2, ""source"": 2, ""intermittent"": 1, ""natural"": 1, ""water"": 1, ""leisure"": 1, ""name"": 1}","#hotosm-project-11731,#TayarNepal,#NepalYIL,#DRRFellowship2021,#Digital,#BIPAD",2023-10-01 00:00:00+00:00,2023-10-08 00:00:00+00:00
12,Sandesh Gaire,https://www.openstreetmap.org/user/Sandesh%20Gaire,17993582,2,525,Nepal,iD 2.27.1,234,259,9,13,8,2,0,0,0,0,3,12.0,0.0,1.0,6.0,0.0,0.0,0.0,3.0,"{""building"": 12, ""addr:street"": 2, ""access"": 1, ""bicycle"": 1, ""foot"": 1, ""highway"": 1, ""horse"": 1, ""motor_vehicle"": 1}","{""highway"": 6, ""amenity"": 3, ""name"": 3, ""ref"": 3, ""ref:old"": 3, ""healthcare"": 2, ""landuse"": 2}",,2023-10-01 00:00:00+00:00,2023-10-08 00:00:00+00:00
13,Ashok Thakulla,https://www.openstreetmap.org/user/Ashok%20Thakulla,10963925,5,517,Nepal,JOSM/1.5 (18772 en),172,302,0,43,0,0,0,0,0,0,0,43.0,0.0,0.0,0.0,0.0,0.0,0.0,0.0,"{""building"": 43}",{},"#youthmapper,#ges,#ku,#rebmad,#osmNepal,#osmnepal,#hotosm-project-15128,#AssamMapping,#OSMNorthEastIndia,#OSMIndia,#GREd",2023-10-01 00:00:00+00:00,2023-10-08 00:00:00+00:00
14,maheshwor1,https://www.openstreetmap.org/user/maheshwor1,1283433,4,485,Nepal,iD 2.27.1,421,0,0,61,3,0,0,0,0,0,0,59.0,0.0,2.0,1.0,0.0,0.0,0.0,0.0,"{""building"": 59, ""highway"": 2}","{""natural"": 1, ""highway"": 1, ""surface"": 1, ""admin_level"": 1, ""boundary"": 1}",,2023-10-01 00:00:00+00:00,2023-10-08 00:00:00+00:00
15,MistiVolcano,https://www.openstreetmap.org/user/MistiVolcano,17131141,15,410,Nepal,JOSM/1.5 (18746 en),137,215,0,29,29,0,0,0,0,0,0,0.0,3.0,29.0,26.0,0.0,0.0,0.0,0.0,"{""highway"": 29, ""name"": 1}","{""highway"": 26, ""source"": 9, ""building"": 3, ""surface"": 2, ""bridge"": 1, ""layer"": 1, ""service"": 1, ""alt_name"": 1, ""name"": 1, ""ref"": 1}",#adt,2023-10-01 00:00:00+00:00,2023-10-08 00:00:00+00:00
16,Nolichucky,https://www.openstreetmap.org/user/Nolichucky,9090061,4,371,Nepal,JOSM/1.5 (18746 en),165,152,0,20,34,0,0,0,0,0,0,0.0,0.0,18.0,30.0,2.0,3.0,0.0,0.0,"{""highway"": 18, ""name"": 2, ""waterway"": 2, ""layer"": 1, ""tunnel"": 1}","{""highway"": 30, ""name"": 5, ""waterway"": 3, ""ref"": 2, ""width"": 2, ""bicycle"": 2, ""foot"": 2, ""motor_vehicle"": 2, ""access"": 1, ""landuse"": 1}",#adt,2023-10-01 00:00:00+00:00,2023-10-08 00:00:00+00:00
17,Alex_DSt,https://www.openstreetmap.org/user/Alex_DSt,18349674,3,249,Nepal,iD 2.27.1,171,62,0,5,11,0,0,0,0,0,0,0.0,0.0,5.0,11.0,0.0,0.0,0.0,0.0,"{""highway"": 5}","{""highway"": 11, ""source"": 1, ""surface"": 1}","#og2023,#aphub",2023-10-01 00:00:00+00:00,2023-10-08 00:00:00+00:00
18,rahulwaiba,https://www.openstreetmap.org/user/rahulwaiba,13134056,18,224,Nepal,iD 2.27.1,195,2,0,7,20,0,0,0,0,0,1,0.0,0.0,7.0,16.0,0.0,0.0,0.0,0.0,"{""highway"": 7, ""surface"": 3, ""name"": 1}","{""highway"": 16, ""name"": 6, ""name:en"": 3, ""name:ne"": 3, ""ref"": 3, ""lanes"": 2, ""ref:old"": 2, ""surface"": 2, ""boundary"": 2, ""natural"": 2, ""place"": 1, ""wikidata"": 1, ""wikipedia"": 1, ""service"": 1, ""layer"": 1, ""water"": 1, ""width"": 1, ""name:de"": 1, ""note"": 1, ""source"": 1, ""landuse"": 1, ""admin_level"": 1}",,2023-10-01 00:00:00+00:00,2023-10-08 00:00:00+00:00
19,GEO281_Gurung_Suko,https://www.openstreetmap.org/user/GEO281_Gurung_Suko,20402507,7,155,Nepal,iD 2.21.1,138,10,0,5,2,0,0,0,0,1,0,2.0,0.0,2.0,1.0,0.0,0.0,1.0,0.0,"{""name"": 3, ""building"": 2, ""highway"": 2, ""amenity"": 1, ""cuisine"": 1, ""diet:meat"": 1, ""landuse"": 1}","{""highway"": 1, ""natural"": 1}","#hotosm-project-14310,#Naxa,#RemoteMappingBirendranagar,#dmd,#OSMNepal,#WBR,#NFL,#EPFL",2023-10-01 00:00:00+00:00,2023-10-08 00:00:00+00:00
20,PripetRiver,https://www.openstreetmap.org/user/PripetRiver,19636659,2,150,Nepal,JOSM/1.5 (18746 en),26,117,0,0,7,0,0,0,0,0,0,0.0,0.0,0.0,7.0,0.0,0.0,0.0,0.0,{},"{""highway"": 7, ""cutting"": 1, ""footway"": 1, ""name"": 1, ""name:ne"": 1, ""bridge"": 1, ""layer"": 1}",#adt,2023-10-01 00:00:00+00:00,2023-10-08 00:00:00+00:00
21,Menal Malla,https://www.openstreetmap.org/user/Menal%20Malla,18711215,18,147,Nepal,iD 2.27.1,33,70,0,18,26,0,0,0,0,3,9,1.0,14.0,12.0,10.0,4.0,2.0,2.0,10.0,"{""highway"": 12, ""layer"": 7, ""name"": 6, ""bridge"": 5, ""waterway"": 4, ""amenity"": 2, ""office"": 2, ""tunnel"": 2, ""width"": 2, ""motor_vehicle"": 2, ""surface"": 2, ""operator"": 1, ""landuse"": 1, ""building"": 1, ""government"": 1, ""access"": 1, ""bicycle"": 1, ""foot"": 1, ""horse"": 1}","{""building"": 14, ""name"": 12, ""source"": 10, ""highway"": 10, ""amenity"": 10, ""width"": 3, ""building:levels"": 3, ""building_count"": 3, ""operator:type"": 3, ""personnel:count"": 3, ""name:en"": 2, ""healthcare"": 2, ""tourism"": 2, ""building:adjacency"": 2, ""building:bay:x"": 2, ""building:bay:y"": 2, ""building:overhang"": 2, ""building:ownership"": 2, ""building:soft_storey"": 2, ""building:structure"": 2, ""column:size"": 2, ""floor:material"": 2, ""occupant:day"": 2, ""occupant:evening"": 2, ""occupant:morning"": 2, ""occupant:night"": 2, ""physical_condition"": 2, ""retrofit"": 2, ""roof:material"": 2, ""roof:shape"": 2, ""shape:elevation"": 2, ""shape:plan"": 2, ""start_date"": 2, ""capacity:beds"": 2, ""facility:icu"": 2, ""facility:operating_theatre"": 2, ""facility:ventilator"": 2, ""facility:x-ray"": 2, ""opd:patients:count"": 2, ""waterway"": 2, ""crossing"": 1, ""crossing:markings"": 1, ""operator"": 1, ""bus"": 1, ""public_transport"": 1, ""addr:street"": 1, ""opening_hours"": 1, ""isced:level"": 1, ""seismic_resistance"": 1, ""student:count"": 1, ""internet_access"": 1, ""landuse"": 1, ""admin_level"": 1, ""boundary"": 1}",,2023-10-01 00:00:00+00:00,2023-10-08 00:00:00+00:00
22,Bibek_Karki,https://www.openstreetmap.org/user/Bibek_Karki,14580151,2,66,Nepal,JOSM/1.5 (18570 en_GB),39,19,0,6,2,0,0,0,0,0,0,5.0,0.0,1.0,2.0,0.0,0.0,0.0,0.0,"{""building"": 5, ""highway"": 1}","{""highway"": 2, ""ref"": 2, ""surface"": 2, ""source"": 1, ""name"": 1, ""name:en"": 1, ""ref:old"": 1}",,2023-10-01 00:00:00+00:00,2023-10-08 00:00:00+00:00
23,Rabina Poudyal,https://www.openstreetmap.org/user/Rabina%20Poudyal,13031156,2,65,Nepal,JOSM/1.5 (18822 en),52,0,0,13,0,0,0,0,0,0,0,13.0,0.0,0.0,0.0,0.0,0.0,0.0,0.0,"{""building"": 13}",{},"#hotosm-project-11969,#hotosm-project-11846,#osmnepal,#hot,#omh_ap,#booster_grant_nepal_2021,#kll,#bhartpur,#chitwan_national_park,#one_horned_rhino",2023-10-01 00:00:00+00:00,2023-10-08 00:00:00+00:00
24,Suraj Thapa,https://www.openstreetmap.org/user/Suraj%20Thapa,11593794,8,59,Nepal,"JOSM/1.5 (18360 Debian en),iD 2.27.1",9,19,0,1,30,0,0,0,0,0,2,0.0,4.0,0.0,25.0,0.0,0.0,1.0,4.0,"{""amenity"": 1, ""name"": 1, ""name:en"": 1}","{""highway"": 25, ""surface"": 24, ""width"": 20, ""oneway"": 13, ""lanes"": 11, ""name"": 10, ""access"": 5, ""foot"": 5, ""vehicle"": 5, ""amenity"": 4, ""emergency"": 4, ""ref"": 4, ""building"": 4, ""name:en"": 2, ""bridge"": 2, ""layer"": 2, ""barrier"": 1, ""designation"": 1, ""cycleway"": 1, ""internet_access"": 1, ""opening_hours"": 1, ""smoking"": 1, ""wheelchair"": 1, ""operator"": 1, ""bicycle"": 1, ""motor_vehicle"": 1, ""segregated"": 1, ""smoothness"": 1, ""sidewalk"": 1, ""source"": 1}",,2023-10-01 00:00:00+00:00,2023-10-08 00:00:00+00:00
25,b-jazz-bot,https://www.openstreetmap.org/user/b-jazz-bot,9451067,51,51,Nepal,https_all_the_things/0.0.7,0,39,0,0,12,0,0,0,0,0,39,0.0,12.0,0.0,0.0,0.0,0.0,0.0,7.0,{},"{""website"": 51, ""name"": 40, ""phone"": 33, ""email"": 23, ""office"": 21, ""addr:street"": 17, ""shop"": 14, ""building"": 12, ""opening_hours"": 11, ""source"": 10, ""name:en"": 10, ""addr:city"": 8, ""addr:postcode"": 7, ""amenity"": 7, ""description"": 5, ""operator"": 4, ""internet_access"": 4, ""mobile"": 4, ""building:adjacency"": 4, ""building:levels"": 4, ""addr:housenumber"": 4, ""name:fr"": 2, ""fax"": 2, ""building:gable_wall"": 2, ""building:overhang"": 2, ""building:soft_storey"": 2, ""building:structure"": 2, ""building:use"": 2, ""floor:material:type"": 2, ""roof:material:type"": 2, ""shape:elevation"": 2, ""shape:plan"": 2, ""building:age"": 2, ""building:condition"": 2, ""building:geological_site"": 2, ""building:lateral:material"": 2, ""building:lateral:system"": 2, ""building:levels:underground"": 2, ""capacity:persons"": 2, ""roof:material"": 2, ""roof:shape"": 2, ""toilets:wheelchair"": 1, ""wheelchair"": 1, ""country"": 1, ""diplomatic"": 1, ""embassy"": 1, ""target"": 1, ""addr:country"": 1, ""addr:state"": 1, ""layer"": 1, ""leisure"": 1, ""safety:health_protocol_guidelines_by:covid19"": 1, ""safety:protocol_training_by:covid19"": 1, ""tourism"": 1, ""atm"": 1, ""nrb_class"": 1, ""ward"": 1, ""craft"": 1, ""addr:housename"": 1, ""contact:person"": 1, ""contact:phone"": 1, ""description:ru"": 1, ""designation"": 1}",,2023-10-01 00:00:00+00:00,2023-10-08 00:00:00+00:00
26,nick010,https://www.openstreetmap.org/user/nick010,11116963,2,24,India,iD 2.21.1,21,0,0,3,0,0,0,0,0,0,0,1.0,0.0,0.0,0.0,0.0,0.0,0.0,0.0,"{""natural"": 2, ""water"": 2, ""building"": 1}",{},#hotosm-project-15648,2023-10-01 00:00:00+00:00,2023-10-08 00:00:00+00:00
27,Emanuelex,https://www.openstreetmap.org/user/Emanuelex,17047428,1,17,Nepal,iD 2.27.1,9,2,0,1,5,0,0,0,0,0,0,0.0,0.0,1.0,5.0,0.0,0.0,0.0,0.0,"{""highway"": 1}","{""highway"": 5, ""ref"": 1}","#og2023,#aphub",2023-10-01 00:00:00+00:00,2023-10-08 00:00:00+00:00
28,Calypso Frelimo,https://www.openstreetmap.org/user/Calypso%20Frelimo,20248037,2,17,Nepal,StreetComplete 54.0,0,16,0,0,1,0,0,0,0,0,16,0.0,0.0,0.0,1.0,0.0,0.0,0.0,2.0,{},"{""shop"": 14, ""name:signed"": 11, ""name"": 6, ""amenity"": 2, ""cuisine"": 1, ""male"": 1, ""highway"": 1, ""surface"": 1}",,2023-10-01 00:00:00+00:00,2023-10-08 00:00:00+00:00
29,OSMNAXA,https://www.openstreetmap.org/user/OSMNAXA,10250456,2,16,Nepal,RapiD 1.1.9-tm.1,12,0,0,2,2,0,0,0,0,0,0,0.0,0.0,2.0,2.0,0.0,0.0,0.0,0.0,"{""highway"": 2}","{""highway"": 2, ""surface"": 1, ""ref"": 1}","#hotosm-project-14310,#Naxa,#RemoteMappingBirendranagar,#dmd,#OSMNepal,#WBR,#NFL,#EPFL",2023-10-01 00:00:00+00:00,2023-10-08 00:00:00+00:00
30,whammo,https://www.openstreetmap.org/user/whammo,1962542,2,11,Nepal,Every Door Android 3.1,0,9,0,0,2,0,0,0,0,0,9,0.0,1.0,0.0,0.0,0.0,0.0,0.0,6.0,{},"{""check_date"": 10, ""name"": 9, ""amenity"": 6, ""name:ne"": 6, ""phone"": 4, ""website"": 3, ""internet_access"": 3, ""name:en"": 2, ""addr:city"": 2, ""addr:street"": 2, ""brand"": 2, ""brand:wikidata"": 2, ""shop"": 2, ""internet_access:fee"": 2, ""rooms"": 2, ""tourism"": 2, ""wheelchair"": 2, ""opening_hours"": 1, ""was:amenity"": 1, ""atm"": 1, ""nrb_class"": 1, ""operator"": 1, ""source"": 1, ""emergency"": 1, ""seamark:type"": 1, ""clothes"": 1, ""level"": 1, ""addr:postcode"": 1, ""air_conditioning"": 1, ""beds"": 1, ""contact:email"": 1, ""email"": 1, ""facility"": 1, ""stars"": 1, ""building"": 1, ""smoking"": 1}",,2023-10-01 00:00:00+00:00,2023-10-08 00:00:00+00:00
31,Kipriou,https://www.openstreetmap.org/user/Kipriou,12983189,10,11,Nepal,Organic Maps android 2023.09.22-27-Google,11,0,0,0,0,0,0,0,0,11,0,0.0,0.0,0.0,0.0,1.0,0.0,2.0,0.0,"{""name:en"": 10, ""tourism"": 7, ""amenity"": 2, ""waterway"": 1, ""shop"": 1}",{},,2023-10-01 00:00:00+00:00,2023-10-08 00:00:00+00:00
32,Aleksandar1994,https://www.openstreetmap.org/user/Aleksandar1994,3733993,1,10,Nepal,JOSM/1.5 (18822 en),9,0,0,1,0,0,0,0,0,1,0,1.0,0.0,0.0,0.0,0.0,0.0,0.0,0.0,"{""addr:city"": 1, ""addr:postcode"": 1, ""addr:street"": 1, ""name"": 1, ""opening_hours"": 1, ""operator"": 1, ""payment:cash"": 1, ""payment:esewa"": 1, ""payment:mobile_banking"": 1, ""phone"": 1, ""shop"": 1, ""building"": 1}",{},"#MapBuilder,#MSFTOpenMaps",2023-10-01 00:00:00+00:00,2023-10-08 00:00:00+00:00
33,tantomontemontetanto,https://www.openstreetmap.org/user/tantomontemontetanto,8848469,3,9,Nepal,OsmAnd~ 4.5.10,9,0,0,0,0,0,0,0,0,9,0,0.0,0.0,0.0,0.0,0.0,0.0,8.0,0.0,"{""amenity"": 8, ""drinking_water"": 1, ""natural"": 1}",{},,2023-10-01 00:00:00+00:00,2023-10-08 00:00:00+00:00
34,Nishon,https://www.openstreetmap.org/user/Nishon,9074692,3,8,Nepal,StreetComplete 53.2,0,0,0,0,8,0,0,0,0,0,0,0.0,0.0,0.0,8.0,0.0,0.0,0.0,0.0,{},"{""highway"": 8, ""surface"": 8, ""name"": 5, ""lit"": 4, ""width"": 4, ""name:en"": 3, ""name:ne"": 3, ""oneway"": 2, ""lanes"": 1}",,2023-10-01 00:00:00+00:00,2023-10-08 00:00:00+00:00
35,吾心无聊,https://www.openstreetmap.org/user/%E5%90%BE%E5%BF%83%E6%97%A0%E8%81%8A,20378934,5,8,Bhutan,iD 2.27.1,0,0,0,0,0,0,0,8,0,0,0,0.0,0.0,0.0,0.0,0.0,0.0,0.0,0.0,{},"{""boundary"": 8, ""name"": 8, ""type"": 8, ""admin_level"": 6, ""int_name"": 6, ""name:bo"": 6, ""name:cs"": 6, ""name:de"": 6, ""name:en"": 6, ""name:ja"": 6, ""name:uk"": 6, ""name:vi"": 6, ""name:zh"": 6, ""name:zh-Hant"": 6, ""population"": 6, ""population:date"": 6, ""wikidata"": 6, ""alt_name"": 4, ""alt_name:vi"": 4, ""division_code"": 4, ""name:af"": 4, ""name:ar"": 4, ""name:as"": 4, ""name:az"": 4, ""name:be"": 4, ""name:bg"": 4, ""name:bn"": 4, ""name:br"": 4, ""name:bs"": 4, ""name:ca"": 4, ""name:da"": 4, ""name:dz"": 4, ""name:el"": 4, ""name:eo"": 4, ""name:es"": 4, ""name:et"": 4, ""name:eu"": 4, ""name:fa"": 4, ""name:fi"": 4, ""name:fr"": 4, ""name:gl"": 4, ""name:gv"": 4, ""name:he"": 4, ""name:hi"": 4, ""name:hr"": 4, ""name:hsb"": 4, ""name:hu"": 4, ""name:hy"": 4, ""name:ia"": 4, ""name:id"": 4, ""name:is"": 4, ""name:it"": 4, ""name:ka"": 4, ""name:kg"": 4, ""name:kn"": 4, ""name:ko"": 4, ""name:ku"": 4, ""name:kw"": 4, ""name:lt"": 4, ""name:lv"": 4, ""name:ml"": 4, ""name:mn"": 4, ""name:mr"": 4, ""name:ms"": 4, ""name:nan"": 4, ""name:nl"": 4, ""name:nn"": 4, ""name:no"": 4, ""name:or"": 4, ""name:os"": 4, ""name:pa"": 4, ""name:pl"": 4, ""name:pt"": 4, ""name:qu"": 4, ""name:ro"": 4, ""name:ru"": 4, ""name:sk"": 4, ""name:sq"": 4, ""name:sr"": 4, ""name:su"": 4, ""name:sv"": 4, ""name:ta"": 4, ""name:te"": 4, ""name:tg"": 4, ""name:th"": 4, ""name:tl"": 4, ""name:tr"": 4, ""name:ug"": 4, ""name:ur"": 4, ""name:uz"": 4, ""name:yo"": 4, ""name:yue"": 4, ""name:za"": 4, ""name:zh-Hans"": 4, ""name:zh-Latn-pinyin"": 4, ""official_name"": 4, ""official_name:cs"": 4, ""official_name:de"": 4, ""official_name:en"": 4, ""official_name:es"": 4, ""official_name:fr"": 4, ""official_name:hr"": 4, ""official_name:hsb"": 4, ""official_name:hu"": 4, ""official_name:it"": 4, ""official_name:lt"": 4, ""official_name:nl"": 4, ""official_name:pl"": 4, ""official_name:pt"": 4, ""official_name:ro"": 4, ""official_name:ru"": 4, ""official_name:sk"": 4, ""official_name:uk"": 4, ""wikipedia"": 4, ""ISO3166-2"": 2, ""note"": 2, ""ref"": 2, ""ref:en"": 2, ""ref:zh"": 2, ""short_name"": 2, ""source:population"": 2, ""ISO3166-1"": 2, ""ISO3166-1:alpha2"": 2, ""ISO3166-1:alpha3"": 2, ""ISO3166-1:numeric"": 2, ""alt_name:af"": 2, ""alt_name:als"": 2, ""alt_name:av"": 2, ""alt_name:be"": 2, ""alt_name:chr"": 2, ""alt_name:crh"": 2, ""alt_name:cy"": 2, ""alt_name:en"": 2, ""alt_name:eo"": 2, ""alt_name:gd"": 2, ""alt_name:jbo"": 2, ""alt_name:jv"": 2, ""alt_name:koi"": 2, ""alt_name:la"": 2, ""alt_name:lez"": 2, ""alt_name:ln"": 2, ""alt_name:min"": 2, ""alt_name:nan"": 2, ""alt_name:nan-HJ"": 2, ""alt_name:nan-POJ"": 2, ""alt_name:nan-TL"": 2, ""alt_name:nds"": 2, ""alt_name:nrm"": 2, ""alt_name:qu"": 2, ""alt_name:rmy"": 2, ""alt_name:ru"": 2, ""alt_name:sl"": 2, ""alt_name:sr"": 2, ""alt_name:su"": 2, ""alt_name:sw"": 2, ""alt_name:tpi"": 2, ""alt_name:za"": 2, ""alt_name:zh"": 2, ""alt_name:zh-Hans"": 2, ""alt_name:zh-Hant"": 2, ""default_language"": 2, ""flag"": 2, ""name:UN:ar"": 2, ""name:UN:en"": 2, ""name:UN:es"": 2, ""name:UN:fr"": 2, ""name:UN:ru"": 2, ""name:UN:zh"": 2, ""name:Zsye"": 2, ""name:aa"": 2, ""name:ab"": 2, ""name:ace"": 2, ""name:ady"": 2, ""name:ak"": 2, ""name:als"": 2, ""name:am"": 2, ""name:an"": 2, ""name:ang"": 2, ""name:arc"": 2, ""name:arz"": 2, ""name:ast"": 2, ""name:av"": 2, ""name:ay"": 2, ""name:azb"": 2, ""name:ba"": 2, ""name:bar"": 2, ""name:bcl"": 2, ""name:be-tarask"": 2, ""name:bh"": 2, ""name:bi"": 2, ""name:bjn"": 2, ""name:bm"": 2, ""name:bpy"": 2, ""name:bxr"": 2, ""name:cal"": 2, ""name:cbk-zam"": 2, ""name:ce"": 2, ""name:ceb"": 2, ""name:ch"": 2, ""name:chr"": 2, ""name:chy"": 2, ""name:ckb"": 2, ""name:co"": 2, ""name:crh"": 2, ""name:csb"": 2, ""name:cu"": 2, ""name:cv"": 2, ""name:cy"": 2, ""name:diq"": 2, ""name:dsb"": 2, ""name:dty"": 2, ""name:dv"": 2, ""name:ee"": 2, ""name:eml"": 2, ""name:ext"": 2, ""name:ff"": 2, ""name:fj"": 2, ""name:fo"": 2, ""name:frp"": 2, ""name:frr"": 2, ""name:fur"": 2, ""name:fy"": 2, ""name:ga"": 2, ""name:gag"": 2, ""name:gan"": 2, ""name:gd"": 2, ""name:gn"": 2, ""name:gom"": 2, ""name:gu"": 2, ""name:ha"": 2, ""name:hak"": 2, ""name:haw"": 2, ""name:hif"": 2, ""name:ht"": 2, ""name:ie"": 2, ""name:ig"": 2, ""name:ii"": 2, ""name:ik"": 2, ""name:ilo"": 2, ""name:io"": 2, ""name:iu"": 2, ""name:jam"": 2, ""name:jbo"": 2, ""name:jv"": 2, ""name:kaa"": 2, ""name:kab"": 2, ""name:kbd"": 2, ""name:kbp"": 2, ""name:ki"": 2, ""name:kk"": 2, ""name:kl"": 2, ""name:km"": 2, ""name:ko-Hani"": 2, ""name:koi"": 2, ""name:krc"": 2, ""name:ks"": 2, ""name:ksh"": 2, ""name:kv"": 2, ""name:ky"": 2, ""name:la"": 2, ""name:lad"": 2, ""name:lb"": 2, ""name:lez"": 2, ""name:lg"": 2, ""name:li"": 2, ""name:lmo"": 2, ""name:ln"": 2, ""name:lo"": 2, ""name:lrc"": 2, ""name:lzh"": 2, ""name:mai"": 2, ""name:mdf"": 2, ""name:mg"": 2, ""name:mhr"": 2, ""name:mi"": 2, ""name:min"": 2, ""name:mk"": 2, ""name:mt"": 2, ""name:mwl"": 2, ""name:my"": 2, ""name:myv"": 2, ""name:mzn"": 2, ""name:na"": 2, ""name:nah"": 2, ""name:nan-HJ"": 2, ""name:nan-POJ"": 2, ""name:nan-TL"": 2, ""name:nap"": 2, ""name:nb"": 2, ""name:nds"": 2, ""name:nds-nl"": 2, ""name:ne"": 2, ""name:new"": 2, ""name:nov"": 2, ""name:nrm"": 2, ""name:nso"": 2, ""name:nv"": 2, ""name:ny"": 2, ""name:oc"": 2, ""name:olo"": 2, ""name:om"": 2, ""name:pag"": 2, ""name:pam"": 2, ""name:pap"": 2, ""name:pcd"": 2, ""name:pih"": 2, ""name:pms"": 2, ""name:pnb"": 2, ""name:pnt"": 2, ""name:ps"": 2, ""name:rm"": 2, ""name:rmy"": 2, ""name:rn"": 2, ""name:roa-tara"": 2, ""name:rue"": 2, ""name:rw"": 2, ""name:sah"": 2, ""name:sc"": 2, ""name:scn"": 2, ""name:sco"": 2, ""name:sd"": 2, ""name:se"": 2, ""name:sg"": 2, ""name:sh"": 2, ""name:si"": 2, ""name:sl"": 2, ""name:sm"": 2, ""name:smn"": 2, ""name:sms"": 2, ""name:sn"": 2, ""name:so"": 2, ""name:srn"": 2, ""name:ss"": 2, ""name:st"": 2, ""name:stq"": 2, ""name:sw"": 2, ""name:szl"": 2, ""name:tet"": 2, ""name:ti"": 2, ""name:tk"": 2, ""name:tn"": 2, ""name:to"": 2, ""name:tok"": 2, ""name:tpi"": 2, ""name:ts"": 2, ""name:tt"": 2, ""name:tum"": 2, ""name:tw"": 2, ""name:ty"": 2, ""name:tyv"": 2, ""name:tzl"": 2, ""name:udm"": 2, ""name:ve"": 2, ""name:vec"": 2, ""name:vep"": 2, ""name:vls"": 2, ""name:vo"": 2, ""name:vro"": 2, ""name:war"": 2, ""name:wo"": 2, ""name:wuu"": 2, ""name:xal"": 2, ""name:xh"": 2, ""name:xmf"": 2, ""name:yi"": 2, ""name:za-Hani"": 2, ""name:zea"": 2, ""name:zu"": 2, ""official_name:ab"": 2, ""official_name:ace"": 2, ""official_name:af"": 2, ""official_name:als"": 2, ""official_name:am"": 2, ""official_name:an"": 2, ""official_name:ang"": 2, ""official_name:ar"": 2, ""official_name:arc"": 2, ""official_name:arz"": 2, ""official_name:as"": 2, ""official_name:ast"": 2, ""official_name:av"": 2, ""official_name:ay"": 2, ""official_name:az"": 2, ""official_name:azb"": 2, ""official_name:ba"": 2, ""official_name:bar"": 2, ""official_name:bat-smg"": 2, ""official_name:bcl"": 2, ""official_name:be"": 2, ""official_name:be-tarask"": 2, ""official_name:bg"": 2, ""official_name:bh"": 2, ""official_name:bjn"": 2, ""official_name:bm"": 2, ""official_name:bn"": 2, ""official_name:bo"": 2, ""official_name:bpy"": 2, ""official_name:br"": 2, ""official_name:bs"": 2, ""official_name:bxr"": 2, ""official_name:ca"": 2, ""official_name:cbk-zam"": 2, ""official_name:cdo"": 2, ""official_name:ce"": 2, ""official_name:ceb"": 2, ""official_name:chr"": 2, ""official_name:ckb"": 2, ""official_name:co"": 2, ""official_name:crh"": 2, ""official_name:csb"": 2, ""official_name:cu"": 2, ""official_name:cv"": 2, ""official_name:cy"": 2, ""official_name:da"": 2, ""official_name:diq"": 2, ""official_name:dsb"": 2, ""official_name:dty"": 2, ""official_name:el"": 2, ""official_name:eml"": 2, ""official_name:eo"": 2, ""official_name:et"": 2, ""official_name:eu"": 2, ""official_name:ext"": 2, ""official_name:fa"": 2, ""official_name:fi"": 2, ""official_name:fo"": 2, ""official_name:frp"": 2, ""official_name:frr"": 2, ""official_name:fy"": 2, ""official_name:ga"": 2, ""official_name:gag"": 2, ""official_name:gan"": 2, ""official_name:gd"": 2, ""official_name:gl"": 2, ""official_name:gn"": 2, ""official_name:gu"": 2, ""official_name:gv"": 2, ""official_name:ha"": 2, ""official_name:hak"": 2, ""official_name:he"": 2, ""official_name:hi"": 2, ""official_name:hif"": 2, ""official_name:hy"": 2, ""official_name:ia"": 2, ""official_name:id"": 2, ""official_name:ilo"": 2, ""official_name:io"": 2, ""official_name:is"": 2, ""official_name:ja"": 2, ""official_name:jam"": 2, ""official_name:jbo"": 2, ""official_name:jv"": 2, ""official_name:ka"": 2, ""official_name:kbd"": 2, ""official_name:kg"": 2, ""official_name:ki"": 2, ""official_name:kk"": 2, ""official_name:kl"": 2, ""official_name:km"": 2, ""official_name:kn"": 2, ""official_name:ko"": 2, ""official_name:ko-Hani"": 2, ""official_name:koi"": 2, ""official_name:krc"": 2, ""official_name:ku"": 2, ""official_name:kw"": 2, ""official_name:ky"": 2, ""official_name:la"": 2, ""official_name:lad"": 2, ""official_name:lb"": 2, ""official_name:lez"": 2, ""official_name:li"": 2, ""official_name:lmo"": 2, ""official_name:lo"": 2, ""official_name:lrc"": 2, ""official_name:lv"": 2, ""official_name:lzh"": 2, ""official_name:mai"": 2, ""official_name:mdf"": 2, ""official_name:mg"": 2, ""official_name:mi"": 2, ""official_name:min"": 2, ""official_name:mk"": 2, ""official_name:ml"": 2, ""official_name:mn"": 2, ""official_name:mr"": 2, ""official_name:ms"": 2, ""official_name:mt"": 2, ""official_name:mwl"": 2, ""official_name:my"": 2, ""official_name:myv"": 2, ""official_name:mzn"": 2, ""official_name:nah"": 2, ""official_name:nan"": 2, ""official_name:nan-HJ"": 2, ""official_name:nan-POJ"": 2, ""official_name:nan-TL"": 2, ""official_name:nap"": 2, ""official_name:nds"": 2, ""official_name:nds-nl"": 2, ""official_name:ne"": 2, ""official_name:new"": 2, ""official_name:nn"": 2, ""official_name:no"": 2, ""official_name:nov"": 2, ""official_name:nrm"": 2, ""official_name:nso"": 2, ""official_name:oc"": 2, ""official_name:olo"": 2, ""official_name:om"": 2, ""official_name:os"": 2, ""official_name:pa"": 2, ""official_name:pag"": 2, ""official_name:pam"": 2, ""official_name:pap"": 2, ""official_name:pcd"": 2, ""official_name:pih"": 2, ""official_name:pnt"": 2, ""official_name:ps"": 2, ""official_name:qu"": 2, ""official_name:roa-tara"": 2, ""official_name:rue"": 2, ""official_name:sah"": 2, ""official_name:scn"": 2, ""official_name:sco"": 2, ""official_name:sd"": 2, ""official_name:se"": 2, ""official_name:sg"": 2, ""official_name:sh"": 2, ""official_name:si"": 2, ""official_name:sl"": 2, ""official_name:sm"": 2, ""official_name:sq"": 2, ""official_name:sr"": 2, ""official_name:srn"": 2, ""official_name:stq"": 2, ""official_name:su"": 2, ""official_name:sv"": 2, ""official_name:sw"": 2, ""official_name:szl"": 2, ""official_name:ta"": 2, ""official_name:te"": 2, ""official_name:tet"": 2, ""official_name:tg"": 2, ""official_name:th"": 2, ""official_name:ti"": 2, ""official_name:tk"": 2, ""official_name:tl"": 2, ""official_name:tpi"": 2, ""official_name:tr"": 2, ""official_name:tt"": 2, ""official_name:udm"": 2, ""official_name:ug"": 2, ""official_name:ur"": 2, ""official_name:uz"": 2, ""official_name:vec"": 2, ""official_name:vep"": 2, ""official_name:vi"": 2, ""official_name:vls"": 2, ""official_name:vro"": 2, ""official_name:war"": 2, ""official_name:wo"": 2, ""official_name:wuu"": 2, ""official_name:xmf"": 2, ""official_name:yi"": 2, ""official_name:yo"": 2, ""official_name:yue"": 2, ""official_name:za"": 2, ""official_name:zea"": 2, ""official_name:zh"": 2, ""official_name:zh-Hans"": 2, ""official_name:zh-Hant"": 2, ""old_name:eo"": 2, ""short_name:ab"": 2, ""short_name:ang"": 2, ""short_name:av"": 2, ""short_name:az"": 2, ""short_name:ba"": 2, ""short_name:bat-smg"": 2, ""short_name:be"": 2, ""short_name:bjn"": 2, ""short_name:ce"": 2, ""short_name:ceb"": 2, ""short_name:cs"": 2, ""short_name:cv"": 2, ""short_name:cy"": 2, ""short_name:dty"": 2, ""short_name:en"": 2, ""short_name:et"": 2, ""short_name:fr"": 2, ""short_name:ga"": 2, ""short_name:hy"": 2, ""short_name:id"": 2, ""short_name:ilo"": 2, ""short_name:jv"": 2, ""short_name:krc"": 2, ""short_name:min"": 2, ""short_name:mk"": 2, ""short_name:ml"": 2, ""short_name:ms"": 2, ""short_name:mt"": 2, ""short_name:mwl"": 2, ""short_name:nan"": 2, ""short_name:nan-HJ"": 2, ""short_name:nan-POJ"": 2, ""short_name:nan-TL"": 2, ""short_name:ne"": 2, ""short_name:pl"": 2, ""short_name:pt"": 2, ""short_name:ru"": 2, ""short_name:sco"": 2, ""short_name:sl"": 2, ""short_name:sr"": 2, ""short_name:su"": 2, ""short_name:szl"": 2, ""short_name:tg"": 2, ""short_name:tk"": 2, ""short_name:tr"": 2, ""short_name:tt"": 2, ""short_name:uz"": 2, ""short_name:vec"": 2, ""short_name:zh"": 2, ""short_name:zh-Hans"": 2, ""short_name:zh-Hant"": 2, ""website"": 2, ""name:zh_pinyin"": 2, ""old_division_code"": 2, ""old_name"": 2, ""timezone"": 2}",,2023-10-01 00:00:00+00:00,2023-10-08 00:00:00+00:00
36,Heinz_V,https://www.openstreetmap.org/user/Heinz_V,91490,7,8,India,JOSM/1.5 (18721 en),0,0,0,0,0,0,0,8,0,0,0,0.0,0.0,0.0,0.0,0.0,0.0,0.0,0.0,{},"{""boundary"": 8, ""name"": 8, ""type"": 8, ""ISO3166-2"": 3, ""admin_level"": 3, ""is_in:country"": 3, ""is_in:country_code"": 3, ""name:ar"": 3, ""name:cs"": 3, ""name:de"": 3, ""name:en"": 3, ""name:eo"": 3, ""name:es"": 3, ""name:fr"": 3, ""name:hi"": 3, ""name:ja"": 3, ""name:kn"": 3, ""name:ku"": 3, ""name:pa"": 3, ""name:ru"": 3, ""name:ta"": 3, ""name:uk"": 3, ""name:zh"": 3, ""ref"": 3, ""wikidata"": 3, ""wikipedia"": 3}",,2023-10-01 00:00:00+00:00,2023-10-08 00:00:00+00:00
37,frozenrabi,https://www.openstreetmap.org/user/frozenrabi,10459757,4,6,Nepal,"Organic Maps android 2023.08.18-8-Google,Every Door Android 3.0",5,1,0,0,0,0,0,0,0,5,1,0.0,0.0,0.0,0.0,0.0,0.0,1.0,0.0,"{""name:en"": 4, ""shop"": 2, ""office"": 1, ""amenity"": 1, ""check_date"": 1, ""internet_access"": 1, ""internet_access:fee"": 1, ""name"": 1, ""tourism"": 1}","{""name"": 1, ""name:en"": 1, ""name:ne"": 1, ""place"": 1, ""shop"": 1}","#mapbuds,#frozenrabi,#osmnepal",2023-10-01 00:00:00+00:00,2023-10-08 00:00:00+00:00
38,gscholz,https://www.openstreetmap.org/user/gscholz,109705,4,6,Nepal,JOSM/1.5 (18822 de),0,0,0,0,3,0,0,3,0,0,0,0.0,1.0,0.0,1.0,0.0,0.0,0.0,0.0,{},"{""type"": 3, ""name"": 2, ""place"": 2, ""region:type"": 2, ""building"": 1, ""landuse"": 1, ""highway"": 1, ""wikidata"": 1}",,2023-10-01 00:00:00+00:00,2023-10-08 00:00:00+00:00
39,red-swan,https://www.openstreetmap.org/user/red-swan,19925962,1,6,China,iD 2.27.1,0,0,0,0,0,0,0,6,0,0,0,0.0,0.0,0.0,0.0,0.0,0.0,0.0,0.0,{},"{""boundary"": 6, ""name"": 6, ""type"": 6, ""name:de"": 4, ""name:en"": 4, ""name:fr"": 4, ""name:ur"": 4, ""admin_level"": 3, ""name:ar"": 3, ""name:az"": 3, ""name:be"": 3, ""name:bg"": 3, ""name:bn"": 3, ""name:bo"": 3, ""name:br"": 3, ""name:bs"": 3, ""name:ca"": 3, ""name:cs"": 3, ""name:da"": 3, ""name:dz"": 3, ""name:el"": 3, ""name:eo"": 3, ""name:es"": 3, ""name:et"": 3, ""name:eu"": 3, ""name:fa"": 3, ""name:fi"": 3, ""name:gv"": 3, ""name:he"": 3, ""name:hi"": 3, ""name:hr"": 3, ""name:hsb"": 3, ""name:hu"": 3, ""name:hy"": 3, ""name:ia"": 3, ""name:id"": 3, ""name:is"": 3, ""name:it"": 3, ""name:ja"": 3, ""name:ka"": 3, ""name:kg"": 3, ""name:kn"": 3, ""name:ko"": 3, ""name:ku"": 3, ""name:kw"": 3, ""name:lt"": 3, ""name:lv"": 3, ""name:ml"": 3, ""name:mn"": 3, ""name:mr"": 3, ""name:ms"": 3, ""name:nan"": 3, ""name:nl"": 3, ""name:nn"": 3, ""name:no"": 3, ""name:or"": 3, ""name:os"": 3, ""name:pa"": 3, ""name:pl"": 3, ""name:pt"": 3, ""name:qu"": 3, ""name:ro"": 3, ""name:ru"": 3, ""name:sk"": 3, ""name:sq"": 3, ""name:sr"": 3, ""name:su"": 3, ""name:sv"": 3, ""name:ta"": 3, ""name:te"": 3, ""name:tg"": 3, ""name:th"": 3, ""name:tl"": 3, ""name:tr"": 3, ""name:ug"": 3, ""name:uk"": 3, ""name:uz"": 3, ""name:vi"": 3, ""name:yo"": 3, ""name:yue"": 3, ""name:za"": 3, ""name:zh"": 3, ""name:zh-Hans"": 3, ""name:zh-Hant"": 3, ""official_name:cs"": 3, ""official_name:de"": 3, ""official_name:en"": 3, ""official_name:es"": 3, ""official_name:fr"": 3, ""official_name:pl"": 3, ""official_name:ru"": 3, ""population"": 3, ""population:date"": 3, ""wikidata"": 3, ""wikipedia"": 3, ""alt_name"": 2, ""alt_name:vi"": 2, ""int_name"": 2, ""name:af"": 2, ""name:as"": 2, ""name:gl"": 2, ""name:zh-Latn-pinyin"": 2, ""official_name"": 2, ""official_name:hr"": 2, ""official_name:hsb"": 2, ""official_name:hu"": 2, ""official_name:it"": 2, ""official_name:lt"": 2, ""official_name:nl"": 2, ""official_name:pt"": 2, ""official_name:ro"": 2, ""official_name:sk"": 2, ""official_name:uk"": 2, ""source:population"": 2, ""ISO3166-1"": 2, ""ISO3166-1:alpha2"": 2, ""ISO3166-1:alpha3"": 2, ""ISO3166-1:numeric"": 2, ""alt_name:eo"": 2, ""flag"": 2, ""name:am"": 2, ""name:arc"": 2, ""name:azb"": 2, ""name:ba"": 2, ""name:bar"": 2, ""name:bcl"": 2, ""name:be-tarask"": 2, ""name:bh"": 2, ""name:bi"": 2, ""name:bjn"": 2, ""name:bpy"": 2, ""name:bxr"": 2, ""name:cbk-zam"": 2, ""name:ce"": 2, ""name:ceb"": 2, ""name:chr"": 2, ""name:ckb"": 2, ""name:co"": 2, ""name:crh"": 2, ""name:csb"": 2, ""name:cv"": 2, ""name:cy"": 2, ""name:diq"": 2, ""name:dsb"": 2, ""name:dv"": 2, ""name:ee"": 2, ""name:ext"": 2, ""name:fo"": 2, ""name:frp"": 2, ""name:frr"": 2, ""name:fur"": 2, ""name:fy"": 2, ""name:ga"": 2, ""name:gag"": 2, ""name:gan"": 2, ""name:gd"": 2, ""name:gn"": 2, ""name:gu"": 2, ""name:ha"": 2, ""name:hak"": 2, ""name:haw"": 2, ""name:hif"": 2, ""name:ht"": 2, ""name:ie"": 2, ""name:ig"": 2, ""name:ilo"": 2, ""name:io"": 2, ""name:iu"": 2, ""name:jbo"": 2, ""name:jv"": 2, ""name:kbd"": 2, ""name:kk"": 2, ""name:kl"": 2, ""name:km"": 2, ""name:krc"": 2, ""name:ks"": 2, ""name:kv"": 2, ""name:ky"": 2, ""name:la"": 2, ""name:lb"": 2, ""name:lez"": 2, ""name:li"": 2, ""name:lmo"": 2, ""name:ln"": 2, ""name:lrc"": 2, ""name:lzh"": 2, ""name:mdf"": 2, ""name:mg"": 2, ""name:mi"": 2, ""name:mk"": 2, ""name:mt"": 2, ""name:mwl"": 2, ""name:my"": 2, ""name:mzn"": 2, ""name:na"": 2, ""name:nah"": 2, ""name:nap"": 2, ""name:nds"": 2, ""name:nds-nl"": 2, ""name:ne"": 2, ""name:new"": 2, ""name:nov"": 2, ""name:nrm"": 2, ""name:nv"": 2, ""name:oc"": 2, ""name:pam"": 2, ""name:pap"": 2, ""name:pcd"": 2, ""name:pih"": 2, ""name:pms"": 2, ""name:pnb"": 2, ""name:ps"": 2, ""name:rm"": 2, ""name:rmy"": 2, ""name:rn"": 2, ""name:roa-tara"": 2, ""name:rue"": 2, ""name:rw"": 2, ""name:sah"": 2, ""name:sc"": 2, ""name:scn"": 2, ""name:sco"": 2, ""name:sd"": 2, ""name:se"": 2, ""name:sh"": 2, ""name:si"": 2, ""name:sl"": 2, ""name:sm"": 2, ""name:smn"": 2, ""name:sms"": 2, ""name:so"": 2, ""name:srn"": 2, ""name:ss"": 2, ""name:stq"": 2, ""name:sw"": 2, ""name:szl"": 2, ""name:tet"": 2, ""name:tk"": 2, ""name:to"": 2, ""name:tpi"": 2, ""name:ts"": 2, ""name:tt"": 2, ""name:ty"": 2, ""name:udm"": 2, ""name:vec"": 2, ""name:vo"": 2, ""name:vro"": 2, ""name:war"": 2, ""name:wo"": 2, ""name:wuu"": 2, ""name:xal"": 2, ""name:xmf"": 2, ""name:yi"": 2, ""name:zea"": 2, ""name:zu"": 2, ""official_name:ar"": 2, ""official_name:azb"": 2, ""official_name:eo"": 2, ""official_name:fa"": 2, ""official_name:pa"": 2, ""official_name:ps"": 2, ""official_name:ur"": 2, ""official_name:vi"": 2, ""timezone"": 2, ""ISO3166-2"": 1, ""division_code"": 1, ""note"": 1, ""ref"": 1, ""ref:en"": 1, ""ref:zh"": 1, ""short_name"": 1, ""alt_name:af"": 1, ""alt_name:als"": 1, ""alt_name:av"": 1, ""alt_name:be"": 1, ""alt_name:chr"": 1, ""alt_name:crh"": 1, ""alt_name:cy"": 1, ""alt_name:en"": 1, ""alt_name:gd"": 1, ""alt_name:jbo"": 1, ""alt_name:jv"": 1, ""alt_name:koi"": 1, ""alt_name:la"": 1, ""alt_name:lez"": 1, ""alt_name:ln"": 1, ""alt_name:min"": 1, ""alt_name:nan"": 1, ""alt_name:nan-HJ"": 1, ""alt_name:nan-POJ"": 1, ""alt_name:nan-TL"": 1, ""alt_name:nds"": 1, ""alt_name:nrm"": 1, ""alt_name:qu"": 1, ""alt_name:rmy"": 1, ""alt_name:ru"": 1, ""alt_name:sl"": 1, ""alt_name:sr"": 1, ""alt_name:su"": 1, ""alt_name:sw"": 1, ""alt_name:tpi"": 1, ""alt_name:za"": 1, ""alt_name:zh"": 1, ""alt_name:zh-Hans"": 1, ""alt_name:zh-Hant"": 1, ""default_language"": 1, ""name:UN:ar"": 1, ""name:UN:en"": 1, ""name:UN:es"": 1, ""name:UN:fr"": 1, ""name:UN:ru"": 1, ""name:UN:zh"": 1, ""name:Zsye"": 1, ""name:aa"": 1, ""name:ab"": 1, ""name:ace"": 1, ""name:ady"": 1, ""name:ak"": 1, ""name:als"": 1, ""name:an"": 1, ""name:ang"": 1, ""name:arz"": 1, ""name:ast"": 1, ""name:av"": 1, ""name:ay"": 1, ""name:bm"": 1, ""name:cal"": 1, ""name:ch"": 1, ""name:chy"": 1, ""name:cu"": 1, ""name:dty"": 1, ""name:eml"": 1, ""name:ff"": 1, ""name:fj"": 1, ""name:gom"": 1, ""name:ii"": 1, ""name:ik"": 1, ""name:jam"": 1, ""name:kaa"": 1, ""name:kab"": 1, ""name:kbp"": 1, ""name:ki"": 1, ""name:ko-Hani"": 1, ""name:koi"": 1, ""name:ksh"": 1, ""name:lad"": 1, ""name:lg"": 1, ""name:lo"": 1, ""name:mai"": 1, ""name:mhr"": 1, ""name:min"": 1, ""name:myv"": 1, ""name:nan-HJ"": 1, ""name:nan-POJ"": 1, ""name:nan-TL"": 1, ""name:nb"": 1, ""name:nso"": 1, ""name:ny"": 1, ""name:olo"": 1, ""name:om"": 1, ""name:pag"": 1, ""name:pnt"": 1, ""name:sg"": 1, ""name:sn"": 1, ""name:st"": 1, ""name:ti"": 1, ""name:tn"": 1, ""name:tok"": 1, ""name:tum"": 1, ""name:tw"": 1, ""name:tyv"": 1, ""name:tzl"": 1, ""name:ve"": 1, ""name:vep"": 1, ""name:vls"": 1, ""name:xh"": 1, ""name:za-Hani"": 1, ""official_name:ab"": 1, ""official_name:ace"": 1, ""official_name:af"": 1, ""official_name:als"": 1, ""official_name:am"": 1, ""official_name:an"": 1, ""official_name:ang"": 1, ""official_name:arc"": 1, ""official_name:arz"": 1, ""official_name:as"": 1, ""official_name:ast"": 1, ""official_name:av"": 1, ""official_name:ay"": 1, ""official_name:az"": 1, ""official_name:ba"": 1, ""official_name:bar"": 1, ""official_name:bat-smg"": 1, ""official_name:bcl"": 1, ""official_name:be"": 1, ""official_name:be-tarask"": 1, ""official_name:bg"": 1, ""official_name:bh"": 1, ""official_name:bjn"": 1, ""official_name:bm"": 1, ""official_name:bn"": 1, ""official_name:bo"": 1, ""official_name:bpy"": 1, ""official_name:br"": 1, ""official_name:bs"": 1, ""official_name:bxr"": 1, ""official_name:ca"": 1, ""official_name:cbk-zam"": 1, ""official_name:cdo"": 1, ""official_name:ce"": 1, ""official_name:ceb"": 1, ""official_name:chr"": 1, ""official_name:ckb"": 1, ""official_name:co"": 1, ""official_name:crh"": 1, ""official_name:csb"": 1, ""official_name:cu"": 1, ""official_name:cv"": 1, ""official_name:cy"": 1, ""official_name:da"": 1, ""official_name:diq"": 1, ""official_name:dsb"": 1, ""official_name:dty"": 1, ""official_name:el"": 1, ""official_name:eml"": 1, ""official_name:et"": 1, ""official_name:eu"": 1, ""official_name:ext"": 1, ""official_name:fi"": 1, ""official_name:fo"": 1, ""official_name:frp"": 1, ""official_name:frr"": 1, ""official_name:fy"": 1, ""official_name:ga"": 1, ""official_name:gag"": 1, ""official_name:gan"": 1, ""official_name:gd"": 1, ""official_name:gl"": 1, ""official_name:gn"": 1, ""official_name:gu"": 1, ""official_name:gv"": 1, ""official_name:ha"": 1, ""official_name:hak"": 1, ""official_name:he"": 1, ""official_name:hi"": 1, ""official_name:hif"": 1, ""official_name:hy"": 1, ""official_name:ia"": 1, ""official_name:id"": 1, ""official_name:ilo"": 1, ""official_name:io"": 1, ""official_name:is"": 1, ""official_name:ja"": 1, ""official_name:jam"": 1, ""official_name:jbo"": 1, ""official_name:jv"": 1, ""official_name:ka"": 1, ""official_name:kbd"": 1, ""official_name:kg"": 1, ""official_name:ki"": 1, ""official_name:kk"": 1, ""official_name:kl"": 1, ""official_name:km"": 1, ""official_name:kn"": 1, ""official_name:ko"": 1, ""official_name:ko-Hani"": 1, ""official_name:koi"": 1, ""official_name:krc"": 1, ""official_name:ku"": 1, ""official_name:kw"": 1, ""official_name:ky"": 1, ""official_name:la"": 1, ""official_name:lad"": 1, ""official_name:lb"": 1, ""official_name:lez"": 1, ""official_name:li"": 1, ""official_name:lmo"": 1, ""official_name:lo"": 1, ""official_name:lrc"": 1, ""official_name:lv"": 1, ""official_name:lzh"": 1, ""official_name:mai"": 1, ""official_name:mdf"": 1, ""official_name:mg"": 1, ""official_name:mi"": 1, ""official_name:min"": 1, ""official_name:mk"": 1, ""official_name:ml"": 1, ""official_name:mn"": 1, ""official_name:mr"": 1, ""official_name:ms"": 1, ""official_name:mt"": 1, ""official_name:mwl"": 1, ""official_name:my"": 1, ""official_name:myv"": 1, ""official_name:mzn"": 1, ""official_name:nah"": 1, ""official_name:nan"": 1, ""official_name:nan-HJ"": 1, ""official_name:nan-POJ"": 1, ""official_name:nan-TL"": 1, ""official_name:nap"": 1, ""official_name:nds"": 1, ""official_name:nds-nl"": 1, ""official_name:ne"": 1, ""official_name:new"": 1, ""official_name:nn"": 1, ""official_name:no"": 1, ""official_name:nov"": 1, ""official_name:nrm"": 1, ""official_name:nso"": 1, ""official_name:oc"": 1, ""official_name:olo"": 1, ""official_name:om"": 1, ""official_name:os"": 1, ""official_name:pag"": 1, ""official_name:pam"": 1, ""official_name:pap"": 1, ""official_name:pcd"": 1, ""official_name:pih"": 1, ""official_name:pnt"": 1, ""official_name:qu"": 1, ""official_name:roa-tara"": 1, ""official_name:rue"": 1, ""official_name:sah"": 1, ""official_name:scn"": 1, ""official_name:sco"": 1, ""official_name:sd"": 1, ""official_name:se"": 1, ""official_name:sg"": 1, ""official_name:sh"": 1, ""official_name:si"": 1, ""official_name:sl"": 1, ""official_name:sm"": 1, ""official_name:sq"": 1, ""official_name:sr"": 1, ""official_name:srn"": 1, ""official_name:stq"": 1, ""official_name:su"": 1, ""official_name:sv"": 1, ""official_name:sw"": 1, ""official_name:szl"": 1, ""official_name:ta"": 1, ""official_name:te"": 1, ""official_name:tet"": 1, ""official_name:tg"": 1, ""official_name:th"": 1, ""official_name:ti"": 1, ""official_name:tk"": 1, ""official_name:tl"": 1, ""official_name:tpi"": 1, ""official_name:tr"": 1, ""official_name:tt"": 1, ""official_name:udm"": 1, ""official_name:ug"": 1, ""official_name:uz"": 1, ""official_name:vec"": 1, ""official_name:vep"": 1, ""official_name:vls"": 1, ""official_name:vro"": 1, ""official_name:war"": 1, ""official_name:wo"": 1, ""official_name:wuu"": 1, ""official_name:xmf"": 1, ""official_name:yi"": 1, ""official_name:yo"": 1, ""official_name:yue"": 1, ""official_name:za"": 1, ""official_name:zea"": 1, ""official_name:zh"": 1, ""official_name:zh-Hans"": 1, ""official_name:zh-Hant"": 1, ""old_name:eo"": 1, ""short_name:ab"": 1, ""short_name:ang"": 1, ""short_name:av"": 1, ""short_name:az"": 1, ""short_name:ba"": 1, ""short_name:bat-smg"": 1, ""short_name:be"": 1, ""short_name:bjn"": 1, ""short_name:ce"": 1, ""short_name:ceb"": 1, ""short_name:cs"": 1, ""short_name:cv"": 1, ""short_name:cy"": 1, ""short_name:dty"": 1, ""short_name:en"": 1, ""short_name:et"": 1, ""short_name:fr"": 1, ""short_name:ga"": 1, ""short_name:hy"": 1, ""short_name:id"": 1, ""short_name:ilo"": 1, ""short_name:jv"": 1, ""short_name:krc"": 1, ""short_name:min"": 1, ""short_name:mk"": 1, ""short_name:ml"": 1, ""short_name:ms"": 1, ""short_name:mt"": 1, ""short_name:mwl"": 1, ""short_name:nan"": 1, ""short_name:nan-HJ"": 1, ""short_name:nan-POJ"": 1, ""short_name:nan-TL"": 1, ""short_name:ne"": 1, ""short_name:pl"": 1, ""short_name:pt"": 1, ""short_name:ru"": 1, ""short_name:sco"": 1, ""short_name:sl"": 1, ""short_name:sr"": 1, ""short_name:su"": 1, ""short_name:szl"": 1, ""short_name:tg"": 1, ""short_name:tk"": 1, ""short_name:tr"": 1, ""short_name:tt"": 1, ""short_name:uz"": 1, ""short_name:vec"": 1, ""short_name:zh"": 1, ""short_name:zh-Hans"": 1, ""short_name:zh-Hant"": 1, ""website"": 1, ""alt_name:ks"": 1, ""alt_name:ur"": 1, ""border_type"": 1, ""driving_side"": 1, ""name:az-Arab"": 1, ""name:bat-smg"": 1, ""name:bug"": 1, ""name:cdo"": 1, ""name:din"": 1, ""name:glk"": 1, ""name:gr"": 1, ""name:grc"": 1, ""name:kab-Arab"": 1, ""name:kmr"": 1, ""name:ku-Arab"": 1, ""name:lbe"": 1, ""name:lij"": 1, ""name:ltg"": 1, ""name:map-bms"": 1, ""name:mo"": 1, ""name:pi"": 1, ""name:roa-rup"": 1, ""name:sa"": 1, ""name:sat"": 1, ""name:syc"": 1, ""name:wa"": 1, ""official_name:az-Arab"": 1, ""official_name:ks"": 1, ""official_name:pnb"": 1, ""wikipedia:ks"": 1, ""wikipedia:pa"": 1, ""wikipedia:ur"": 1}",,2023-10-01 00:00:00+00:00,2023-10-08 00:00:00+00:00
40,Jesse Rojek,https://www.openstreetmap.org/user/Jesse%20Rojek,18551998,1,5,Nepal,iD 2.21.1,4,0,0,1,0,0,0,0,0,0,0,1.0,0.0,0.0,0.0,0.0,0.0,0.0,0.0,"{""building"": 1}",{},"#hotosm-project-14310,#Naxa,#RemoteMappingBirendranagar,#dmd,#OSMNepal,#WBR,#NFL,#EPFL",2023-10-01 00:00:00+00:00,2023-10-08 00:00:00+00:00
41,GEOG281_DeHart_Katherine,https://www.openstreetmap.org/user/GEOG281_DeHart_Katherine,20402545,1,5,Nepal,iD 2.21.1,4,0,0,1,0,0,0,0,0,0,0,1.0,0.0,0.0,0.0,0.0,0.0,0.0,0.0,"{""building"": 1}",{},"#hotosm-project-10959,#MonsoonChallenge2021,#BIPAD,#Sunsari,#DigitalVolunteers,#GESAN,#YILAB,#YouthMappers,#TAF,#D4D,#UKAID",2023-10-01 00:00:00+00:00,2023-10-08 00:00:00+00:00
42,Rabin Ojha,https://www.openstreetmap.org/user/Rabin%20Ojha,6075053,2,4,Nepal,StreetComplete 54.1,0,0,0,0,4,0,0,0,0,0,0,0.0,2.0,0.0,2.0,0.0,0.0,0.0,0.0,{},"{""building"": 2, ""highway"": 2, ""surface"": 2}",,2023-10-01 00:00:00+00:00,2023-10-08 00:00:00+00:00
43,A380s,https://www.openstreetmap.org/user/A380s,20394992,1,4,Nepal,iD 2.21.1,0,4,0,0,0,0,0,0,0,0,0,,,,,,,,,{},{},"#hotosm-project-14310,#Naxa,#RemoteMappingBirendranagar,#dmd,#OSMNepal,#WBR,#NFL,#EPFL",2023-10-01 00:00:00+00:00,2023-10-08 00:00:00+00:00
44,Lepuse,https://www.openstreetmap.org/user/Lepuse,9560399,1,4,"Bhutan,China","reverter_plugin/36126;JOSM/1.5 (18822 zh_TW),JOSM/1.5 (18822 zh_TW)",0,0,0,0,0,0,0,4,0,0,0,0.0,0.0,0.0,0.0,0.0,0.0,0.0,0.0,{},"{""boundary"": 4, ""name"": 4, ""type"": 4, ""admin_level"": 3, ""int_name"": 3, ""name:bo"": 3, ""name:cs"": 3, ""name:de"": 3, ""name:en"": 3, ""name:ja"": 3, ""name:uk"": 3, ""name:vi"": 3, ""name:zh"": 3, ""name:zh-Hant"": 3, ""population"": 3, ""population:date"": 3, ""wikidata"": 3, ""alt_name"": 2, ""alt_name:vi"": 2, ""division_code"": 2, ""name:af"": 2, ""name:ar"": 2, ""name:as"": 2, ""name:az"": 2, ""name:be"": 2, ""name:bg"": 2, ""name:bn"": 2, ""name:br"": 2, ""name:bs"": 2, ""name:ca"": 2, ""name:da"": 2, ""name:dz"": 2, ""name:el"": 2, ""name:eo"": 2, ""name:es"": 2, ""name:et"": 2, ""name:eu"": 2, ""name:fa"": 2, ""name:fi"": 2, ""name:fr"": 2, ""name:gl"": 2, ""name:gv"": 2, ""name:he"": 2, ""name:hi"": 2, ""name:hr"": 2, ""name:hsb"": 2, ""name:hu"": 2, ""name:hy"": 2, ""name:ia"": 2, ""name:id"": 2, ""name:is"": 2, ""name:it"": 2, ""name:ka"": 2, ""name:kg"": 2, ""name:kn"": 2, ""name:ko"": 2, ""name:ku"": 2, ""name:kw"": 2, ""name:lt"": 2, ""name:lv"": 2, ""name:ml"": 2, ""name:mn"": 2, ""name:mr"": 2, ""name:ms"": 2, ""name:nan"": 2, ""name:nl"": 2, ""name:nn"": 2, ""name:no"": 2, ""name:or"": 2, ""name:os"": 2, ""name:pa"": 2, ""name:pl"": 2, ""name:pt"": 2, ""name:qu"": 2, ""name:ro"": 2, ""name:ru"": 2, ""name:sk"": 2, ""name:sq"": 2, ""name:sr"": 2, ""name:su"": 2, ""name:sv"": 2, ""name:ta"": 2, ""name:te"": 2, ""name:tg"": 2, ""name:th"": 2, ""name:tl"": 2, ""name:tr"": 2, ""name:ug"": 2, ""name:ur"": 2, ""name:uz"": 2, ""name:yo"": 2, ""name:yue"": 2, ""name:za"": 2, ""name:zh-Hans"": 2, ""name:zh-Latn-pinyin"": 2, ""official_name"": 2, ""official_name:cs"": 2, ""official_name:de"": 2, ""official_name:en"": 2, ""official_name:es"": 2, ""official_name:fr"": 2, ""official_name:hr"": 2, ""official_name:hsb"": 2, ""official_name:hu"": 2, ""official_name:it"": 2, ""official_name:lt"": 2, ""official_name:nl"": 2, ""official_name:pl"": 2, ""official_name:pt"": 2, ""official_name:ro"": 2, ""official_name:ru"": 2, ""official_name:sk"": 2, ""official_name:uk"": 2, ""wikipedia"": 2, ""ISO3166-2"": 1, ""note"": 1, ""ref"": 1, ""ref:en"": 1, ""ref:zh"": 1, ""short_name"": 1, ""source:population"": 1, ""ISO3166-1"": 1, ""ISO3166-1:alpha2"": 1, ""ISO3166-1:alpha3"": 1, ""ISO3166-1:numeric"": 1, ""alt_name:af"": 1, ""alt_name:als"": 1, ""alt_name:av"": 1, ""alt_name:be"": 1, ""alt_name:chr"": 1, ""alt_name:crh"": 1, ""alt_name:cy"": 1, ""alt_name:en"": 1, ""alt_name:eo"": 1, ""alt_name:gd"": 1, ""alt_name:jbo"": 1, ""alt_name:jv"": 1, ""alt_name:koi"": 1, ""alt_name:la"": 1, ""alt_name:lez"": 1, ""alt_name:ln"": 1, ""alt_name:min"": 1, ""alt_name:nan"": 1, ""alt_name:nan-HJ"": 1, ""alt_name:nan-POJ"": 1, ""alt_name:nan-TL"": 1, ""alt_name:nds"": 1, ""alt_name:nrm"": 1, ""alt_name:qu"": 1, ""alt_name:rmy"": 1, ""alt_name:ru"": 1, ""alt_name:sl"": 1, ""alt_name:sr"": 1, ""alt_name:su"": 1, ""alt_name:sw"": 1, ""alt_name:tpi"": 1, ""alt_name:za"": 1, ""alt_name:zh"": 1, ""alt_name:zh-Hans"": 1, ""alt_name:zh-Hant"": 1, ""default_language"": 1, ""flag"": 1, ""name:UN:ar"": 1, ""name:UN:en"": 1, ""name:UN:es"": 1, ""name:UN:fr"": 1, ""name:UN:ru"": 1, ""name:UN:zh"": 1, ""name:Zsye"": 1, ""name:aa"": 1, ""name:ab"": 1, ""name:ace"": 1, ""name:ady"": 1, ""name:ak"": 1, ""name:als"": 1, ""name:am"": 1, ""name:an"": 1, ""name:ang"": 1, ""name:arc"": 1, ""name:arz"": 1, ""name:ast"": 1, ""name:av"": 1, ""name:ay"": 1, ""name:azb"": 1, ""name:ba"": 1, ""name:bar"": 1, ""name:bcl"": 1, ""name:be-tarask"": 1, ""name:bh"": 1, ""name:bi"": 1, ""name:bjn"": 1, ""name:bm"": 1, ""name:bpy"": 1, ""name:bxr"": 1, ""name:cal"": 1, ""name:cbk-zam"": 1, ""name:ce"": 1, ""name:ceb"": 1, ""name:ch"": 1, ""name:chr"": 1, ""name:chy"": 1, ""name:ckb"": 1, ""name:co"": 1, ""name:crh"": 1, ""name:csb"": 1, ""name:cu"": 1, ""name:cv"": 1, ""name:cy"": 1, ""name:diq"": 1, ""name:dsb"": 1, ""name:dty"": 1, ""name:dv"": 1, ""name:ee"": 1, ""name:eml"": 1, ""name:ext"": 1, ""name:ff"": 1, ""name:fj"": 1, ""name:fo"": 1, ""name:frp"": 1, ""name:frr"": 1, ""name:fur"": 1, ""name:fy"": 1, ""name:ga"": 1, ""name:gag"": 1, ""name:gan"": 1, ""name:gd"": 1, ""name:gn"": 1, ""name:gom"": 1, ""name:gu"": 1, ""name:ha"": 1, ""name:hak"": 1, ""name:haw"": 1, ""name:hif"": 1, ""name:ht"": 1, ""name:ie"": 1, ""name:ig"": 1, ""name:ii"": 1, ""name:ik"": 1, ""name:ilo"": 1, ""name:io"": 1, ""name:iu"": 1, ""name:jam"": 1, ""name:jbo"": 1, ""name:jv"": 1, ""name:kaa"": 1, ""name:kab"": 1, ""name:kbd"": 1, ""name:kbp"": 1, ""name:ki"": 1, ""name:kk"": 1, ""name:kl"": 1, ""name:km"": 1, ""name:ko-Hani"": 1, ""name:koi"": 1, ""name:krc"": 1, ""name:ks"": 1, ""name:ksh"": 1, ""name:kv"": 1, ""name:ky"": 1, ""name:la"": 1, ""name:lad"": 1, ""name:lb"": 1, ""name:lez"": 1, ""name:lg"": 1, ""name:li"": 1, ""name:lmo"": 1, ""name:ln"": 1, ""name:lo"": 1, ""name:lrc"": 1, ""name:lzh"": 1, ""name:mai"": 1, ""name:mdf"": 1, ""name:mg"": 1, ""name:mhr"": 1, ""name:mi"": 1, ""name:min"": 1, ""name:mk"": 1, ""name:mt"": 1, ""name:mwl"": 1, ""name:my"": 1, ""name:myv"": 1, ""name:mzn"": 1, ""name:na"": 1, ""name:nah"": 1, ""name:nan-HJ"": 1, ""name:nan-POJ"": 1, ""name:nan-TL"": 1, ""name:nap"": 1, ""name:nb"": 1, ""name:nds"": 1, ""name:nds-nl"": 1, ""name:ne"": 1, ""name:new"": 1, ""name:nov"": 1, ""name:nrm"": 1, ""name:nso"": 1, ""name:nv"": 1, ""name:ny"": 1, ""name:oc"": 1, ""name:olo"": 1, ""name:om"": 1, ""name:pag"": 1, ""name:pam"": 1, ""name:pap"": 1, ""name:pcd"": 1, ""name:pih"": 1, ""name:pms"": 1, ""name:pnb"": 1, ""name:pnt"": 1, ""name:ps"": 1, ""name:rm"": 1, ""name:rmy"": 1, ""name:rn"": 1, ""name:roa-tara"": 1, ""name:rue"": 1, ""name:rw"": 1, ""name:sah"": 1, ""name:sc"": 1, ""name:scn"": 1, ""name:sco"": 1, ""name:sd"": 1, ""name:se"": 1, ""name:sg"": 1, ""name:sh"": 1, ""name:si"": 1, ""name:sl"": 1, ""name:sm"": 1, ""name:smn"": 1, ""name:sms"": 1, ""name:sn"": 1, ""name:so"": 1, ""name:srn"": 1, ""name:ss"": 1, ""name:st"": 1, ""name:stq"": 1, ""name:sw"": 1, ""name:szl"": 1, ""name:tet"": 1, ""name:ti"": 1, ""name:tk"": 1, ""name:tn"": 1, ""name:to"": 1, ""name:tok"": 1, ""name:tpi"": 1, ""name:ts"": 1, ""name:tt"": 1, ""name:tum"": 1, ""name:tw"": 1, ""name:ty"": 1, ""name:tyv"": 1, ""name:tzl"": 1, ""name:udm"": 1, ""name:ve"": 1, ""name:vec"": 1, ""name:vep"": 1, ""name:vls"": 1, ""name:vo"": 1, ""name:vro"": 1, ""name:war"": 1, ""name:wo"": 1, ""name:wuu"": 1, ""name:xal"": 1, ""name:xh"": 1, ""name:xmf"": 1, ""name:yi"": 1, ""name:za-Hani"": 1, ""name:zea"": 1, ""name:zu"": 1, ""official_name:ab"": 1, ""official_name:ace"": 1, ""official_name:af"": 1, ""official_name:als"": 1, ""official_name:am"": 1, ""official_name:an"": 1, ""official_name:ang"": 1, ""official_name:ar"": 1, ""official_name:arc"": 1, ""official_name:arz"": 1, ""official_name:as"": 1, ""official_name:ast"": 1, ""official_name:av"": 1, ""official_name:ay"": 1, ""official_name:az"": 1, ""official_name:azb"": 1, ""official_name:ba"": 1, ""official_name:bar"": 1, ""official_name:bat-smg"": 1, ""official_name:bcl"": 1, ""official_name:be"": 1, ""official_name:be-tarask"": 1, ""official_name:bg"": 1, ""official_name:bh"": 1, ""official_name:bjn"": 1, ""official_name:bm"": 1, ""official_name:bn"": 1, ""official_name:bo"": 1, ""official_name:bpy"": 1, ""official_name:br"": 1, ""official_name:bs"": 1, ""official_name:bxr"": 1, ""official_name:ca"": 1, ""official_name:cbk-zam"": 1, ""official_name:cdo"": 1, ""official_name:ce"": 1, ""official_name:ceb"": 1, ""official_name:chr"": 1, ""official_name:ckb"": 1, ""official_name:co"": 1, ""official_name:crh"": 1, ""official_name:csb"": 1, ""official_name:cu"": 1, ""official_name:cv"": 1, ""official_name:cy"": 1, ""official_name:da"": 1, ""official_name:diq"": 1, ""official_name:dsb"": 1, ""official_name:dty"": 1, ""official_name:el"": 1, ""official_name:eml"": 1, ""official_name:eo"": 1, ""official_name:et"": 1, ""official_name:eu"": 1, ""official_name:ext"": 1, ""official_name:fa"": 1, ""official_name:fi"": 1, ""official_name:fo"": 1, ""official_name:frp"": 1, ""official_name:frr"": 1, ""official_name:fy"": 1, ""official_name:ga"": 1, ""official_name:gag"": 1, ""official_name:gan"": 1, ""official_name:gd"": 1, ""official_name:gl"": 1, ""official_name:gn"": 1, ""official_name:gu"": 1, ""official_name:gv"": 1, ""official_name:ha"": 1, ""official_name:hak"": 1, ""official_name:he"": 1, ""official_name:hi"": 1, ""official_name:hif"": 1, ""official_name:hy"": 1, ""official_name:ia"": 1, ""official_name:id"": 1, ""official_name:ilo"": 1, ""official_name:io"": 1, ""official_name:is"": 1, ""official_name:ja"": 1, ""official_name:jam"": 1, ""official_name:jbo"": 1, ""official_name:jv"": 1, ""official_name:ka"": 1, ""official_name:kbd"": 1, ""official_name:kg"": 1, ""official_name:ki"": 1, ""official_name:kk"": 1, ""official_name:kl"": 1, ""official_name:km"": 1, ""official_name:kn"": 1, ""official_name:ko"": 1, ""official_name:ko-Hani"": 1, ""official_name:koi"": 1, ""official_name:krc"": 1, ""official_name:ku"": 1, ""official_name:kw"": 1, ""official_name:ky"": 1, ""official_name:la"": 1, ""official_name:lad"": 1, ""official_name:lb"": 1, ""official_name:lez"": 1, ""official_name:li"": 1, ""official_name:lmo"": 1, ""official_name:lo"": 1, ""official_name:lrc"": 1, ""official_name:lv"": 1, ""official_name:lzh"": 1, ""official_name:mai"": 1, ""official_name:mdf"": 1, ""official_name:mg"": 1, ""official_name:mi"": 1, ""official_name:min"": 1, ""official_name:mk"": 1, ""official_name:ml"": 1, ""official_name:mn"": 1, ""official_name:mr"": 1, ""official_name:ms"": 1, ""official_name:mt"": 1, ""official_name:mwl"": 1, ""official_name:my"": 1, ""official_name:myv"": 1, ""official_name:mzn"": 1, ""official_name:nah"": 1, ""official_name:nan"": 1, ""official_name:nan-HJ"": 1, ""official_name:nan-POJ"": 1, ""official_name:nan-TL"": 1, ""official_name:nap"": 1, ""official_name:nds"": 1, ""official_name:nds-nl"": 1, ""official_name:ne"": 1, ""official_name:new"": 1, ""official_name:nn"": 1, ""official_name:no"": 1, ""official_name:nov"": 1, ""official_name:nrm"": 1, ""official_name:nso"": 1, ""official_name:oc"": 1, ""official_name:olo"": 1, ""official_name:om"": 1, ""official_name:os"": 1, ""official_name:pa"": 1, ""official_name:pag"": 1, ""official_name:pam"": 1, ""official_name:pap"": 1, ""official_name:pcd"": 1, ""official_name:pih"": 1, ""official_name:pnt"": 1, ""official_name:ps"": 1, ""official_name:qu"": 1, ""official_name:roa-tara"": 1, ""official_name:rue"": 1, ""official_name:sah"": 1, ""official_name:scn"": 1, ""official_name:sco"": 1, ""official_name:sd"": 1, ""official_name:se"": 1, ""official_name:sg"": 1, ""official_name:sh"": 1, ""official_name:si"": 1, ""official_name:sl"": 1, ""official_name:sm"": 1, ""official_name:sq"": 1, ""official_name:sr"": 1, ""official_name:srn"": 1, ""official_name:stq"": 1, ""official_name:su"": 1, ""official_name:sv"": 1, ""official_name:sw"": 1, ""official_name:szl"": 1, ""official_name:ta"": 1, ""official_name:te"": 1, ""official_name:tet"": 1, ""official_name:tg"": 1, ""official_name:th"": 1, ""official_name:ti"": 1, ""official_name:tk"": 1, ""official_name:tl"": 1, ""official_name:tpi"": 1, ""official_name:tr"": 1, ""official_name:tt"": 1, ""official_name:udm"": 1, ""official_name:ug"": 1, ""official_name:ur"": 1, ""official_name:uz"": 1, ""official_name:vec"": 1, ""official_name:vep"": 1, ""official_name:vi"": 1, ""official_name:vls"": 1, ""official_name:vro"": 1, ""official_name:war"": 1, ""official_name:wo"": 1, ""official_name:wuu"": 1, ""official_name:xmf"": 1, ""official_name:yi"": 1, ""official_name:yo"": 1, ""official_name:yue"": 1, ""official_name:za"": 1, ""official_name:zea"": 1, ""official_name:zh"": 1, ""official_name:zh-Hans"": 1, ""official_name:zh-Hant"": 1, ""old_name:eo"": 1, ""short_name:ab"": 1, ""short_name:ang"": 1, ""short_name:av"": 1, ""short_name:az"": 1, ""short_name:ba"": 1, ""short_name:bat-smg"": 1, ""short_name:be"": 1, ""short_name:bjn"": 1, ""short_name:ce"": 1, ""short_name:ceb"": 1, ""short_name:cs"": 1, ""short_name:cv"": 1, ""short_name:cy"": 1, ""short_name:dty"": 1, ""short_name:en"": 1, ""short_name:et"": 1, ""short_name:fr"": 1, ""short_name:ga"": 1, ""short_name:hy"": 1, ""short_name:id"": 1, ""short_name:ilo"": 1, ""short_name:jv"": 1, ""short_name:krc"": 1, ""short_name:min"": 1, ""short_name:mk"": 1, ""short_name:ml"": 1, ""short_name:ms"": 1, ""short_name:mt"": 1, ""short_name:mwl"": 1, ""short_name:nan"": 1, ""short_name:nan-HJ"": 1, ""short_name:nan-POJ"": 1, ""short_name:nan-TL"": 1, ""short_name:ne"": 1, ""short_name:pl"": 1, ""short_name:pt"": 1, ""short_name:ru"": 1, ""short_name:sco"": 1, ""short_name:sl"": 1, ""short_name:sr"": 1, ""short_name:su"": 1, ""short_name:szl"": 1, ""short_name:tg"": 1, ""short_name:tk"": 1, ""short_name:tr"": 1, ""short_name:tt"": 1, ""short_name:uz"": 1, ""short_name:vec"": 1, ""short_name:zh"": 1, ""short_name:zh-Hans"": 1, ""short_name:zh-Hant"": 1, ""website"": 1, ""name:zh_pinyin"": 1, ""old_division_code"": 1, ""old_name"": 1, ""timezone"": 1}",,2023-10-01 00:00:00+00:00,2023-10-08 00:00:00+00:00
45,vojtechzaboril,https://www.openstreetmap.org/user/vojtechzaboril,8971394,2,3,Nepal,JOSM/1.5 (18303 cs),0,2,0,0,1,0,0,0,0,0,2,0.0,0.0,0.0,0.0,0.0,0.0,0.0,0.0,{},"{""name"": 2, ""ele"": 1, ""name:en"": 1, ""name:ne"": 1, ""name:ru"": 1, ""place"": 1, ""population"": 1, ""wikidata"": 1, ""wikipedia"": 1, ""tourism"": 1, ""landuse"": 1}",#mapycz,2023-10-01 00:00:00+00:00,2023-10-08 00:00:00+00:00
46,archiboysaimon,https://www.openstreetmap.org/user/archiboysaimon,13639882,2,3,Nepal,iD 2.27.1,0,1,0,0,2,0,0,0,0,0,0,0.0,2.0,0.0,0.0,0.0,0.0,0.0,1.0,{},"{""building"": 2, ""name"": 2, ""amenity"": 1}",,2023-10-01 00:00:00+00:00,2023-10-08 00:00:00+00:00
47,cyclonejet,https://www.openstreetmap.org/user/cyclonejet,12811702,1,3,Nepal,Organic Maps android 2023.08.18-8-FDroid,3,0,0,0,0,0,0,0,0,3,0,0.0,0.0,0.0,0.0,0.0,0.0,3.0,0.0,"{""amenity"": 3, ""name:en"": 3}",{},,2023-10-01 00:00:00+00:00,2023-10-08 00:00:00+00:00
48,*Martin*,https://www.openstreetmap.org/user/%2AMartin%2A,4815,2,2,"China,Nepal",JOSM/1.5 (18846 en),1,1,0,0,0,0,0,0,0,1,1,0.0,0.0,0.0,0.0,0.0,0.0,0.0,0.0,"{""fixme"": 1, ""name"": 1, ""name:en"": 1, ""name:sk"": 1, ""natural"": 1, ""wikidata"": 1}","{""alt_name"": 1, ""fixme"": 1, ""name"": 1, ""name:be"": 1, ""name:cs"": 1, ""name:de"": 1, ""name:en"": 1, ""name:eo"": 1, ""name:fi"": 1, ""name:pl"": 1, ""name:pt"": 1, ""name:ru"": 1, ""name:sk"": 1, ""name:zh"": 1, ""natural"": 1, ""note"": 1, ""wikidata"": 1, ""wikipedia"": 1}",,2023-10-01 00:00:00+00:00,2023-10-08 00:00:00+00:00
49,vAdhikari,https://www.openstreetmap.org/user/vAdhikari,20399469,2,2,Nepal,OsmAnd+ 4.6.2,2,0,0,0,0,0,0,0,0,2,0,0.0,0.0,0.0,0.0,0.0,0.0,0.0,0.0,"{""addr:street"": 2, ""name"": 2, ""tourism"": 1, ""office"": 1}",{},,2023-10-01 00:00:00+00:00,2023-10-08 00:00:00+00:00
50,swagata_sasmal,https://www.openstreetmap.org/user/swagata_sasmal,15182429,1,2,India,iD 2.27.1,0,0,0,0,0,0,0,2,0,0,0,0.0,0.0,0.0,1.0,0.0,0.0,0.0,0.0,{},"{""network"": 2, ""route"": 2, ""type"": 2, ""name"": 1, ""ref:old"": 1, ""highway"": 1, ""ref"": 1}",,2023-10-01 00:00:00+00:00,2023-10-08 00:00:00+00:00
51,The riverlow,https://www.openstreetmap.org/user/The%20riverlow,20393274,1,2,Nepal,MAPS.ME android 15.2.71630,2,0,0,0,0,0,0,0,0,2,0,0.0,0.0,0.0,0.0,0.0,0.0,0.0,0.0,"{""tourism"": 2, ""addr:street"": 1, ""email"": 1, ""name:en"": 1, ""phone"": 1}",{},,2023-10-01 00:00:00+00:00,2023-10-08 00:00:00+00:00
52,Sudeep96,https://www.openstreetmap.org/user/Sudeep96,19105447,1,1,Nepal,MAPS.ME android 15.2.71630,1,0,0,0,0,0,0,0,0,1,0,0.0,0.0,0.0,0.0,0.0,0.0,0.0,0.0,"{""name:en"": 1, ""phone"": 1, ""tourism"": 1}",{},,2023-10-01 00:00:00+00:00,2023-10-08 00:00:00+00:00
53,meongseolin,https://www.openstreetmap.org/user/meongseolin,18160068,1,1,,iD 2.27.1,0,0,0,0,0,0,0,1,0,0,0,0.0,0.0,0.0,0.0,0.0,0.0,0.0,0.0,{},"{""alt_name"": 1, ""alt_name:en"": 1, ""alt_name:nan"": 1, ""alt_name:nan-HJ"": 1, ""alt_name:nan-POJ"": 1, ""alt_name:nan-TL"": 1, ""alt_name:zh"": 1, ""alt_name:zh-Hans"": 1, ""alt_name:zh-Hant"": 1, ""name"": 1, ""name:en"": 1, ""name:ja"": 1, ""name:ko"": 1, ""name:nan"": 1, ""name:nan-HJ"": 1, ""name:nan-POJ"": 1, ""name:nan-TL"": 1, ""name:zh"": 1, ""name:zh-Hans"": 1, ""name:zh-Hant"": 1, ""network"": 1, ""type"": 1, ""wikidata"": 1, ""wikipedia"": 1}",,2023-10-01 00:00:00+00:00,2023-10-08 00:00:00+00:00
54,AndyWaugh,https://www.openstreetmap.org/user/AndyWaugh,8046557,1,1,Nepal,MAPS.ME ios 15.3.2,0,1,0,0,0,0,0,0,0,0,1,0.0,0.0,0.0,0.0,0.0,0.0,0.0,1.0,{},"{""amenity"": 1, ""name:en"": 1}",,2023-10-01 00:00:00+00:00,2023-10-08 00:00:00+00:00
55,oum13928,https://www.openstreetmap.org/user/oum13928,10536352,1,1,Thailand,iD 2.27.1,0,0,0,0,0,0,0,1,0,0,0,0.0,0.0,0.0,0.0,0.0,0.0,0.0,0.0,{},"{""int_ref"": 1, ""name"": 1, ""name:de"": 1, ""name:en"": 1, ""name:ms"": 1, ""name:ru"": 1, ""name:th"": 1, ""name:zh"": 1, ""network"": 1, ""ref"": 1, ""route"": 1, ""type"": 1, ""url"": 1, ""wikidata"": 1, ""wikipedia"": 1}",,2023-10-01 00:00:00+00:00,2023-10-08 00:00:00+00:00
56,rainonme,https://www.openstreetmap.org/user/rainonme,2672327,1,1,China,iD 2.27.1,0,0,0,0,0,0,0,1,0,0,0,0.0,0.0,0.0,0.0,0.0,0.0,0.0,0.0,{},"{""from"": 1, ""int_ref"": 1, ""name"": 1, ""name:de"": 1, ""name:en"": 1, ""name:ru"": 1, ""name:zh"": 1, ""name:zh-Hant"": 1, ""network"": 1, ""official_name"": 1, ""ref"": 1, ""route"": 1, ""short_name"": 1, ""short_name:zh-Hant"": 1, ""to"": 1, ""type"": 1, ""wikidata"": 1, ""wikipedia"": 1}",,2023-10-01 00:00:00+00:00,2023-10-08 00:00:00+00:00
57,EvanSiroky,https://www.openstreetmap.org/user/EvanSiroky,144525,1,1,Bhutan,JOSM/1.5 (18822 en),0,0,0,0,0,0,0,1,0,0,0,0.0,0.0,0.0,0.0,0.0,0.0,0.0,0.0,{},"{""boundary"": 1, ""name"": 1, ""timezone"": 1, ""type"": 1}",,2023-10-01 00:00:00+00:00,2023-10-08 00:00:00+00:00
58,mani_k2,https://www.openstreetmap.org/user/mani_k2,10604190,1,1,India,iD 2.27.1,0,0,0,0,0,0,0,1,0,0,0,0.0,0.0,0.0,0.0,0.0,0.0,0.0,0.0,{},"{""int_ref"": 1, ""name"": 1, ""ref"": 1, ""route"": 1, ""section"": 1, ""type"": 1, ""wikidata"": 1, ""wikipedia"": 1}",,2023-10-01 00:00:00+00:00,2023-10-08 00:00:00+00:00
59,Sudeep Tamrakar,https://www.openstreetmap.org/user/Sudeep%20Tamrakar,20412002,1,1,Nepal,iD 2.27.1,1,0,0,0,0,0,0,0,0,1,0,0.0,0.0,0.0,0.0,0.0,0.0,0.0,0.0,"{""addr:city"": 1, ""addr:postcode"": 1, ""addr:street"": 1, ""name"": 1, ""office"": 1, ""opening_hours"": 1, ""phone"": 1, ""website"": 1}",{},,2023-10-01 00:00:00+00:00,2023-10-08 00:00:00+00:00
60,VLD277,https://www.openstreetmap.org/user/VLD277,19857719,1,1,Nepal,JOSM/1.5 (18772 en),0,1,0,0,0,0,0,0,0,0,1,0.0,0.0,0.0,1.0,0.0,0.0,0.0,0.0,{},"{""highway"": 1, ""name"": 1}",#dataupdate,2023-10-01 00:00:00+00:00,2023-10-08 00:00:00+00:00
61,Anil Basnet,https://www.openstreetmap.org/user/Anil%20Basnet,3686666,1,1,Nepal,StreetComplete 54.1,0,0,0,0,1,0,0,0,0,0,0,0.0,0.0,0.0,0.0,0.0,0.0,0.0,1.0,{},"{""access"": 1, ""amenity"": 1, ""fee"": 1, ""female"": 1, ""male"": 1, ""toilets:disposal"": 1}",,2023-10-01 00:00:00+00:00,2023-10-08 00:00:00+00:00
62,Taksine,https://www.openstreetmap.org/user/Taksine,10348274,1,1,China,iD 2.27.1,0,0,0,0,0,0,0,1,0,0,0,0.0,0.0,0.0,0.0,0.0,0.0,0.0,0.0,{},"{""alt_name:en"": 1, ""name"": 1, ""name:en"": 1, ""note"": 1, ""type"": 1}",,2023-10-01 00:00:00+00:00,2023-10-08 00:00:00+00:00
63,VLD300,https://www.openstreetmap.org/user/VLD300,16226524,1,1,Nepal,iD 2.27.1,0,0,0,0,1,0,0,0,0,0,0,0.0,1.0,0.0,0.0,0.0,0.0,0.0,0.0,{},"{""building"": 1}",#dataupdate,2023-10-01 00:00:00+00:00,2023-10-08 00:00:00+00:00
64,VLD188,https://www.openstreetmap.org/user/VLD188,14583171,1,1,Nepal,JOSM/1.5 (18789 en),0,0,0,0,1,0,0,0,0,0,0,0.0,0.0,0.0,0.0,0.0,0.0,0.0,0.0,{},"{""natural"": 1}","#dataupdate,#nlp",2023-10-01 00:00:00+00:00,2023-10-08 00:00:00+00:00
65,Aleks-Berlin,https://www.openstreetmap.org/user/Aleks-Berlin,85218,1,1,Nepal,iD 2.27.1,0,1,0,0,0,0,0,0,0,0,1,0.0,0.0,0.0,0.0,0.0,0.0,0.0,1.0,{},"{""amenity"": 1, ""name"": 1, ""name:en"": 1}",,2023-10-01 00:00:00+00:00,2023-10-08 00:00:00+00:00
66,BALKUMARITAiLoRs,https://www.openstreetmap.org/user/BALKUMARITAiLoRs,20388563,1,1,Nepal,MAPS.ME android 15.1.71626,1,0,0,0,0,0,0,0,0,1,0,0.0,0.0,0.0,0.0,0.0,0.0,0.0,0.0,"{""craft"": 1, ""name:en"": 1, ""opening_hours"": 1, ""phone"": 1}",{},,2023-10-01 00:00:00+00:00,2023-10-08 00:00:00+00:00
67,Jiwan Ilameli,https://www.openstreetmap.org/user/Jiwan%20Ilameli,4817232,1,1,Nepal,MAPS.ME android 15.2.71630,1,0,0,0,0,0,0,0,0,1,0,0.0,0.0,0.0,0.0,0.0,0.0,0.0,0.0,"{""addr:street"": 1, ""name:en"": 1, ""opening_hours"": 1, ""shop"": 1}",{},,2023-10-01 00:00:00+00:00,2023-10-08 00:00:00+00:00
