rank,name,uid,changesets,map_changes,countries,nodes.create,nodes.modify,nodes.delete,ways.create,ways.modify,ways.delete,relations.create,relations.modify,relations.delete,poi.create,poi.modify,poi.delete,building.create,building.modify,building.delete,highway.create,highway.modify,highway.delete,waterway.create,waterway.modify,waterway.delete,amenity.create,amenity.modify,amenity.delete,tags_create,tags_modify,tags_delete
1,Irfandi IRM-ED,17714747,22,18849,Indonesia,13573,2002,0,3173,101,0,0,0,0,0,0,0,3172,56,0,1,39,0,0,0,0,0,0,0,"{""building"": 3172, ""highway"": 1}","{""building"": 56, ""highway"": 39, ""import"": 9, ""source"": 9, ""natural"": 1}",{}
2,DelawareWaterGap,10653308,28,12621,South Africa,651,11280,0,138,552,0,0,0,0,0,0,0,138,546,0,0,1,0,0,0,0,0,0,0,"{""building"": 138}","{""building"": 546, ""layer"": 4, ""addr:street"": 2, ""highway"": 1, ""source"": 1}",{}
3,nyainariantsoa,10732815,8,11528,Senegal,10418,433,0,622,55,0,0,0,0,8,2,0,495,0,0,119,49,0,2,5,0,0,0,0,"{""building"": 495, ""highway"": 119, ""ford"": 8, ""natural"": 6, ""waterway"": 2, ""intermittent"": 1, ""seasonal"": 1, ""source"": 1, ""surface"": 1}","{""highway"": 49, ""surface"": 20, ""source"": 19, ""waterway"": 5, ""name"": 2, ""place"": 2, ""tracktype"": 2, ""lanes"": 1, ""oneway"": 1, ""smoothness"": 1, ""intermittent"": 1, ""seasonal"": 1}",{}
4,Aglis IRM-ED,8072046,8,11074,Indonesia,8269,847,0,1901,57,0,0,0,0,0,0,0,1898,16,0,3,28,0,0,0,0,0,0,0,"{""building"": 1898, ""highway"": 3}","{""highway"": 28, ""building"": 16, ""import"": 2, ""source"": 2, ""motorcycle"": 1, ""surface"": 1}",{}
5,Elyana IRM-ED,10910633,10,10716,Indonesia,5776,3481,0,1232,227,0,0,0,0,0,0,0,1232,181,0,0,35,0,0,0,0,0,0,0,"{""building"": 1232}","{""building"": 181, ""highway"": 35, ""motorcycle"": 4, ""surface"": 3, ""import"": 3, ""source"": 3, ""natural"": 2, ""name"": 1, ""condition"": 1, ""lanes"": 1}",{}
6,TeBaMa,6519568,6,9863,"Mali,Nigeria",3444,5417,0,824,177,0,0,1,0,1,1,0,797,8,0,27,61,0,0,1,0,0,0,0,"{""building"": 797, ""highway"": 27, ""surface"": 26, ""source"": 6, ""ford"": 5, ""narrow"": 2}","{""highway"": 61, ""surface"": 50, ""source"": 21, ""natural"": 9, ""building"": 8, ""intermittent"": 5, ""ford"": 4, ""landuse"": 3, ""narrow"": 3, ""water"": 2, ""bicycle"": 2, ""foot"": 2, ""barrier"": 1, ""waterway"": 1}",{}
7,Qomar IRM-ED,9543905,11,9830,Indonesia,6443,1776,0,1576,35,0,0,0,0,0,0,0,1576,23,0,0,5,0,0,0,0,0,0,0,"{""building"": 1576}","{""building"": 23, ""highway"": 5, ""import"": 2, ""source"": 2, ""surface"": 1}",{}
8,Anisa IRM-ED,8072049,13,9573,Indonesia,5713,2486,0,1216,158,0,0,0,0,0,0,0,1216,82,0,0,19,0,0,0,0,0,0,0,"{""building"": 1216}","{""building"": 82, ""highway"": 19, ""motorcycle"": 5, ""import"": 2, ""source"": 2}",{}
9,ACTksantna,18334350,8,8161,Kenya,6742,0,0,1419,0,0,0,0,0,0,0,0,1415,0,0,0,0,0,0,0,0,0,0,0,"{""building"": 1415, ""natural"": 4, ""layer"": 1}",{},{}
10,Rizky IRM-ED,9421521,7,7773,Indonesia,3331,3578,0,736,128,0,0,0,0,0,0,0,735,125,0,1,2,0,0,0,0,0,0,0,"{""building"": 735, ""highway"": 1, ""surface"": 1}","{""building"": 125, ""layer"": 3, ""highway"": 2}",{}
11,Rizki IRM-ED,17714670,5,7735,Indonesia,2078,4948,0,400,309,0,0,0,0,0,0,0,399,258,0,0,11,0,0,0,0,0,0,0,"{""building"": 399}","{""building"": 258, ""highway"": 11, ""import"": 2, ""source"": 2, ""motorcycle"": 1, ""oneway"": 1}",{}
12,TibestiMountains,16853644,23,7195,South Africa,1506,5260,0,222,207,0,0,0,0,0,0,0,222,207,0,0,0,0,0,0,0,0,0,0,"{""building"": 222}","{""building"": 207, ""source"": 7, ""layer"": 3}",{}
13,Irma IRM-ED,13065690,17,7065,Indonesia,5670,52,0,1339,4,0,0,0,0,0,0,0,1336,1,0,3,3,0,0,0,0,0,0,0,"{""building"": 1336, ""highway"": 3}","{""highway"": 3, ""building"": 1}",{}
14,Tom_HL,18192024,27,7014,"Zimbabwe,Chad,Democratic Republic of the Congo",3783,2308,0,654,269,0,0,0,0,0,0,0,654,23,0,0,0,0,0,0,0,0,0,0,"{""building"": 654}","{""building"": 23}",{}
15,Talitha IRM-ED,9421520,19,6585,Indonesia,2164,3682,0,286,453,0,0,0,0,0,3,0,283,252,0,3,48,0,0,6,0,0,1,0,"{""building"": 283, ""highway"": 3, ""covered"": 1}","{""building"": 252, ""highway"": 48, ""motorcycle"": 13, ""name"": 11, ""oneway"": 9, ""waterway"": 6, ""import"": 4, ""source"": 4, ""ref"": 3, ""surface"": 2, ""railway"": 1, ""wikidata"": 1, ""amenity"": 1, ""bicycle"": 1, ""foot"": 1, ""horse"": 1, ""lanes"": 1, ""maxspeed"": 1}",{}
16,Dary Raihanah IRM-ED,15053262,9,6376,Indonesia,2475,3170,0,203,528,0,0,0,0,2,7,0,186,417,0,13,76,0,0,1,0,0,5,0,"{""building"": 186, ""highway"": 13, ""leisure"": 4, ""covered"": 3, ""import"": 3, ""source"": 3, ""man_made"": 2, ""maxspeed"": 2, ""name"": 2, ""surface"": 2}","{""building"": 417, ""highway"": 76, ""name"": 17, ""motorcycle"": 9, ""addr:city"": 9, ""addr:postcode"": 9, ""addr:street"": 9, ""import"": 9, ""source"": 9, ""maxspeed"": 5, ""surface"": 5, ""amenity"": 5, ""oneway"": 5, ""tourism"": 3, ""lanes"": 2, ""building:levels"": 2, ""waterway"": 1, ""brand"": 1, ""government"": 1, ""office"": 1, ""phone"": 1, ""religion"": 1, ""cuisine"": 1, ""diet:halal"": 1}",{}
17,snoguera1,18307869,97,6193,Zambia,5019,210,0,917,47,0,0,0,0,0,0,0,917,0,0,0,0,0,0,0,0,0,0,0,"{""building"": 917}",{},{}
18,Haris IRM-ED,12027858,10,6121,Indonesia,2215,3210,0,345,351,0,0,0,0,0,1,0,341,218,0,4,33,0,0,0,0,0,2,0,"{""building"": 341, ""highway"": 4, ""access"": 1, ""oneway"": 1}","{""building"": 218, ""highway"": 33, ""access"": 4, ""import"": 3, ""source"": 3, ""amenity"": 2, ""religion"": 2, ""landuse"": 2, ""barrier"": 1, ""motorcycle"": 1, ""oneway"": 1, ""surface"": 1}",{}
19,MagnusLi,18119824,34,5349,"Tajikistan,Colombia,Libyan Arab Jamahiriya,Nepal,United Republic of Tanzania,Madagascar,Burkina Faso,Brazil",3288,1253,0,671,137,0,0,0,0,1,3,0,666,33,0,4,41,0,1,6,0,0,0,0,"{""building"": 666, ""highway"": 4, ""source"": 2, ""ford"": 1, ""intermittent"": 1, ""waterway"": 1}","{""highway"": 41, ""building"": 33, ""source"": 18, ""waterway"": 6, ""name"": 3, ""place"": 3, ""surface"": 3, ""comment"": 2, ""divipola"": 2, ""fixme"": 2, ""is_in"": 2, ""note"": 2, ""landuse"": 2, ""layer"": 2, ""ford"": 1, ""smoothness"": 1, ""intermittent"": 1}",{}
20,DiahW IRM-ED,7561020,4,5087,Indonesia,2197,2298,0,398,194,0,0,0,0,0,0,0,396,174,0,2,9,0,0,0,0,0,0,0,"{""building"": 396, ""access"": 2, ""highway"": 2, ""covered"": 1}","{""building"": 174, ""highway"": 9, ""access"": 1, ""landuse"": 1}",{}
21,Lalit_IAAS,11589667,16,4854,Nepal,2146,2231,0,292,184,0,0,1,0,0,1,0,282,89,0,10,15,0,0,2,0,0,0,0,"{""building"": 282, ""highway"": 10}","{""building"": 89, ""highway"": 15, ""source"": 7, ""landuse"": 4, ""ref"": 3, ""name"": 2, ""waterway"": 2, ""lanes"": 2, ""place"": 1, ""ref:old"": 1, ""surface"": 1, ""network"": 1, ""route"": 1, ""type"": 1}",{}
22,Diana IRM-ED,8072061,12,4804,Indonesia,2227,1395,0,447,735,0,0,0,0,0,0,0,443,618,0,4,87,0,0,0,0,0,0,0,"{""building"": 443, ""highway"": 4, ""motorcycle"": 2}","{""building"": 618, ""highway"": 87, ""motorcycle"": 33, ""name"": 9, ""layer"": 6, ""bridge"": 5, ""source"": 4, ""import"": 1, ""electrified"": 1, ""gauge"": 1, ""railway"": 1, ""usage"": 1, ""wikipedia"": 1, ""surface"": 1, ""tunnel"": 1}",{}
23,Kraan46,11628862,27,4614,"El Salvador,Kenya",2094,1900,0,475,144,0,1,0,0,0,0,0,474,50,0,0,4,0,0,0,0,0,0,0,"{""building"": 474, ""type"": 1}","{""building"": 50, ""highway"": 4, ""surface"": 2, ""landuse"": 1}",{}
24,maperezb,18294319,42,4442,Zambia,3834,0,0,608,0,0,0,0,0,0,0,0,608,0,0,0,0,0,0,0,0,0,0,0,"{""building"": 608}",{},{}
25,Fauzan IRM-ED,8954099,15,3927,Indonesia,1813,1575,0,429,110,0,0,0,0,0,0,0,428,39,0,1,3,0,0,2,0,0,0,0,"{""building"": 428, ""highway"": 1}","{""building"": 39, ""highway"": 3, ""waterway"": 2, ""motor_vehicle"": 1, ""name"": 1, ""oneway"": 1}",{}
26,onesimusGGA,13063544,2,3890,Nigeria,3178,33,0,675,4,0,0,0,0,0,0,0,675,3,0,0,1,0,0,0,0,0,0,0,"{""building"": 675}","{""building"": 3, ""highway"": 1}",{}
27,Isaboke,10868348,14,3860,Kenya,2660,983,0,134,83,0,0,0,0,28,0,0,101,47,0,5,6,0,0,0,0,2,0,0,"{""building"": 101, ""roof:material"": 72, ""barrier"": 43, ""natural"": 9, ""fence_type"": 7, ""highway"": 5, ""surface"": 4, ""amenity"": 2, ""generator:source"": 2, ""layer"": 2, ""power"": 2, ""toilets:disposal"": 1}","{""building"": 47, ""roof:material"": 41, ""highway"": 6, ""surface"": 5, ""landuse"": 3}",{}
28,Zh9567,9940138,3,3765,Malaysia,2647,108,0,967,43,0,0,0,0,0,0,0,967,39,0,0,0,0,0,0,0,0,0,0,"{""building"": 967}","{""building"": 39, ""leisure"": 2, ""surface"": 2, ""landuse"": 1}",{}
29,j_over_here,18363767,16,3733,"United Republic of Tanzania,India,South Africa,South Sudan",3001,141,0,580,11,0,0,0,0,0,0,0,580,8,0,0,3,0,0,0,0,0,0,0,"{""building"": 580, ""layer"": 10}","{""building"": 8, ""highway"": 3, ""name"": 2, ""source"": 2}",{}
30,tonybendell,3620803,6,3693,Tajikistan,1484,1749,0,298,162,0,0,0,0,0,0,0,292,98,0,5,45,0,0,0,0,0,0,0,"{""building"": 292, ""highway"": 5}","{""building"": 98, ""highway"": 45, ""landuse"": 4, ""place"": 3, ""maxspeed"": 1, ""ref"": 1, ""construction"": 1, ""layer"": 1}",{}
31,Alex_DSt,18349674,33,3586,"Central African Republic,Nigeria,Somalia,Angola",2842,414,0,308,22,0,0,0,0,14,0,0,260,1,0,27,13,0,0,0,0,0,1,0,"{""building"": 260, ""highway"": 27, ""landuse"": 20, ""place"": 15}","{""highway"": 13, ""surface"": 9, ""place"": 2, ""building"": 1, ""project:eurosha_2012"": 1, ""source"": 1, ""source:date"": 1, ""landuse"": 1, ""amenity"": 1, ""social_facility"": 1}",{}
32,andraina,11974512,12,3301,Senegal,3064,103,0,88,46,0,0,0,0,0,0,0,8,0,0,79,44,0,0,0,0,0,0,0,"{""highway"": 79, ""building"": 8, ""natural"": 1}","{""highway"": 44, ""surface"": 5, ""lanes"": 3, ""oneway"": 3, ""source"": 1}",{}
33,Tantri IRM-ED,10910640,14,3167,Indonesia,1704,1040,0,394,29,0,0,0,0,0,0,0,394,26,0,0,2,0,0,0,0,0,0,0,"{""building"": 394}","{""building"": 26, ""highway"": 2, ""motorcycle"": 1}",{}
34,youngmapper,13063701,2,3060,Nigeria,2532,38,0,490,0,0,0,0,0,0,0,0,490,0,0,0,0,0,0,0,0,0,0,0,"{""building"": 490}",{},{}
35,nanou1,6486352,4,2991,Senegal,2461,188,0,310,32,0,0,0,0,1,1,0,165,0,0,134,31,0,11,1,0,0,0,0,"{""building"": 165, ""highway"": 134, ""waterway"": 11, ""intermittent"": 8, ""layer"": 3, ""tunnel"": 3, ""place"": 1}","{""highway"": 31, ""surface"": 16, ""source"": 4, ""place"": 1, ""waterway"": 1}",{}
36,Shrestha Shristi,13253207,4,2710,South Africa,1961,289,0,446,14,0,0,0,0,0,0,0,443,12,0,3,2,0,0,0,0,0,0,0,"{""building"": 443, ""highway"": 3, ""source"": 2, ""layer"": 1, ""tunnel"": 1}","{""building"": 12, ""highway"": 2, ""source"": 2, ""name"": 1}",{}
37,majocimi,18356472,72,2629,"Zambia,El Salvador",2151,6,0,471,1,0,0,0,0,0,0,0,471,0,0,0,0,0,0,0,0,0,0,0,"{""building"": 471}",{},{}
38,JFL-75,13317783,3,2521,United Republic of Tanzania,1437,601,0,339,144,0,0,0,0,0,0,0,339,5,0,0,1,0,0,0,0,0,0,0,"{""building"": 339, ""construction"": 8}","{""building"": 5, ""construction"": 2, ""highway"": 1, ""surface"": 1}",{}
39,Araumar,18113433,9,2417,Nigeria,2026,0,0,391,0,0,0,0,0,0,0,0,391,0,0,0,0,0,0,0,0,0,0,0,"{""building"": 391}",{},{}
40,Palolo,385046,16,2376,United Republic of Tanzania,1332,702,0,295,47,0,0,0,0,1,6,0,287,11,0,5,34,0,0,0,0,2,3,0,"{""building"": 287, ""highway"": 5, ""name"": 3, ""amenity"": 2, ""surface"": 2, ""place"": 1, ""name:en"": 1, ""leisure"": 1, ""sport"": 1, ""addr:street"": 1}","{""highway"": 34, ""source"": 25, ""surface"": 16, ""building"": 11, ""name"": 8, ""source:date"": 6, ""place"": 5, ""ward"": 5, ""country"": 4, ""district"": 4, ""region"": 4, ""amenity"": 3, ""addr:street"": 2, ""population"": 1, ""ref"": 1, ""tracktype"": 1}",{}
41,birgitt m,17722275,14,2190,Angola,1929,4,0,256,1,0,0,0,0,0,0,0,254,0,0,0,0,0,0,0,0,0,0,0,"{""building"": 254, ""landuse"": 2}",{},{}
42,Grannymeg,13361440,9,2184,Sri Lanka,1843,88,0,207,46,0,0,0,0,1,0,0,158,1,0,19,18,0,9,3,0,1,1,0,"{""building"": 158, ""highway"": 19, ""landuse"": 14, ""waterway"": 9, ""natural"": 7, ""name"": 5, ""layer"": 5, ""lanes"": 4, ""maxspeed"": 4, ""ref"": 4, ""surface"": 4, ""bridge"": 2, ""tunnel"": 2, ""amenity"": 1, ""religion"": 1}","{""highway"": 18, ""landuse"": 16, ""maxspeed"": 3, ""waterway"": 3, ""name"": 2, ""natural"": 2, ""lanes"": 1, ""ref"": 1, ""surface"": 1, ""amenity"": 1, ""religion"": 1, ""building"": 1}",{}
43,reisir,18166894,14,2158,Angola,1986,52,0,111,9,0,0,0,0,0,0,0,100,3,0,0,0,0,0,0,0,0,0,0,"{""building"": 100, ""landuse"": 11}","{""building"": 3}",{}
44,vichada,2246826,1,2054,Zambia,795,1098,0,53,108,0,0,0,0,0,0,0,38,84,0,5,3,0,10,6,0,0,0,0,"{""building"": 38, ""intermittent"": 10, ""waterway"": 10, ""highway"": 5}","{""building"": 84, ""intermittent"": 6, ""waterway"": 6, ""highway"": 3, ""surface"": 2, ""ref"": 1}",{}
45,Erwinvanw,4579915,4,2027,South Africa,993,830,0,130,74,0,0,0,0,0,0,0,130,39,0,0,0,0,0,0,0,0,0,0,"{""building"": 130, ""layer"": 8}","{""building"": 39, ""layer"": 3}",{}
46,Vivek Dumre,13116824,9,1974,"Guinea,Togo",1463,203,0,289,19,0,0,0,0,0,0,0,288,9,0,1,3,0,0,0,0,0,0,0,"{""building"": 288, ""highway"": 1}","{""source"": 12, ""building"": 9, ""barrier"": 3, ""highway"": 3, ""landuse"": 1, ""name"": 1}",{}
47,DMcDowall,8815318,9,1924,Libyan Arab Jamahiriya,1582,87,0,251,4,0,0,0,0,0,0,0,251,0,0,0,1,0,0,0,0,0,0,0,"{""building"": 251}","{""highway"": 1, ""landuse"": 1}",{}
48,osmtogo_mapper4,17967261,6,1908,Togo,760,867,0,131,150,0,0,0,0,0,0,0,131,100,0,0,10,0,0,0,0,0,0,0,"{""building"": 131}","{""source"": 116, ""building"": 100, ""highway"": 10, ""surface"": 7, ""barrier"": 6}",{}
49,Oluwafemi_Adeyemo,11432684,1,1876,Kenya,1386,171,0,318,1,0,0,0,0,0,0,0,318,1,0,0,0,0,0,0,0,0,0,0,"{""building"": 318}","{""building"": 1}",{}
50,Safrano,6522497,10,1843,Botswana,750,994,0,62,37,0,0,0,0,0,0,0,62,14,0,0,0,0,0,0,0,0,0,0,"{""building"": 62}","{""building"": 14, ""source"": 4}",{}
51,remimage,3626326,9,1789,Nigeria,1236,332,0,158,63,0,0,0,0,0,0,0,158,63,0,0,0,0,0,0,0,0,0,0,"{""building"": 158}","{""building"": 63}",{}
52,JohnW11,8285929,4,1787,South Africa,596,1030,0,99,62,0,0,0,0,0,2,0,99,55,0,0,1,0,0,0,0,0,0,0,"{""building"": 99}","{""building"": 55, ""power"": 4, ""cables"": 2, ""circuits"": 2, ""frequency"": 2, ""voltage"": 2, ""highway"": 1, ""name"": 1, ""source"": 1, ""layer"": 1}",{}
53,OliviaHo,18287987,4,1744,Vietnam,1351,63,0,322,8,0,0,0,0,0,0,0,320,2,0,0,1,0,0,0,0,0,0,0,"{""building"": 320, ""landuse"": 1, ""leisure"": 1, ""sport"": 1}","{""landuse"": 3, ""building"": 2, ""highway"": 1, ""motorcar"": 1, ""motorcycle"": 1, ""name"": 1, ""building:levels"": 1}",{}
54,Zo Xu,18355618,8,1732,South Africa,1266,209,0,211,43,0,3,0,0,0,0,0,209,15,0,1,1,0,0,0,0,0,0,0,"{""building"": 209, ""type"": 3, ""layer"": 2, ""highway"": 1}","{""building"": 15, ""highway"": 1, ""landuse"": 1}",{}
55,maria!,17964931,285,1727,Nigeria,1442,0,0,285,0,0,0,0,0,0,0,0,285,0,0,0,0,0,0,0,0,0,0,0,"{""building"": 285}",{},{}
56,rocknpower,4794915,7,1712,South Africa,1382,0,0,330,0,0,0,0,0,0,0,0,330,0,0,0,0,0,0,0,0,0,0,0,"{""building"": 330}",{},{}
57,Walter Mayeku,6201821,2,1670,Kenya,883,606,0,95,86,0,0,0,0,19,0,0,77,31,0,6,3,0,0,0,0,10,0,0,"{""building"": 77, ""roof:material"": 76, ""barrier"": 11, ""amenity"": 10, ""highway"": 6, ""surface"": 6, ""natural"": 5, ""generator:source"": 5, ""location"": 5, ""power"": 5}","{""building"": 31, ""roof:material"": 31, ""highway"": 3, ""surface"": 3}",{}
58,LCecile,14819164,9,1648,Indonesia,1279,92,0,270,7,0,0,0,0,0,0,0,270,1,0,0,6,0,0,0,0,0,0,0,"{""building"": 270}","{""highway"": 6, ""motorcycle"": 4, ""building"": 1}",{}
59,Vik!,14348763,6,1642,"Brazil,El Salvador",370,1050,0,65,157,0,0,0,0,0,2,0,58,13,0,1,9,0,0,0,0,0,0,0,"{""building"": 58, ""landuse"": 5, ""leisure"": 1, ""highway"": 1}","{""building"": 13, ""highway"": 9, ""name"": 8, ""source"": 7, ""surface"": 5, ""landuse"": 4, ""alt_name"": 2, ""fixme"": 2, ""noexit"": 1, ""barrier"": 1}",{}
60,Peter Agenga,4570042,3,1623,Kenya,688,815,0,59,61,0,0,0,0,130,1,0,21,38,0,3,11,0,0,0,0,14,0,0,"{""natural"": 104, ""barrier"": 33, ""building"": 21, ""amenity"": 14, ""roof:material"": 12, ""material"": 10, ""generator:source"": 10, ""layer"": 10, ""location"": 10, ""power"": 10, ""toilets:disposal"": 9, ""toilets:position"": 9, ""wall"": 6, ""content"": 4, ""man_made"": 4, ""highway"": 3, ""surface"": 3, ""construction"": 3, ""fence_type"": 3}","{""building"": 38, ""roof:material"": 35, ""highway"": 11, ""surface"": 11, ""barrier"": 6, ""construction"": 2, ""landuse"": 1, ""fence_type"": 1}",{}
61,Sekou Yaya Bah,7014296,4,1590,"Guinea,Benin",1480,17,0,90,3,0,0,0,0,0,0,0,88,0,0,0,3,0,2,0,0,0,0,0,"{""building"": 88, ""waterway"": 2}","{""highway"": 3}",{}
62,Astatine,11969799,9,1479,"South Africa,Kenya",1265,13,0,179,22,0,0,0,0,0,0,0,153,8,0,26,13,0,0,0,0,0,0,0,"{""building"": 153, ""highway"": 26}","{""highway"": 13, ""building"": 8, ""name"": 6, ""source"": 6, ""surface"": 2}",{}
63,Cole Myers,9099678,10,1457,Zimbabwe,368,976,0,53,60,0,0,0,0,0,0,0,52,11,0,0,11,0,0,0,0,0,0,0,"{""building"": 52, ""construction"": 3, ""man_made"": 1}","{""highway"": 11, ""building"": 11, ""construction"": 6, ""man_made"": 4, ""surface"": 3}",{}
64,Silvio86,18344131,25,1448,Timor-Leste,1212,79,0,148,9,0,0,0,0,0,1,0,138,1,0,8,8,0,0,0,0,1,1,0,"{""building"": 138, ""name"": 13, ""highway"": 8, ""natural"": 2, ""amenity"": 1}","{""name"": 10, ""source"": 8, ""highway"": 8, ""maxspeed"": 6, ""surface"": 6, ""amenity"": 1, ""healthcare"": 1, ""_P_CODE_"": 1, ""place"": 1, ""building"": 1}",{}
65,Harfeur,8837344,2,1414,Nepal,1209,62,0,142,1,0,0,0,0,0,0,0,120,0,0,18,1,0,0,0,0,0,0,0,"{""building"": 120, ""highway"": 18, ""landuse"": 4}","{""highway"": 1, ""surface"": 1}",{}
66,jaggededge,6345222,11,1344,South Africa,336,905,0,78,25,0,0,0,0,0,0,0,78,24,0,0,0,0,0,0,0,0,0,0,"{""building"": 78}","{""building"": 24, ""layer"": 3}",{}
67,Ben Vanderford,17414246,10,1329,"Zambia,United Republic of Tanzania",889,270,0,154,16,0,0,0,0,0,0,0,154,0,0,0,0,0,0,0,0,0,0,0,"{""building"": 154}",{},{}
68,AlecE,18362487,8,1329,"Egypt,Kenya",1074,3,0,244,8,0,0,0,0,0,0,0,244,1,0,0,7,0,0,0,0,0,0,0,"{""building"": 244, ""layer"": 1, ""club"": 1}","{""highway"": 7, ""name"": 3, ""name:ar"": 3, ""name:en"": 3, ""addr:country"": 1, ""addr:district"": 1, ""addr:district:en"": 1, ""addr:housenumber"": 1, ""addr:postcode"": 1, ""addr:province"": 1, ""addr:province:en"": 1, ""addr:street"": 1, ""addr:street:en"": 1, ""addr:subdistrict"": 1, ""addr:subdistrict:en"": 1, ""alt_name"": 1, ""alt_name:en"": 1, ""source"": 1, ""footway"": 1, ""oneway"": 1, ""building"": 1}",{}
69,Zkwosch,108500,14,1238,Kenya,902,170,0,125,41,0,0,0,0,0,0,0,42,1,0,83,38,0,0,1,0,0,0,0,"{""highway"": 83, ""surface"": 51, ""building"": 42}","{""highway"": 38, ""surface"": 8, ""source"": 1, ""waterway"": 1, ""building"": 1}",{}
70,Tom2A,18165642,14,1227,Peru,995,64,0,161,7,0,0,0,0,0,0,0,161,5,0,0,0,0,0,0,0,0,0,0,"{""building"": 161}","{""building"": 5}",{}
71,pedr0faria,10482974,12,1201,"Mauritania,Côte d'Ivoire,Niger,South Africa,Democratic Republic of the Congo",296,774,0,35,96,0,0,0,0,0,0,0,10,0,0,25,31,0,0,0,0,0,0,0,"{""highway"": 25, ""building"": 10}","{""highway"": 31, ""landuse"": 2, ""noname"": 1}",{}
72,Aarogya Pandey,11807790,7,1197,"Libyan Arab Jamahiriya,Nigeria",605,517,0,69,6,0,0,0,0,0,0,0,69,1,0,0,2,0,0,0,0,0,0,0,"{""building"": 69}","{""highway"": 2, ""building"": 1, ""surface"": 1, ""layer"": 1}",{}
73,landscapemapper,220206,1,1149,Libyan Arab Jamahiriya,525,473,0,114,37,0,0,0,0,1,1,0,91,8,0,22,9,0,0,0,0,0,0,0,"{""building"": 91, ""highway"": 22, ""tracktype"": 9, ""man_made"": 1, ""construction"": 1, ""construction:railway"": 1, ""construction:railway:etcs"": 1, ""gauge"": 1, ""railway"": 1, ""usage"": 1}","{""highway"": 9, ""building"": 8, ""man_made"": 1, ""construction"": 1, ""construction:railway"": 1, ""construction:railway:etcs"": 1, ""gauge"": 1, ""railway"": 1, ""usage"": 1, ""natural"": 1, ""lanes"": 1, ""name"": 1, ""name:en"": 1, ""oneway"": 1}",{}
74,Titus Mulenga,15693878,2,1117,Zambia,786,163,0,147,21,0,0,0,0,0,0,0,147,21,0,0,0,0,0,0,0,0,0,0,"{""building"": 147}","{""building"": 21, ""source"": 18}",{}
75,Calyppe,4839953,10,1110,Nigeria,916,98,0,88,8,0,0,0,0,0,0,0,88,5,0,0,2,0,0,0,0,0,0,0,"{""building"": 88}","{""building"": 5, ""highway"": 2, ""surface"": 1}",{}
76,Astrantia,18061361,4,1104,South Africa,113,953,0,13,25,0,0,0,0,0,0,0,13,23,0,0,0,0,0,0,0,0,0,0,"{""building"": 13}","{""building"": 23}",{}
77,[DVHS] Joanne Cheong,15113451,15,1104,South Africa,530,479,0,55,40,0,0,0,0,0,0,0,55,39,0,0,0,0,0,0,0,0,0,0,"{""building"": 55}","{""building"": 39}",{}
78,oliveiramau,10408363,12,1092,Brazil,638,352,0,70,32,0,0,0,0,83,0,0,64,16,0,0,1,0,0,0,0,0,0,0,"{""natural"": 89, ""building"": 64}","{""building"": 16, ""natural"": 3, ""landuse"": 2, ""name"": 2, ""fixme"": 1, ""source"": 1, ""highway"": 1}",{}
79,spatrick14,18259368,34,1087,"El Salvador,Zambia",891,0,0,194,2,0,0,0,0,0,0,0,194,0,0,0,2,0,0,0,0,0,0,0,"{""building"": 194}","{""highway"": 2}",{}
80,JKerry,15222030,6,1018,Indonesia,227,633,0,50,108,0,0,0,0,0,0,0,50,11,0,0,1,0,0,0,0,0,0,0,"{""building"": 50}","{""building"": 11, ""highway"": 1}",{}
81,ivyseal,17210145,9,1017,"Democratic Republic of the Congo,Nepal",929,3,0,63,22,0,0,0,0,0,0,0,1,0,0,62,18,0,0,0,0,0,0,0,"{""highway"": 62, ""building"": 1}","{""highway"": 18, ""landuse"": 4, ""fixme"": 1, ""source"": 1, ""surface"": 1}",{}
82,김진경,18350279,4,1014,"Angola,Democratic Republic of the Congo",880,0,0,130,4,0,0,0,0,0,0,0,129,1,0,0,1,0,0,1,0,0,0,0,"{""building"": 129, ""landuse"": 1}","{""waterway"": 1, ""highway"": 1, ""building"": 1}",{}
83,julius ivan26,6410992,2,994,Uganda,778,21,0,194,1,0,0,0,0,0,0,0,194,1,0,0,0,0,0,0,0,0,0,0,"{""building"": 194}","{""building"": 1, ""source"": 1}",{}
84,CKORR,17630525,14,989,"Nigeria,Brazil",348,518,0,49,74,0,0,0,0,0,0,0,16,13,0,0,0,0,0,0,0,0,0,0,"{""natural"": 33, ""building"": 16}","{""building"": 13}",{}
85,MakeSense,11054896,47,978,El Salvador,792,0,0,183,3,0,0,0,0,0,0,0,183,1,0,0,2,0,0,0,0,0,0,0,"{""building"": 183}","{""highway"": 2, ""layer"": 1, ""building"": 1}",{}
86,peculiar theater,11880034,17,949,Chad,501,341,0,94,13,0,0,0,0,0,0,0,91,9,0,0,0,0,0,0,0,0,0,0,"{""building"": 91, ""landuse"": 3}","{""building"": 9, ""landuse"": 1}",{}
87,anthaas,5438501,6,941,Chad,181,661,0,29,70,0,0,0,0,0,0,0,29,55,0,0,1,0,0,0,0,0,0,0,"{""building"": 29}","{""building"": 55, ""highway"": 1}",{}
88,Qwajo OSM,4853701,9,941,Guatemala,119,738,0,20,64,0,0,0,0,0,0,0,20,59,0,0,4,0,0,0,0,0,0,0,"{""building"": 20}","{""building"": 59, ""highway"": 4, ""surface"": 4}",{}
89,zoubinnaba,5113626,5,934,Togo,375,421,0,81,57,0,0,0,0,0,1,0,81,22,0,0,9,0,0,0,0,0,0,0,"{""building"": 81}","{""source"": 30, ""building"": 22, ""highway"": 9, ""railway"": 1, ""surface"": 1}",{}
90,ElaJK123,17780149,13,921,South Africa,366,462,0,54,39,0,0,0,0,0,0,0,54,33,0,0,3,0,0,0,0,0,0,0,"{""building"": 54}","{""building"": 33, ""highway"": 3, ""source"": 2, ""name"": 1, ""admin_level"": 1, ""boundary"": 1, ""layer"": 1}",{}
91,Jim Bedient,17786100,3,918,"Angola,Fiji",435,384,0,50,49,0,0,0,0,0,0,0,50,24,0,0,0,0,0,0,0,0,0,0,"{""building"": 50}","{""building"": 24}",{}
92,Henk222,10855040,3,912,Sudan,568,211,0,121,12,0,0,0,0,0,0,0,121,9,0,0,0,0,0,0,0,0,0,0,"{""building"": 121}","{""building"": 9}",{}
93,Gaurav Parajuli,8316170,5,902,"Nepal,Indonesia",630,117,0,142,13,0,0,0,0,0,0,0,141,1,0,1,1,0,0,0,0,0,0,0,"{""building"": 141, ""highway"": 1}","{""landuse"": 5, ""source:geometry"": 2, ""building"": 1, ""natural"": 1, ""highway"": 1}",{}
94,rrissiek,17889,5,901,South Sudan,549,267,0,74,11,0,0,0,0,0,1,0,66,0,0,7,5,0,1,0,0,0,0,0,"{""building"": 66, ""highway"": 7, ""intermittent"": 1, ""waterway"": 1}","{""highway"": 5, ""barrier"": 1, ""source"": 1}",{}
95,Thomas Burke,17403493,4,884,Tajikistan,424,311,0,85,64,0,0,0,0,0,0,0,85,4,0,0,2,0,0,0,0,0,0,0,"{""building"": 85, ""layer"": 5}","{""building"": 4, ""highway"": 2, ""layer"": 1}",{}
96,Robo Thug,12137200,2,837,Mali,395,310,0,67,65,0,0,0,0,0,0,0,67,1,0,0,0,0,0,0,0,0,0,0,"{""building"": 67}","{""building"": 1, ""name"": 1, ""name:ar"": 1, ""source"": 1, ""tourism"": 1}",{}
97,BRPS,18194384,7,827,"Sudan,Chad",667,59,0,100,1,0,0,0,0,0,0,0,100,0,0,0,0,0,0,0,0,0,0,0,"{""building"": 100}",{},{}
98,MeganMaps,17800485,2,827,Tajikistan,320,373,0,80,54,0,0,0,0,0,0,0,80,0,0,0,0,0,0,0,0,0,0,0,"{""building"": 80}","{""landuse"": 1, ""place"": 1}",{}
99,Allison Ritchie,10518600,5,821,"Egypt,South Africa",246,541,0,22,12,0,0,0,0,0,1,0,22,2,0,0,5,0,0,0,0,0,0,0,"{""building"": 22, ""source"": 1, ""addr:city"": 1, ""addr:city:en"": 1, ""addr:country"": 1, ""addr:district"": 1, ""addr:district:en"": 1, ""addr:housenumber"": 1, ""addr:place"": 1, ""addr:place:en"": 1, ""addr:postcode"": 1, ""addr:province"": 1, ""addr:province:en"": 1, ""construction"": 1}","{""construction"": 5, ""highway"": 5, ""addr:city"": 2, ""addr:city:en"": 2, ""addr:country"": 2, ""addr:district"": 2, ""addr:district:en"": 2, ""addr:housenumber"": 2, ""addr:place"": 2, ""addr:place:en"": 2, ""addr:postcode"": 2, ""addr:province"": 2, ""addr:province:en"": 2, ""building"": 2}",{}
100,Mwakisole Janeth E,11632336,19,812,United Republic of Tanzania,656,0,0,156,0,0,0,0,0,0,0,0,156,0,0,0,0,0,0,0,0,0,0,0,"{""building"": 156}",{},{}
101,Ryan Coles,11910418,4,805,Niger,755,0,0,50,0,0,0,0,0,0,0,0,50,0,0,0,0,0,0,0,0,0,0,0,"{""building"": 50}",{},{}
102,martinairmaps,3376734,10,774,Lesotho,523,210,0,37,4,0,0,0,0,0,0,0,37,0,0,0,0,0,0,0,0,0,0,0,"{""building"": 37}","{""landuse"": 1}",{}
103,Ernst-jan Henkens,632851,5,766,Democratic Republic of the Congo,626,4,0,136,0,0,0,0,0,0,0,0,136,0,0,0,0,0,0,0,0,0,0,0,"{""building"": 136}",{},{}
104,Lonneke76,6518907,2,722,Nepal,297,331,0,66,28,0,0,0,0,0,0,0,61,6,0,5,4,0,0,0,0,0,0,0,"{""building"": 61, ""highway"": 5}","{""building"": 6, ""highway"": 4, ""surface"": 3, ""ref"": 1}",{}
105,Libor Bednarik,4355439,1,711,Zimbabwe,300,351,0,36,24,0,0,0,0,0,0,0,36,0,0,0,0,0,0,3,0,0,0,0,"{""building"": 36}","{""intermittent"": 3, ""seasonal"": 3, ""waterway"": 3, ""natural"": 2, ""water"": 2, ""name"": 1}",{}
106,mmahmud,3217737,6,684,United Republic of Tanzania,464,87,0,112,21,0,0,0,0,0,0,0,112,21,0,0,0,0,0,0,0,0,0,0,"{""building"": 112, ""source"": 112}","{""building"": 21, ""source"": 21}",{}
107,brenna_t,18366819,2,678,South Africa,568,4,0,105,1,0,0,0,0,0,0,0,105,0,0,0,0,0,0,0,0,0,0,0,"{""building"": 105, ""layer"": 1}",{},{}
108,D4MSF,18332251,1,675,Nigeria,31,632,0,6,6,0,0,0,0,0,0,0,6,1,0,0,1,0,0,0,0,0,0,0,"{""building"": 6}","{""highway"": 1, ""surface"": 1, ""building"": 1}",{}
109,David0312,18367648,2,669,Nigeria,485,76,0,92,16,0,0,0,0,0,0,0,92,0,0,0,0,0,0,0,0,0,0,0,"{""building"": 92, ""name"": 3}",{},{}
110,Adam Fitzgerald (Linklaters),14475890,6,655,Brazil,537,0,0,118,0,0,0,0,0,0,0,0,115,0,0,0,0,0,0,0,0,0,0,0,"{""building"": 115, ""natural"": 3}",{},{}
111,Rupa Kemprai,17717148,3,651,India,551,0,0,100,0,0,0,0,0,0,0,0,100,0,0,0,0,0,0,0,0,0,0,0,"{""building"": 100}",{},{}
112,Nadinecallan,18365959,29,648,El Salvador,528,0,0,120,0,0,0,0,0,0,0,0,120,0,0,0,0,0,0,0,0,0,0,0,"{""building"": 120, ""name"": 1}",{},{}
113,b_rey952,12395643,2,643,Democratic Republic of the Congo,602,0,0,32,9,0,0,0,0,1,0,0,0,0,0,32,5,0,0,4,0,0,0,0,"{""highway"": 32, ""ford"": 1}","{""highway"": 5, ""intermittent"": 4, ""waterway"": 4}",{}
114,Rica Zamora Duchateau,3067760,6,626,Lao People's Democratic Republic,592,2,0,29,3,0,0,0,0,24,0,0,0,0,0,23,2,0,6,1,0,0,0,0,"{""ford"": 24, ""highway"": 23, ""waterway"": 6}","{""highway"": 2, ""waterway"": 1}",{}
115,Nicka87,18330680,6,605,Egypt,487,1,0,114,3,0,0,0,0,0,0,0,109,2,0,0,1,0,0,0,0,3,0,0,"{""building"": 109, ""amenity"": 3, ""leisure"": 2, ""sport"": 2}","{""building"": 2, ""addr:country"": 1, ""addr:district"": 1, ""addr:district:en"": 1, ""addr:housenumber"": 1, ""addr:postcode"": 1, ""addr:province"": 1, ""addr:province:en"": 1, ""addr:street"": 1, ""addr:street:en"": 1, ""addr:subdistrict"": 1, ""addr:subdistrict:en"": 1, ""access"": 1, ""highway"": 1}",{}
116,jwalseth,1005381,4,561,Nepal,338,136,0,59,28,0,0,0,0,0,1,0,49,5,0,6,10,0,2,2,0,0,1,0,"{""building"": 49, ""highway"": 6, ""industrial"": 2, ""landuse"": 2, ""layer"": 2, ""waterway"": 2, ""bridge"": 1, ""tunnel"": 1}","{""highway"": 10, ""building"": 5, ""landuse"": 3, ""waterway"": 2, ""amenity"": 1, ""name"": 1, ""natural"": 1}",{}
117,edircksen,6601365,5,540,United Republic of Tanzania,207,285,0,39,9,0,0,0,0,0,0,0,38,5,0,1,4,0,0,0,0,0,0,0,"{""building"": 38, ""highway"": 1}","{""building"": 5, ""highway"": 4, ""tracktype"": 2, ""source"": 2, ""bridge"": 1, ""layer"": 1}",{}
118,Dugee,17869292,11,538,Angola,455,9,0,72,2,0,0,0,0,0,0,0,72,2,0,0,0,0,0,0,0,0,0,0,"{""building"": 72, ""layer"": 1}","{""building"": 2}",{}
119,Marvin de Hont,6616734,4,537,Nepal,321,158,0,36,22,0,0,0,0,0,0,0,33,8,0,1,4,0,2,1,0,0,0,0,"{""building"": 33, ""waterway"": 2, ""highway"": 1}","{""building"": 8, ""landuse"": 5, ""highway"": 4, ""waterway"": 1}",{}
120,Takayuki Kiyama,11494467,22,534,El Salvador,426,5,0,103,0,0,0,0,0,0,0,0,103,0,0,0,0,0,0,0,0,0,0,0,"{""building"": 103}",{},{}
121,Smouser,12513117,15,514,El Salvador,415,0,0,99,0,0,0,0,0,0,0,0,99,0,0,0,0,0,0,0,0,0,0,0,"{""building"": 99}",{},{}
122,Kicking Leaves,12405934,3,511,Nigeria,464,6,0,26,15,0,0,0,0,3,1,0,0,0,0,0,4,0,26,10,0,0,0,0,"{""waterway"": 26, ""intermittent"": 25, ""seasonal"": 25, ""ford"": 3}","{""waterway"": 10, ""intermittent"": 9, ""seasonal"": 9, ""highway"": 4, ""ford"": 1}",{}
123,BaileyMcFadden52,17412175,5,511,Somalia,461,4,0,40,6,0,0,0,0,16,0,0,0,0,0,31,6,0,0,0,0,0,0,0,"{""highway"": 31, ""place"": 17, ""area"": 8, ""barrier"": 8}","{""highway"": 6, ""surface"": 2}",{}
124,EmmPha,9379761,12,499,El Salvador,409,0,0,90,0,0,0,0,0,0,0,0,90,0,0,0,0,0,0,0,0,0,0,0,"{""building"": 90}",{},{}
125,Anisa Dhakal,11171620,2,487,Nepal,41,429,0,1,16,0,0,0,0,0,0,0,1,15,0,0,1,0,0,0,0,0,0,0,"{""building"": 1}","{""building"": 15, ""highway"": 1, ""ref"": 1, ""ref:old"": 1}",{}
126,Tengku Almira IRM-ED,17716288,16,482,Indonesia,283,131,0,48,20,0,0,0,0,0,1,0,45,8,0,1,4,0,0,2,0,0,2,0,"{""building"": 45, ""electrified"": 2, ""gauge"": 2, ""name"": 2, ""railway"": 2, ""usage"": 2, ""wikipedia"": 2, ""highway"": 1, ""bridge"": 1, ""layer"": 1}","{""building"": 8, ""highway"": 4, ""amenity"": 2, ""name"": 2, ""religion"": 2, ""waterway"": 2, ""motorcycle"": 1, ""import"": 1, ""source"": 1, ""electrified"": 1, ""gauge"": 1, ""railway"": 1, ""usage"": 1, ""wikipedia"": 1}",{}
127,Satya Surakasula,18349527,25,479,El Salvador,382,0,0,95,2,0,0,0,0,0,0,0,95,0,0,0,2,0,0,0,0,0,0,0,"{""building"": 95, ""layer"": 1}","{""highway"": 2}",{}
128,Priya H,17216143,2,477,Pakistan,407,24,0,39,7,0,0,0,0,0,0,0,23,1,0,4,1,0,2,0,0,0,0,0,"{""building"": 23, ""natural"": 10, ""water"": 9, ""highway"": 4, ""waterway"": 2}","{""highway"": 1, ""building"": 1}",{}
129,Chasinthedream,18361263,4,476,South Sudan,267,168,0,29,12,0,0,0,0,0,0,0,29,0,0,0,0,0,0,0,0,0,0,0,"{""building"": 29}",{},{}
130,Catalina Horquin Aristegui,14448940,2,474,Arunachal Pradesh,410,0,0,62,2,0,0,0,0,0,0,0,62,1,0,0,0,0,0,0,0,0,0,0,"{""building"": 62}","{""natural"": 1, ""building"": 1}",{}
131,Puxan,5328434,20,466,Sudan,94,320,0,18,34,0,0,0,0,0,0,0,18,19,0,0,7,0,0,0,0,0,0,0,"{""building"": 18}","{""building"": 19, ""highway"": 7, ""landuse"": 3, ""layer"": 1}",{}
132,Zander G,18145936,2,461,Nigeria,370,0,0,90,1,0,0,0,0,0,0,0,79,0,0,11,1,0,0,0,0,0,0,0,"{""building"": 79, ""highway"": 11}","{""highway"": 1, ""source"": 1}",{}
133,Luna Asefaw,13959252,2,453,"South Africa,Nigeria",365,9,0,75,4,0,0,0,0,0,0,0,74,1,0,0,1,0,0,0,0,0,0,0,"{""building"": 74, ""area"": 27}","{""highway"": 1, ""name"": 1, ""source"": 1, ""building"": 1}",{}
134,SamWilkes,18362486,7,451,Egypt,374,0,0,74,3,0,0,0,0,1,0,0,74,0,0,0,2,0,0,0,0,0,0,0,"{""building"": 74, ""leisure"": 1, ""layer"": 1}","{""highway"": 2, ""man_made"": 1, ""name"": 1, ""name:ar"": 1, ""name:en"": 1}",{}
135,Kmanasco,18259377,31,429,El Salvador,353,14,0,61,1,0,0,0,0,0,0,0,61,0,0,0,0,0,0,0,0,0,0,0,"{""building"": 61}",{},{}
136,Govinda Yadav,13252552,2,428,Nepal,330,12,0,80,6,0,0,0,0,0,0,0,79,2,0,1,1,0,0,0,0,0,0,0,"{""building"": 79, ""highway"": 1}","{""landuse"": 2, ""building"": 2, ""highway"": 1, ""int_ref"": 1, ""name"": 1, ""name:de"": 1, ""name:en"": 1, ""name:es"": 1, ""name:fa"": 1, ""name:ks"": 1, ""name:ne"": 1, ""name:pl"": 1, ""name:ur"": 1, ""ref"": 1, ""ref:old"": 1}",{}
137,KALUBA MICHEAL,4516666,3,424,Uganda,104,294,0,23,3,0,0,0,0,0,0,0,21,2,0,2,1,0,0,0,0,0,0,0,"{""source"": 22, ""building"": 21, ""highway"": 2, ""Full_Plus_Code"": 1}","{""building"": 2, ""highway"": 1}",{}
138,MariusMllr,17708395,9,422,Libyan Arab Jamahiriya,308,16,0,98,0,0,0,0,0,0,0,0,98,0,0,0,0,0,0,0,0,0,0,0,"{""building"": 98}",{},{}
139,SAATZ,16083311,1,422,Lebanon,366,0,0,56,0,0,0,0,0,0,0,0,56,0,0,0,0,0,0,0,0,0,0,0,"{""building"": 56}",{},{}
140,Deuckchung,8379329,2,421,Mauritania,142,226,0,29,24,0,0,0,0,0,0,0,29,5,0,0,7,0,0,0,0,0,0,0,"{""building"": 29}","{""highway"": 7, ""building"": 5, ""surface"": 1}",{}
141,Serenavocado,13574778,6,406,"South Africa,Libyan Arab Jamahiriya,Nigeria,Kenya",329,4,0,72,1,0,0,0,0,0,0,0,0,1,0,0,0,0,0,0,0,0,0,0,{},"{""building"": 1}",{}
142,rt23,18236061,1,402,South Africa,332,0,0,70,0,0,0,0,0,0,0,0,70,0,0,0,0,0,0,0,0,0,0,0,"{""building"": 70}",{},{}
143,redosm01,1803111,4,388,Niger,314,31,0,42,1,0,0,0,0,0,0,0,42,0,0,0,0,0,0,0,0,0,0,0,"{""building"": 42}",{},{}
144,Rosa Pepe,11701700,13,387,El Salvador,326,0,0,58,3,0,0,0,0,0,0,0,58,1,0,0,0,0,0,0,0,0,0,0,"{""building"": 58}","{""landuse"": 1, ""building"": 1}",{}
145,Rasmus Suominen,18359394,4,386,Egypt,332,1,0,48,5,0,0,0,0,0,0,0,48,0,0,0,5,0,0,0,0,0,0,0,"{""building"": 48}","{""highway"": 5, ""name"": 5, ""name:ar"": 5, ""name:en"": 5, ""addr:country"": 1, ""addr:district"": 1, ""addr:district:en"": 1, ""addr:housenumber"": 1, ""addr:postcode"": 1, ""addr:province"": 1, ""addr:province:en"": 1, ""addr:street"": 1, ""addr:street:en"": 1, ""addr:subdistrict"": 1, ""addr:subdistrict:en"": 1}",{}
146,amitg83,17848093,10,384,El Salvador,307,0,0,75,2,0,0,0,0,0,0,0,1,0,0,0,1,0,0,0,0,0,0,0,"{""building"": 1}","{""highway"": 1}",{}
147,Helmisy,18359390,21,382,Egypt,312,1,0,64,5,0,0,0,0,0,0,0,64,0,0,0,5,0,0,0,0,0,0,0,"{""building"": 64, ""layer"": 17}","{""highway"": 5, ""name"": 5, ""name:ar"": 5, ""name:en"": 5, ""addr:country"": 1, ""addr:district"": 1, ""addr:district:en"": 1, ""addr:housenumber"": 1, ""addr:postcode"": 1, ""addr:province"": 1, ""addr:province:en"": 1, ""addr:street"": 1, ""addr:street:en"": 1, ""addr:subdistrict"": 1, ""addr:subdistrict:en"": 1, ""note"": 1, ""note:en"": 1}",{}
148,Nyaega Orina,7574899,1,380,Kenya,348,1,0,28,3,0,0,0,0,12,0,0,15,0,0,3,3,0,0,0,0,5,0,0,"{""barrier"": 17, ""building"": 15, ""roof:material"": 15, ""amenity"": 5, ""highway"": 3, ""surface"": 3}","{""highway"": 3, ""surface"": 3}",{}
149,RandalRoot,17919453,2,370,Egypt,312,6,0,50,2,0,0,0,0,0,1,0,50,0,0,0,2,0,0,0,0,0,0,0,"{""building"": 50, ""layer"": 2}","{""addr:country"": 2, ""addr:district"": 2, ""addr:district:en"": 2, ""addr:housenumber"": 2, ""addr:postcode"": 2, ""addr:province"": 2, ""addr:province:en"": 2, ""addr:street"": 2, ""addr:street:en"": 2, ""addr:subdistrict"": 2, ""addr:subdistrict:en"": 2, ""highway"": 2, ""name"": 2, ""name:ar"": 2, ""name:en"": 2, ""layer"": 1}",{}
150,MichaelNdaro,10868456,1,369,Kenya,121,207,0,17,24,0,0,0,0,5,0,0,9,20,0,0,0,0,0,0,0,3,0,0,"{""building"": 9, ""roof:material"": 9, ""barrier"": 6, ""generator:source"": 4, ""level"": 4, ""location"": 4, ""power"": 4, ""amenity"": 3}","{""building"": 20, ""roof:material"": 16, ""barrier"": 4}",{}
151,KellyHScott,18245599,22,359,El Salvador,293,0,0,66,0,0,0,0,0,0,0,0,66,0,0,0,0,0,0,0,0,0,0,0,"{""building"": 66, ""layer"": 1}",{},{}
152,Yazzer778,17545109,7,354,"South Africa,Libyan Arab Jamahiriya",279,11,0,61,3,0,0,0,0,0,0,0,61,1,0,0,1,0,0,0,0,0,0,0,"{""building"": 61}","{""highway"": 1, ""name"": 1, ""source"": 1, ""landuse"": 1, ""building"": 1}",{}
153,MM155636,17579768,2,349,"Nigeria,South Sudan",324,0,0,25,0,0,0,0,0,0,0,0,25,0,0,0,0,0,0,0,0,0,0,0,"{""building"": 25}",{},{}
154,EsthersGeo,6532561,1,342,Bangladesh,266,19,0,56,1,0,0,0,0,0,0,0,56,0,0,0,0,0,0,0,0,0,0,0,"{""building"": 56}",{},{}
155,_r4@k,18346707,15,339,El Salvador,241,39,0,52,7,0,0,0,0,0,0,0,52,2,0,0,0,0,0,0,0,0,0,0,"{""building"": 52}","{""building"": 2}",{}
156,Snakej,18040441,4,322,United Republic of Tanzania,263,0,0,59,0,0,0,0,0,0,0,0,59,0,0,0,0,0,0,0,0,0,0,0,"{""building"": 59}",{},{}
157,UNGSC-isoipsa,10652094,1,322,Democratic Republic of the Congo,245,51,0,13,13,0,0,0,0,8,1,0,0,0,0,10,8,0,0,0,0,0,0,0,"{""highway"": 10, ""place"": 8, ""landuse"": 3}","{""highway"": 8, ""place"": 1, ""surface"": 1, ""tracktype"": 1}",{}
158,Rebecca Shames,11097248,64,321,El Salvador,257,0,0,64,0,0,0,0,0,0,0,0,64,0,0,0,0,0,0,0,0,0,0,0,"{""building"": 64}",{},{}
159,Ashim Paudel,16378761,2,321,Nepal,154,141,0,25,1,0,0,0,0,0,0,0,24,0,0,1,1,0,0,0,0,0,0,0,"{""building"": 24, ""highway"": 1}","{""highway"": 1}",{}
160,Söhmuel,18359383,13,317,Egypt,245,28,0,39,5,0,0,0,0,0,4,0,36,3,0,0,1,0,0,0,0,3,0,0,"{""building"": 36, ""layer"": 6, ""amenity"": 3}","{""addr:country"": 5, ""addr:district"": 5, ""addr:district:en"": 5, ""addr:housenumber"": 5, ""addr:postcode"": 5, ""addr:province"": 5, ""addr:province:en"": 5, ""addr:street"": 5, ""addr:street:en"": 5, ""addr:subdistrict"": 5, ""addr:subdistrict:en"": 5, ""building"": 3, ""note"": 1, ""note:en"": 1, ""highway"": 1, ""name"": 1, ""name:ar"": 1, ""name:en"": 1, ""oneway"": 1}",{}
161,R@bina dhakal,17378030,13,315,"Nepal,Nigeria",256,1,0,57,1,0,0,0,0,0,0,0,57,1,0,0,0,0,0,0,0,0,0,0,"{""building"": 57}","{""building"": 1}",{}
162,mitcho2013,4813258,2,309,Japan,257,0,0,51,1,0,0,0,0,0,0,0,51,0,0,0,0,0,0,0,0,0,0,0,"{""building"": 51, ""layer"": 1}","{""area"": 1, ""name"": 1, ""name:en"": 1, ""name:ja"": 1, ""public_transport"": 1, ""railway"": 1, ""ref"": 1}",{}
163,hibagonsan,5939709,3,303,Zambia,234,11,0,56,2,0,0,0,0,0,0,0,56,1,0,0,0,0,0,0,0,0,0,0,"{""building"": 56}","{""building"": 1}",{}
164,Henk Kamphuis,12564859,2,294,Democratic Republic of the Congo,76,184,0,16,18,0,0,0,0,0,0,0,16,1,0,0,0,0,0,0,0,0,0,0,"{""building"": 16}","{""building"": 1}",{}
165,irish-monkey,10186228,1,278,Egypt,245,0,0,26,7,0,0,0,0,0,0,0,26,3,0,0,4,0,0,0,0,0,0,0,"{""building"": 26}","{""highway"": 4, ""building"": 3, ""source"": 1}",{}
166,EKOTAMIKE,2886200,2,275,Libyan Arab Jamahiriya,229,6,0,39,1,0,0,0,0,0,0,0,39,0,0,0,0,0,0,0,0,0,0,0,"{""building"": 39}",{},{}
167,Awania Morish,9379491,5,272,Uganda,124,118,0,24,6,0,0,0,0,0,0,0,23,5,0,1,1,0,0,0,0,0,0,0,"{""building"": 23, ""source"": 7, ""highway"": 1}","{""building"": 5, ""source:geometry"": 3, ""source:geometry:date"": 3, ""highway"": 1}",{}
168,Kenny-S,18330589,9,271,"Malawi,Qatar",217,0,0,53,1,0,0,0,0,0,0,0,52,0,0,0,1,0,0,0,0,1,0,0,"{""building"": 52, ""amenity"": 1}","{""highway"": 1}",{}
169,Hkipel,17847867,11,268,El Salvador,216,0,0,52,0,0,0,0,0,0,0,0,52,0,0,0,0,0,0,0,0,0,0,0,"{""building"": 52}",{},{}
170,MiRei,18364428,4,266,Indonesia,200,22,0,42,2,0,0,0,0,0,0,0,39,0,0,3,2,0,0,0,0,0,0,0,"{""building"": 39, ""highway"": 3}","{""highway"": 2, ""import"": 1, ""source"": 1}",{}
171,Ekov2,15465677,7,264,Lebanon,206,24,0,29,5,0,0,0,0,0,0,0,22,4,0,1,1,0,0,0,0,0,0,0,"{""building"": 22, ""generator:method"": 6, ""generator:output:electricity"": 6, ""generator:source"": 6, ""generator:type"": 6, ""power"": 6, ""highway"": 1}","{""building"": 4, ""highway"": 1}",{}
172,Pdog1634,18365970,5,261,El Salvador,207,4,0,48,2,0,0,0,0,0,0,0,48,2,0,0,0,0,0,0,0,0,0,0,"{""building"": 48}","{""building"": 2}",{}
173,Denise M Leigh,8989162,45,256,El Salvador,199,12,0,45,0,0,0,0,0,0,0,0,45,0,0,0,0,0,0,0,0,0,0,0,"{""building"": 45}",{},{}
174,Hari TN,11853008,1,255,,109,117,0,24,5,0,0,0,0,0,0,0,24,3,0,0,1,0,0,0,0,0,0,0,"{""building"": 24}","{""building"": 3, ""highway"": 1, ""source"": 1}",{}
175,Cory I,13771324,9,249,Indonesia,190,27,0,26,6,0,0,0,0,0,0,0,17,1,0,5,1,0,0,0,0,0,0,0,"{""building"": 17, ""highway"": 5, ""landuse"": 4}","{""access"": 1, ""highway"": 1, ""source"": 1, ""building"": 1}",{}
176,D45H,18365987,1,246,Tajikistan,144,58,0,25,19,0,0,0,0,0,0,0,20,5,0,5,5,0,0,0,0,0,0,0,"{""building"": 20, ""highway"": 5}","{""highway"": 5, ""building"": 5, ""landuse"": 1, ""place"": 1}",{}
177,Jemimah Mukisa,12575202,6,243,Uganda,243,0,0,0,0,0,0,0,0,242,0,0,177,0,0,0,0,0,0,0,0,0,0,0,"{""name"": 243, ""place"": 243, ""source"": 243, ""building"": 177, ""is:in_counrty"": 131}",{},{}
178,marco443,1886646,10,241,India,77,134,0,17,13,0,0,0,0,0,0,0,17,7,0,0,0,0,0,0,0,0,0,0,"{""building"": 17}","{""building"": 7}",{}
179,Chase_1,17899603,1,236,Angola,189,4,0,43,0,0,0,0,0,0,0,0,43,0,0,0,0,0,0,0,0,0,0,0,"{""building"": 43}",{},{}
180,maferikotupi,2115804,2,236,Madagascar,148,51,0,27,10,0,0,0,0,0,0,0,20,0,0,6,2,0,0,1,0,0,0,0,"{""building"": 20, ""highway"": 6, ""landuse"": 1}","{""highway"": 2, ""access:conditional"": 1, ""description"": 1, ""seasonal"": 1, ""smoothness"": 1, ""surface"": 1, ""waterway"": 1}",{}
181,Pichalupa,17681500,6,231,United Republic of Tanzania,177,17,0,35,2,0,0,0,0,0,0,0,35,1,0,0,1,0,0,0,0,0,0,0,"{""building"": 35}","{""highway"": 1, ""source"": 1, ""building"": 1}",{}
182,BlueberryA,7971386,8,230,El Salvador,184,0,0,44,2,0,0,0,0,0,0,0,44,0,0,0,2,0,0,0,0,0,0,0,"{""building"": 44}","{""highway"": 2, ""surface"": 1}",{}
183,rob98122,17286379,2,229,Kenya,190,0,0,39,0,0,0,0,0,0,0,0,39,0,0,0,0,0,0,0,0,0,0,0,"{""building"": 39}",{},{}
184,Co Meijer,3410462,1,229,Chad,163,43,0,17,6,0,0,0,0,0,0,0,17,1,0,0,0,0,0,0,0,0,0,0,"{""building"": 17}","{""landuse"": 1, ""building"": 1}",{}
185,patrick mbaya,6854898,1,226,Democratic Republic of the Congo,121,70,0,28,7,0,0,0,0,0,0,0,28,0,0,0,5,0,0,0,0,0,0,0,"{""building"": 28}","{""highway"": 5, ""surface"": 5, ""landuse"": 1}",{}
186,ppku,14057548,2,226,Nigeria,149,44,0,25,8,0,0,0,0,0,0,0,21,0,0,4,8,0,0,0,0,0,0,0,"{""building"": 21, ""highway"": 4, ""surface"": 4}","{""highway"": 8, ""surface"": 8}",{}
187,Boris Sky,18365978,8,225,El Salvador,188,0,0,37,0,0,0,0,0,0,0,0,37,0,0,0,0,0,0,0,0,0,0,0,"{""building"": 37}",{},{}
188,tx2ny,14432270,6,213,El Salvador,165,12,0,35,1,0,0,0,0,0,0,0,35,1,0,0,0,0,0,0,0,0,0,0,"{""building"": 35}","{""building"": 1}",{}
189,Assitan,15229575,2,213,"Libyan Arab Jamahiriya,Mali",171,0,0,42,0,0,0,0,0,0,0,0,42,0,0,0,0,0,0,0,0,0,0,0,"{""building"": 42}",{},{}
190,Eetu Alanen,18359380,7,209,Egypt,187,1,0,21,0,0,0,0,0,0,0,0,21,0,0,0,0,0,0,0,0,0,0,0,"{""building"": 21, ""layer"": 3}","{""addr:country"": 1, ""addr:district"": 1, ""addr:district:en"": 1, ""addr:housenumber"": 1, ""addr:place"": 1, ""addr:place:en"": 1, ""addr:postcode"": 1, ""addr:province"": 1, ""addr:province:en"": 1}",{}
191,bcgrubbs,18225654,2,209,Brazil,167,0,0,42,0,0,0,0,0,0,0,0,42,0,0,0,0,0,0,0,0,0,0,0,"{""building"": 42}",{},{}
192,milllaaaws,18363783,11,206,Egypt,117,55,0,25,9,0,0,0,0,0,2,0,25,2,0,0,3,0,0,0,0,0,0,0,"{""building"": 25}","{""highway"": 3, ""name"": 3, ""name:ar"": 3, ""name:en"": 3, ""addr:country"": 2, ""addr:district"": 2, ""addr:district:en"": 2, ""addr:housenumber"": 2, ""addr:postcode"": 2, ""addr:province"": 2, ""addr:province:en"": 2, ""addr:street"": 2, ""addr:street:en"": 2, ""addr:subdistrict"": 2, ""addr:subdistrict:en"": 2, ""building"": 2}",{}
193,Mukesh Thapa,11674386,6,206,Democratic Republic of the Congo,195,1,0,5,5,0,0,0,0,0,0,0,0,0,0,5,5,0,0,0,0,0,0,0,"{""highway"": 5}","{""highway"": 5, ""surface"": 2}",{}
194,MeetaGC,18352081,5,205,"Tajikistan,India",167,0,0,36,2,0,0,0,0,0,0,0,31,0,0,5,2,0,0,0,0,0,0,0,"{""building"": 31, ""highway"": 5, ""layer"": 1}","{""highway"": 2}",{}
195,Lapjun,16565889,1,205,Democratic Republic of the Congo,154,30,0,10,11,0,0,0,0,4,0,0,0,0,0,10,8,0,0,0,0,0,0,0,"{""highway"": 10, ""surface"": 8, ""place"": 4}","{""highway"": 8, ""surface"": 3, ""access"": 2, ""foot"": 1, ""incline"": 1}",{}
196,Dieggo33,18359389,13,202,Egypt,167,3,0,28,4,0,0,0,0,0,2,0,28,0,0,0,4,0,0,0,0,0,0,0,"{""building"": 28}","{""highway"": 4, ""name"": 4, ""name:ar"": 4, ""name:en"": 4, ""addr:country"": 3, ""addr:district"": 3, ""addr:district:en"": 3, ""addr:housenumber"": 3, ""addr:postcode"": 3, ""addr:province"": 3, ""addr:province:en"": 3, ""addr:street"": 3, ""addr:street:en"": 3, ""addr:subdistrict"": 3, ""addr:subdistrict:en"": 3, ""note"": 1, ""note:en"": 1}",{}
197,Lochan Pant,14854690,6,201,South Africa,56,131,0,7,7,0,0,0,0,0,0,0,7,7,0,0,0,0,0,0,0,0,0,0,"{""building"": 7}","{""building"": 7}",{}
198,Eltsu,18359384,5,196,Egypt,138,19,0,30,9,0,0,0,0,0,2,0,30,3,0,0,5,0,0,0,0,0,0,0,"{""building"": 30}","{""highway"": 5, ""name"": 5, ""name:ar"": 5, ""name:en"": 5, ""building"": 3, ""source"": 3, ""addr:country"": 2, ""addr:district"": 2, ""addr:district:en"": 2, ""addr:housenumber"": 2, ""addr:postcode"": 2, ""addr:province"": 2, ""addr:province:en"": 2, ""addr:street"": 2, ""addr:street:en"": 2, ""addr:subdistrict"": 2, ""addr:subdistrict:en"": 2}",{}
199,Medora Benson,18347834,2,192,South Africa,166,0,0,26,0,0,0,0,0,0,0,0,26,0,0,0,0,0,0,0,0,0,0,0,"{""building"": 26}",{},{}
200,Ranek,156121,4,192,"Niger,Guatemala",34,145,0,7,6,0,0,0,0,0,0,0,6,3,0,1,1,0,0,0,0,0,0,0,"{""building"": 6, ""highway"": 1}","{""building"": 3, ""highway"": 1}",{}
201,USTiwari,14029490,6,189,"El Salvador,India",151,0,0,38,0,0,0,0,0,0,0,0,38,0,0,0,0,0,0,0,0,0,0,0,"{""building"": 38}",{},{}
202,Mutambala,15750748,1,187,Zambia,18,156,0,1,12,0,0,0,0,0,0,0,1,6,0,0,0,0,0,0,0,0,0,0,"{""building"": 1}","{""building"": 6}",{}
203,Sarojpokhrel,10934301,2,185,Nepal,154,16,0,14,1,0,0,0,0,0,0,0,10,1,0,4,0,0,0,0,0,0,0,0,"{""building"": 10, ""highway"": 4}","{""building"": 1}",{}
204,Youdahe,13800693,6,184,"Tajikistan,Egypt",149,12,0,22,1,0,0,0,0,0,0,0,21,1,0,1,0,0,0,0,0,0,0,0,"{""building"": 21, ""highway"": 1}","{""building"": 1, ""source"": 1}",{}
205,RKML,18268078,6,184,Brazil,154,0,0,30,0,0,0,0,0,0,0,0,30,0,0,0,0,0,0,0,0,0,0,0,"{""building"": 30}",{},{}
206,Greystoke69100,13032226,1,183,Zambia,155,12,0,14,2,0,0,0,0,0,0,0,13,1,0,1,0,0,0,0,0,0,0,0,"{""building"": 13, ""highway"": 1, ""surface"": 1}","{""building"": 1}",{}
207,Heterodyne,9531596,2,182,Cameroon,11,165,0,0,6,0,0,0,0,0,0,0,0,6,0,0,0,0,0,0,0,0,0,0,{},"{""building"": 6}",{}
208,Sangeeta BC,13203366,1,181,Nepal,144,1,0,36,0,0,0,0,0,0,0,0,36,0,0,0,0,0,0,0,0,0,0,0,"{""building"": 36}",{},{}
209,KF SF,13533001,4,177,El Salvador,145,0,0,31,1,0,0,0,0,0,0,0,31,0,0,0,1,0,0,0,0,0,0,0,"{""building"": 31}","{""highway"": 1}",{}
210,mandyhong,7731695,3,177,El Salvador,137,1,0,35,4,0,0,0,0,0,0,0,35,0,0,0,1,0,0,0,0,0,0,0,"{""building"": 35}","{""highway"": 1, ""landuse"": 1}",{}
211,KatQuan,18364366,2,176,Peru,148,0,0,28,0,0,0,0,0,0,0,0,28,0,0,0,0,0,0,0,0,0,0,0,"{""building"": 28}",{},{}
212,Conal Hughes,18365963,10,173,El Salvador,139,0,0,34,0,0,0,0,0,0,0,0,34,0,0,0,0,0,0,0,0,0,0,0,"{""building"": 34}",{},{}
213,Cirilo Amaral,15631413,2,173,Brazil,152,0,0,18,3,0,0,0,0,0,0,0,6,0,0,12,3,0,0,0,0,0,0,0,"{""highway"": 12, ""source"": 7, ""building"": 6}","{""highway"": 3}",{}
214,Aaron Gramlich,17868901,12,172,Tajikistan,31,128,0,5,8,0,0,0,0,0,0,0,5,6,0,0,2,0,0,0,0,0,0,0,"{""building"": 5, ""layer"": 1}","{""building"": 6, ""highway"": 2, ""layer"": 2}",{}
215,James Amattey,16288334,1,169,Democratic Republic of the Congo,134,0,0,35,0,0,0,0,0,0,0,0,29,0,0,6,0,0,0,0,0,0,0,0,"{""source"": 34, ""building"": 29, ""highway"": 6}",{},{}
216,Sundeep Vootla,18367378,8,160,"India,El Salvador",118,8,0,30,4,0,0,0,0,0,0,0,22,2,0,0,2,0,0,0,0,0,0,0,"{""building"": 22, ""landuse"": 8}","{""highway"": 2, ""building"": 2, ""AND:importance_level"": 1, ""AND_a_nosr_r"": 1, ""source"": 1}",{}
217,lilyg1,18366007,2,153,"Libyan Arab Jamahiriya,India",125,1,0,27,0,0,0,0,0,0,0,0,16,0,0,0,0,0,0,0,0,0,0,0,"{""building"": 16, ""area"": 9}",{},{}
218,Laurel_Mire,18366786,3,152,Egypt,126,6,0,17,3,0,0,0,0,0,0,0,17,0,0,0,2,0,0,0,0,0,0,0,"{""building"": 17}","{""highway"": 2, ""name"": 2, ""name:ar"": 2, ""name:en"": 2}",{}
219,vk5366,18363780,8,151,Egypt,119,4,0,27,1,0,0,0,0,0,0,0,27,0,0,0,1,0,0,0,0,0,0,0,"{""building"": 27}","{""highway"": 1, ""name"": 1, ""name:ar"": 1, ""name:en"": 1}",{}
220,sandra waniwroth,15919982,1,149,Uganda,106,20,0,23,0,0,0,0,0,0,0,0,23,0,0,0,0,0,0,0,0,0,0,0,"{""building"": 23, ""source"": 23}",{},{}
221,Anoop4897,17869294,25,145,Libyan Arab Jamahiriya,112,0,0,27,6,0,0,0,0,0,0,0,17,0,0,0,5,0,0,0,0,0,0,0,"{""building"": 17, ""area"": 8, ""landuse"": 7}","{""highway"": 5, ""cables"": 1, ""power"": 1, ""source"": 1, ""voltage"": 1}",{}
222,ODULANA OLUWATOYIN,10483398,3,142,Kenya,116,2,0,24,0,0,0,0,0,0,0,0,24,0,0,0,0,0,0,0,0,0,0,0,"{""building"": 24}",{},{}
223,Kaisukos,18363785,3,139,Egypt,102,13,0,17,7,0,0,0,0,0,0,0,17,1,0,0,3,0,0,0,0,0,0,0,"{""building"": 17, ""layer"": 3}","{""highway"": 3, ""name"": 3, ""name:ar"": 3, ""name:en"": 3, ""addr:country"": 1, ""addr:district"": 1, ""addr:district:en"": 1, ""addr:housenumber"": 1, ""addr:postcode"": 1, ""addr:province"": 1, ""addr:province:en"": 1, ""addr:street"": 1, ""addr:street:en"": 1, ""addr:subdistrict"": 1, ""addr:subdistrict:en"": 1, ""layer"": 1, ""building"": 1, ""height"": 1}",{}
224,Simran9,18321851,2,137,El Salvador,112,0,0,25,0,0,0,0,0,0,0,0,25,0,0,0,0,0,0,0,0,0,0,0,"{""building"": 25}",{},{}
225,1733ndke62,9178834,1,128,South Africa,104,2,0,22,0,0,0,0,0,0,0,0,22,0,0,0,0,0,0,0,0,0,0,0,"{""building"": 22}",{},{}
226,John McArdle,18351778,11,128,Indonesia,117,0,0,11,0,0,0,0,0,0,0,0,0,0,0,0,0,0,11,0,0,0,0,0,"{""waterway"": 11}",{},{}
227,VinkonaHB,11332293,4,127,"Guatemala,Democratic Republic of the Congo",43,71,0,10,3,0,0,0,0,0,0,0,10,1,0,0,0,0,0,0,0,0,0,0,"{""building"": 10}","{""building"": 1}",{}
228,Ilanck,18224767,6,127,El Salvador,102,0,0,23,2,0,0,0,0,0,0,0,23,0,0,0,2,0,0,0,0,0,0,0,"{""building"": 23}","{""highway"": 2}",{}
229,Saraswathi Paruchuri,18349835,12,118,El Salvador,95,0,0,23,0,0,0,0,0,0,0,0,23,0,0,0,0,0,0,0,0,0,0,0,"{""building"": 23}",{},{}
230,Lafayette19,18362494,23,114,"Egypt,Libyan Arab Jamahiriya",90,1,0,23,0,0,0,0,0,0,0,0,22,0,0,1,0,0,0,0,0,0,0,0,"{""building"": 22, ""highway"": 1}",{},{}
231,MorganeMo,18283235,8,111,El Salvador,90,0,0,21,0,0,0,0,0,0,0,0,21,0,0,0,0,0,0,0,0,0,0,0,"{""building"": 21}",{},{}
232,milliemt,18365671,3,111,United Republic of Tanzania,90,0,0,21,0,0,0,0,0,0,0,0,21,0,0,0,0,0,0,0,0,0,0,0,"{""building"": 21}",{},{}
233,JacquieM,10382496,1,110,Libyan Arab Jamahiriya,89,4,0,16,1,0,0,0,0,0,0,0,16,0,0,0,1,0,0,0,0,0,0,0,"{""building"": 16}","{""highway"": 1, ""surface"": 1}",{}
234,Manivannan Sugumar,17869239,9,109,El Salvador,86,0,0,23,0,0,0,0,0,0,0,0,23,0,0,0,0,0,0,0,0,0,0,0,"{""building"": 23}",{},{}
235,IsmatAlhassan,13947773,3,106,"South Africa,Zambia",86,0,0,20,0,0,0,0,0,0,0,0,20,0,0,0,0,0,0,0,0,0,0,0,"{""building"": 20}",{},{}
236,stephnwakonobi,16372603,16,100,Egypt,84,0,0,16,0,0,0,0,0,0,0,0,16,0,0,0,0,0,0,0,0,0,0,0,"{""building"": 16}",{},{}
237,Allie_R,17997077,3,95,Zambia,76,0,0,19,0,0,0,0,0,0,0,0,19,0,0,0,0,0,0,0,0,0,0,0,"{""building"": 19}",{},{}
238,Frans S,1962399,8,93,Democratic Republic of the Congo,46,16,0,5,26,0,0,0,0,7,8,0,0,1,0,3,20,0,0,1,0,0,0,0,"{""place"": 7, ""highway"": 3, ""landuse"": 2, ""surface"": 1}","{""highway"": 20, ""surface"": 7, ""ford"": 6, ""place"": 2, ""tracktype"": 2, ""source"": 1, ""landuse"": 1, ""bridge"": 1, ""layer"": 1, ""intermittent"": 1, ""waterway"": 1, ""path"": 1, ""building"": 1}",{}
239,alfiebyrne,18365977,3,92,El Salvador,75,0,0,17,0,0,0,0,0,0,0,0,17,0,0,0,0,0,0,0,0,0,0,0,"{""building"": 17}",{},{}
240,Arvind B,17869223,3,90,El Salvador,75,0,0,15,0,0,0,0,0,0,0,0,15,0,0,0,0,0,0,0,0,0,0,0,"{""building"": 15}",{},{}
241,Bhavin Upadhyay,18265886,17,89,"El Salvador,Libyan Arab Jamahiriya",69,0,0,19,1,0,0,0,0,0,0,0,19,0,0,0,1,0,0,0,0,0,0,0,"{""building"": 19, ""layer"": 1}","{""highway"": 1}",{}
242,Joonatan2023,18359387,2,85,Egypt,70,0,0,15,0,0,0,0,0,0,0,0,15,0,0,0,0,0,0,0,0,0,0,0,"{""building"": 15}",{},{}
243,flipsteen,12588056,2,84,Chad,48,22,0,11,3,0,0,0,0,0,0,0,11,0,0,0,0,0,0,0,0,0,0,0,"{""building"": 11}",{},{}
244,haluk5,15859442,2,80,Arunachal Pradesh,64,0,0,16,0,0,0,0,0,0,0,0,16,0,0,0,0,0,0,0,0,0,0,0,"{""building"": 16}",{},{}
245,SBBaum,17279115,1,80,Brazil,53,16,0,11,0,0,0,0,0,0,0,0,10,0,0,0,0,0,0,0,0,0,0,0,"{""building"": 10, ""leisure"": 1}",{},{}
246,adechazal,12598514,2,76,Pakistan,68,1,0,7,0,0,0,0,0,0,0,0,0,0,0,0,0,0,4,0,0,0,0,0,"{""waterway"": 4, ""natural"": 3}",{},{}
247,MarcusHPE,12128535,1,74,Nepal,60,8,0,4,2,0,0,0,0,0,0,0,4,0,0,0,0,0,0,0,0,0,0,0,"{""building"": 4}",{},{}
248,Gwen Taylor,17998075,1,73,El Salvador,52,8,0,11,2,0,0,0,0,0,0,0,11,0,0,0,0,0,0,0,0,0,0,0,"{""building"": 11}",{},{}
249,ConnieMiller,18063382,1,70,Nigeria,58,0,0,12,0,0,0,0,0,0,0,0,12,0,0,0,0,0,0,0,0,0,0,0,"{""building"": 12}",{},{}
250,Santwest,18359386,3,67,Egypt,58,1,0,8,0,0,0,0,0,0,0,0,8,0,0,0,0,0,0,0,0,0,0,0,"{""building"": 8}","{""addr:country"": 1, ""addr:district"": 1, ""addr:district:en"": 1, ""addr:housenumber"": 1, ""addr:postcode"": 1, ""addr:province"": 1, ""addr:province:en"": 1, ""addr:street"": 1, ""addr:street:en"": 1, ""addr:subdistrict"": 1, ""addr:subdistrict:en"": 1}",{}
251,okkimus,18349306,2,65,"Lesotho,Egypt",48,6,0,10,1,0,0,0,0,0,0,0,9,1,0,0,0,0,0,0,0,0,0,0,"{""building"": 9, ""landuse"": 1}","{""building"": 1}",{}
252,Jeremie Ntumba,18365637,1,63,United Republic of Tanzania,50,0,0,13,0,0,0,0,0,0,0,0,13,0,0,0,0,0,0,0,0,0,0,0,"{""building"": 13}",{},{}
253,Daniel Shaheen,18367395,1,61,United Republic of Tanzania,50,0,0,11,0,0,0,0,0,0,0,0,11,0,0,0,0,0,0,0,0,0,0,0,"{""building"": 11}",{},{}
254,KarleneMM,17347542,1,60,El Salvador,48,0,0,12,0,0,0,0,0,0,0,0,12,0,0,0,0,0,0,0,0,0,0,0,"{""building"": 12}",{},{}
255,zjomaric,17491432,7,56,El Salvador,44,0,0,11,1,0,0,0,0,0,0,0,11,0,0,0,1,0,0,0,0,0,0,0,"{""building"": 11}","{""highway"": 1, ""lanes"": 1, ""ref"": 1, ""sidewalk"": 1, ""smoothness"": 1, ""source"": 1, ""surface"": 1}",{}
256,TPBJ24,18362710,5,56,Egypt,47,0,0,8,1,0,0,0,0,0,0,0,7,1,0,0,0,0,0,0,0,0,0,0,"{""building"": 7, ""landuse"": 1}","{""building"": 1}",{}
257,pkodame,4556176,1,56,Qatar,50,0,0,6,0,0,0,0,0,0,0,0,6,0,0,0,0,0,0,0,0,0,0,0,"{""building"": 6}",{},{}
258,Wistone Nkhoma,17081088,3,56,"Malawi,Angola",33,15,0,6,2,0,0,0,0,0,0,0,6,0,0,0,2,0,0,0,0,0,0,0,"{""building"": 6}","{""highway"": 2}",{}
259,Radhav,18365638,2,55,United Republic of Tanzania,50,0,0,5,0,0,0,0,0,0,0,0,5,0,0,0,0,0,0,0,0,0,0,0,"{""building"": 5}",{},{}
260,imbaah,9567985,1,55,Bangladesh,44,0,0,11,0,0,0,0,0,0,0,0,11,0,0,0,0,0,0,0,0,0,0,0,"{""building"": 11}",{},{}
261,dialloalpha,3713991,7,55,Senegal,43,4,0,7,1,0,0,0,0,0,0,0,2,0,0,4,1,0,0,0,0,0,0,0,"{""highway"": 4, ""building"": 2, ""barrier"": 1}","{""highway"": 1}",{}
262,samrat02,13255920,4,53,Nepal,3,50,0,0,0,0,0,0,0,3,0,0,0,0,0,0,0,0,0,0,0,0,0,0,"{""natural"": 3}",{},{}
263,Erick tamba,10570996,2,53,Nepal,13,13,0,5,21,0,1,0,0,0,1,0,2,0,0,0,16,0,0,2,0,0,0,0,"{""building"": 2, ""landuse"": 1, ""type"": 1}","{""highway"": 16, ""name"": 3, ""waterway"": 2, ""place"": 1, ""surface"": 1, ""natural"": 1}",{}
264,Davo1,17175805,1,52,Nigeria,26,20,0,5,1,0,0,0,0,0,0,0,5,1,0,0,0,0,0,0,0,0,0,0,"{""building"": 5}","{""building"": 1}",{}
265,LHADDIE,16980420,1,52,Uganda,42,0,0,10,0,0,0,0,0,0,0,0,10,0,0,0,0,0,0,0,0,0,0,0,"{""building"": 10, ""source"": 10}",{},{}
266,PrateekSGoyal,14191922,9,48,Libyan Arab Jamahiriya,38,1,0,8,1,0,0,0,0,0,0,0,8,1,0,0,0,0,0,0,0,0,0,0,"{""building"": 8}","{""building"": 1}",{}
267,Baovola,3138746,1,48,Libyan Arab Jamahiriya,42,0,0,6,0,0,0,0,0,0,0,0,6,0,0,0,0,0,0,0,0,0,0,0,"{""building"": 6}",{},{}
268,Jack Fell,11107120,1,47,Lesotho,42,0,0,3,2,0,0,0,0,0,0,0,0,0,0,0,0,0,0,0,0,0,0,0,"{""landuse"": 3}","{""landuse"": 2, ""name"": 2}",{}
269,Balaji Selvaraj,17869290,2,47,India,40,0,0,7,0,0,0,0,0,0,0,0,5,0,0,2,0,0,0,0,0,0,0,0,"{""building"": 5, ""name"": 4, ""highway"": 2, ""motor_vehicle"": 2}",{},{}
270,SurjeetDhillon,14191897,7,44,"India,El Salvador",35,0,0,7,2,0,0,0,0,0,0,0,4,0,0,0,1,0,0,0,0,0,0,0,"{""building"": 4, ""natural"": 2, ""water"": 2, ""name"": 1, ""landuse"": 1}","{""voltage"": 2, ""electrified"": 1, ""frequency"": 1, ""gauge"": 1, ""highway"": 1, ""passenger_lines"": 1, ""source"": 1, ""usage"": 1, ""cables"": 1, ""power"": 1}",{}
271,Prabin KC,16481719,1,42,Nepal,32,4,0,5,1,0,0,0,0,0,0,0,4,0,0,1,1,0,0,0,0,0,0,0,"{""building"": 4, ""highway"": 1}","{""highway"": 1}",{}
272,Maria Pilatti,18365023,2,41,India,33,0,0,8,0,0,0,0,0,0,0,0,8,0,0,0,0,0,0,0,0,0,0,0,"{""building"": 8}",{},{}
273,Esmèe,14317182,3,40,Libyan Arab Jamahiriya,32,0,0,8,0,0,0,0,0,0,0,0,8,0,0,0,0,0,0,0,0,0,0,0,"{""building"": 8}",{},{}
274,Lory H,18367600,1,40,South Sudan,38,0,0,2,0,0,0,0,0,0,0,0,2,0,0,0,0,0,0,0,0,0,0,0,"{""building"": 2}",{},{}
275,svoruganti,17868981,9,39,South Africa,30,0,0,9,0,0,0,0,0,0,0,0,9,0,0,0,0,0,0,0,0,0,0,0,"{""building"": 9}",{},{}
276,Meena Acharya,18079156,2,38,Kenya,32,0,0,6,0,0,0,0,0,0,0,0,6,0,0,0,0,0,0,0,0,0,0,0,"{""building"": 6}",{},{}
277,Pius Gabula,6288218,1,36,Uganda,20,12,0,4,0,0,0,0,0,0,0,0,4,0,0,0,0,0,0,0,0,0,0,0,"{""building"": 4}",{},{}
278,nibrande,5810664,6,35,Egypt,24,6,0,5,0,0,0,0,0,0,0,0,5,0,0,0,0,0,0,0,0,0,0,0,"{""building"": 5}",{},{}
279,DanielB100,18364553,6,33,Kenya,27,0,0,6,0,0,0,0,0,0,0,0,6,0,0,0,0,0,0,0,0,0,0,0,"{""building"": 6}",{},{}
280,Andrew Buckley,18365979,2,30,El Salvador,24,0,0,6,0,0,0,0,0,0,0,0,6,0,0,0,0,0,0,0,0,0,0,0,"{""building"": 6}",{},{}
281,Daniel Specht,2393795,2,30,Nepal,27,1,0,1,1,0,0,0,0,0,0,0,0,0,0,0,0,0,0,0,0,0,0,0,"{""landuse"": 1}","{""landuse"": 1}",{}
282,KSchierman,14018323,1,28,Egypt,24,0,0,4,0,0,0,0,0,0,0,0,4,0,0,0,0,0,0,0,0,0,0,0,"{""building"": 4}",{},{}
283,EVELYN NOMAYO,18365966,4,27,El Salvador,19,3,0,5,0,0,0,0,0,0,0,0,5,0,0,0,0,0,0,0,0,0,0,0,"{""building"": 5, ""layer"": 1}",{},{}
284,eddie11,5010433,1,25,Uganda,10,12,0,1,2,0,0,0,0,0,0,0,1,2,0,0,0,0,0,0,0,0,0,0,"{""building"": 1}","{""building"": 2}",{}
285,Kraja0107,14022943,1,21,Nigeria,16,0,0,4,1,0,0,0,0,0,0,0,4,0,0,0,1,0,0,0,0,0,0,0,"{""building"": 4}","{""highway"": 1, ""surface"": 1}",{}
286,ngumenawesamson,2623654,1,20,Uganda,0,20,0,0,0,0,0,0,0,0,0,0,0,0,0,0,0,0,0,0,0,0,0,0,{},{},{}
287,AleksanteriLumiaho,18363754,2,19,Egypt,16,0,0,3,0,0,0,0,0,0,0,0,3,0,0,0,0,0,0,0,0,0,0,0,"{""building"": 3}",{},{}
288,Anjelina Singh,14478218,1,18,Nigeria,16,0,0,2,0,0,0,0,0,0,0,0,2,0,0,0,0,0,0,0,0,0,0,0,"{""building"": 2}",{},{}
289,omarselim,10996782,1,17,Egypt,14,0,0,3,0,0,0,0,0,0,0,0,3,0,0,0,0,0,0,0,0,0,0,0,"{""building"": 3, ""source"": 3}",{},{}
290,Memedum,18365019,2,16,India,14,0,0,2,0,0,0,0,0,0,0,0,2,0,0,0,0,0,0,0,0,0,0,0,"{""building"": 2}",{},{}
291,GEOG281_Bonnville-Sexton_Kelly,18329457,1,15,Kenya,13,0,0,2,0,0,0,0,0,2,0,0,2,0,0,0,0,0,0,0,0,2,0,0,"{""name"": 4, ""amenity"": 2, ""building"": 2, ""shop"": 1}",{},{}
292,Katie Glencross,18366009,1,15,Lesotho,8,2,0,2,3,0,0,0,0,0,0,0,2,0,0,0,2,0,0,0,0,0,0,0,"{""building"": 2}","{""highway"": 2, ""landuse"": 1}",{}
293,OliverDyson19,13657541,3,15,Niger,12,0,0,3,0,0,0,0,0,0,0,0,3,0,0,0,0,0,0,0,0,0,0,0,"{""building"": 3}",{},{}
294,PlayzinhoAgro,10460642,1,13,Brazil,1,6,0,0,6,0,0,0,0,0,0,0,0,5,0,0,0,0,0,0,0,0,0,0,{},"{""building"": 5, ""building:levels"": 5, ""height"": 5, ""addr:city"": 3, ""addr:housenumber"": 3, ""addr:postcode"": 3, ""addr:street"": 3, ""addr:suburb"": 3, ""pmfsefin:idedif"": 2, ""industrial"": 1, ""landuse"": 1, ""name"": 1}",{}
295,mstrovarelli,11223608,2,12,India,10,0,0,2,0,0,0,0,0,0,0,0,2,0,0,0,0,0,0,0,0,0,0,0,"{""building"": 2}",{},{}
296,asidxd,18364898,2,11,Egypt,9,0,0,2,0,0,0,0,0,0,0,0,2,0,0,0,0,0,0,0,0,0,0,0,"{""building"": 2}",{},{}
297,Sreekanth Kalluru,18267999,2,11,"South Africa,Libyan Arab Jamahiriya",8,0,0,2,1,0,0,0,0,0,0,0,2,1,0,0,0,0,0,0,0,0,0,0,"{""building"": 2}","{""building"": 1}",{}
298,JCrozz44,18366032,1,11,Indonesia,9,0,0,2,0,0,0,0,0,0,0,0,2,0,0,0,0,0,0,0,0,0,0,0,"{""building"": 2}",{},{}
299,madhsais,13992905,1,10,El Salvador,8,0,0,2,0,0,0,0,0,0,0,0,2,0,0,0,0,0,0,0,0,0,0,0,"{""building"": 2}",{},{}
300,AKOUETE,4274094,2,10,Mauritania,8,0,0,2,0,0,0,0,0,0,0,0,2,0,0,0,0,0,0,0,0,0,0,0,"{""building"": 2}",{},{}
301,gnoorsye,13993129,1,10,El Salvador,8,0,0,2,0,0,0,0,0,0,0,0,2,0,0,0,0,0,0,0,0,0,0,0,"{""building"": 2}",{},{}
302,Awelewa,18361991,1,10,Nigeria,8,0,0,2,0,0,0,0,0,0,0,0,2,0,0,0,0,0,0,0,0,0,0,0,"{""building"": 2}",{},{}
303,Thomas Pontzeele,14448995,1,9,India,7,0,0,2,0,0,0,0,0,0,0,0,2,0,0,0,0,0,0,0,0,0,0,0,"{""building"": 2}",{},{}
304,Cathy Cribbin,18365958,1,8,El Salvador,6,0,0,2,0,0,0,0,0,0,0,0,2,0,0,0,0,0,0,0,0,0,0,0,"{""building"": 2}",{},{}
305,Mia selimovic,18365603,1,7,Nigeria,0,7,0,0,0,0,0,0,0,0,0,0,0,0,0,0,0,0,0,0,0,0,0,0,{},{},{}
306,jakemcgowan,16617877,1,7,South Africa,6,0,0,1,0,0,0,0,0,0,0,0,1,0,0,0,0,0,0,0,0,0,0,0,"{""building"": 1}",{},{}
307,ciara mcginn,18366003,1,5,El Salvador,4,0,0,1,0,0,0,0,0,0,0,0,1,0,0,0,0,0,0,0,0,0,0,0,"{""building"": 1}",{},{}
308,Jay Patel Harrogate,18366693,1,5,Democratic Republic of the Congo,4,0,0,1,0,0,0,0,0,0,0,0,1,0,0,0,0,0,0,0,0,0,0,0,"{""building"": 1}",{},{}
309,Finley cox,13266339,1,5,Nigeria,3,0,0,1,1,0,0,0,0,0,0,0,0,0,0,1,1,0,0,0,0,0,0,0,"{""highway"": 1}","{""highway"": 1}",{}
310,KiranMitra,12259357,1,5,South Africa,4,0,0,1,0,0,0,0,0,0,0,0,1,0,0,0,0,0,0,0,0,0,0,0,"{""building"": 1}",{},{}
311,TejiriMaaro,18364269,1,4,Nigeria,0,4,0,0,0,0,0,0,0,0,0,0,0,0,0,0,0,0,0,0,0,0,0,0,{},{},{}
312,Naaktemolrat,7020527,1,3,Democratic Republic of the Congo,0,2,0,0,1,0,0,0,0,0,0,0,0,0,0,0,1,0,0,0,0,0,0,0,{},"{""highway"": 1}",{}
313,rickmansworth,11870569,1,1,Malawi,0,0,0,0,1,0,0,0,0,0,0,0,0,0,0,0,1,0,0,0,0,0,0,0,{},"{""highway"": 1}",{}
